
         /\      Grafana   /‾‾/  
    /\  /  \     |\  __   /  /   
   /  \/    \    | |/ /  /   ‾‾\ 
  /          \   |   (  |  (‾)  |
 / __________ \  |_|\_\  \_____/ 


     execution: local
        script: k6/scenarios/peak-restaurant-view.js
        output: -

     scenarios: (100.00%) 1 scenario, 300 max VUs, 13m30s max duration (incl. graceful stop):
              * peak_restaurant_view: Up to 320.00 iterations/s for 13m0s over 5 stages (maxVUs: 50-300, gracefulStop: 30s)


running (00m01.0s), 001/050 VUs, 9 complete and 0 interrupted iterations
peak_restaurant_view   [   0% ] 001/050 VUs  00m00.5s/13m0s  020.00 iters/s

running (00m02.0s), 001/050 VUs, 29 complete and 0 interrupted iterations
peak_restaurant_view   [   0% ] 001/050 VUs  00m01.5s/13m0s  020.00 iters/s

running (00m03.0s), 001/050 VUs, 49 complete and 0 interrupted iterations
peak_restaurant_view   [   0% ] 001/050 VUs  00m02.5s/13m0s  020.00 iters/s

running (00m04.0s), 001/050 VUs, 69 complete and 0 interrupted iterations
peak_restaurant_view   [   0% ] 001/050 VUs  00m03.5s/13m0s  020.00 iters/s

running (00m05.0s), 001/050 VUs, 89 complete and 0 interrupted iterations
peak_restaurant_view   [   1% ] 001/050 VUs  00m04.5s/13m0s  020.00 iters/s

running (00m06.0s), 001/050 VUs, 109 complete and 0 interrupted iterations
peak_restaurant_view   [   1% ] 001/050 VUs  00m05.5s/13m0s  020.00 iters/s

running (00m07.0s), 001/050 VUs, 129 complete and 0 interrupted iterations
peak_restaurant_view   [   1% ] 001/050 VUs  00m06.5s/13m0s  020.00 iters/s

running (00m08.0s), 001/050 VUs, 149 complete and 0 interrupted iterations
peak_restaurant_view   [   1% ] 001/050 VUs  00m07.5s/13m0s  020.00 iters/s

running (00m09.0s), 001/050 VUs, 169 complete and 0 interrupted iterations
peak_restaurant_view   [   1% ] 001/050 VUs  00m08.5s/13m0s  020.00 iters/s

running (00m10.0s), 001/050 VUs, 189 complete and 0 interrupted iterations
peak_restaurant_view   [   1% ] 001/050 VUs  00m09.5s/13m0s  020.00 iters/s

running (00m11.0s), 001/050 VUs, 209 complete and 0 interrupted iterations
peak_restaurant_view   [   1% ] 001/050 VUs  00m10.5s/13m0s  020.00 iters/s

running (00m12.0s), 001/050 VUs, 229 complete and 0 interrupted iterations
peak_restaurant_view   [   1% ] 001/050 VUs  00m11.5s/13m0s  020.00 iters/s

running (00m13.0s), 001/050 VUs, 249 complete and 0 interrupted iterations
peak_restaurant_view   [   2% ] 001/050 VUs  00m12.5s/13m0s  020.00 iters/s

running (00m14.0s), 001/050 VUs, 269 complete and 0 interrupted iterations
peak_restaurant_view   [   2% ] 001/050 VUs  00m13.5s/13m0s  020.00 iters/s

running (00m15.0s), 001/050 VUs, 289 complete and 0 interrupted iterations
peak_restaurant_view   [   2% ] 001/050 VUs  00m14.5s/13m0s  020.00 iters/s

running (00m16.0s), 001/050 VUs, 309 complete and 0 interrupted iterations
peak_restaurant_view   [   2% ] 001/050 VUs  00m15.5s/13m0s  020.00 iters/s

running (00m17.0s), 001/050 VUs, 329 complete and 0 interrupted iterations
peak_restaurant_view   [   2% ] 001/050 VUs  00m16.5s/13m0s  020.00 iters/s

running (00m18.0s), 001/050 VUs, 349 complete and 0 interrupted iterations
peak_restaurant_view   [   2% ] 001/050 VUs  00m17.5s/13m0s  020.00 iters/s

running (00m19.0s), 001/050 VUs, 369 complete and 0 interrupted iterations
peak_restaurant_view   [   2% ] 001/050 VUs  00m18.5s/13m0s  020.00 iters/s

running (00m20.0s), 001/050 VUs, 389 complete and 0 interrupted iterations
peak_restaurant_view   [   3% ] 001/050 VUs  00m19.5s/13m0s  020.00 iters/s

running (00m21.0s), 001/050 VUs, 409 complete and 0 interrupted iterations
peak_restaurant_view   [   3% ] 001/050 VUs  00m20.5s/13m0s  020.00 iters/s

running (00m22.0s), 001/050 VUs, 429 complete and 0 interrupted iterations
peak_restaurant_view   [   3% ] 001/050 VUs  00m21.5s/13m0s  020.00 iters/s

running (00m23.0s), 001/050 VUs, 449 complete and 0 interrupted iterations
peak_restaurant_view   [   3% ] 001/050 VUs  00m22.5s/13m0s  020.00 iters/s

running (00m24.0s), 001/050 VUs, 469 complete and 0 interrupted iterations
peak_restaurant_view   [   3% ] 001/050 VUs  00m23.5s/13m0s  020.00 iters/s

running (00m25.0s), 001/050 VUs, 489 complete and 0 interrupted iterations
peak_restaurant_view   [   3% ] 001/050 VUs  00m24.5s/13m0s  020.00 iters/s

running (00m26.0s), 001/050 VUs, 509 complete and 0 interrupted iterations
peak_restaurant_view   [   3% ] 001/050 VUs  00m25.5s/13m0s  020.00 iters/s

running (00m27.0s), 001/050 VUs, 529 complete and 0 interrupted iterations
peak_restaurant_view   [   3% ] 001/050 VUs  00m26.5s/13m0s  020.00 iters/s

running (00m28.0s), 001/050 VUs, 549 complete and 0 interrupted iterations
peak_restaurant_view   [   4% ] 001/050 VUs  00m27.5s/13m0s  020.00 iters/s

running (00m29.0s), 001/050 VUs, 569 complete and 0 interrupted iterations
peak_restaurant_view   [   4% ] 001/050 VUs  00m28.5s/13m0s  020.00 iters/s

running (00m30.0s), 001/050 VUs, 589 complete and 0 interrupted iterations
peak_restaurant_view   [   4% ] 001/050 VUs  00m29.5s/13m0s  020.00 iters/s

running (00m31.0s), 001/050 VUs, 609 complete and 0 interrupted iterations
peak_restaurant_view   [   4% ] 001/050 VUs  00m30.5s/13m0s  020.00 iters/s

running (00m32.0s), 001/050 VUs, 629 complete and 0 interrupted iterations
peak_restaurant_view   [   4% ] 001/050 VUs  00m31.5s/13m0s  020.00 iters/s

running (00m33.0s), 001/050 VUs, 649 complete and 0 interrupted iterations
peak_restaurant_view   [   4% ] 001/050 VUs  00m32.5s/13m0s  020.00 iters/s

running (00m34.0s), 001/050 VUs, 669 complete and 0 interrupted iterations
peak_restaurant_view   [   4% ] 001/050 VUs  00m33.5s/13m0s  020.00 iters/s

running (00m35.0s), 001/050 VUs, 689 complete and 0 interrupted iterations
peak_restaurant_view   [   4% ] 001/050 VUs  00m34.5s/13m0s  020.00 iters/s

running (00m36.0s), 002/050 VUs, 708 complete and 0 interrupted iterations
peak_restaurant_view   [   5% ] 002/050 VUs  00m35.5s/13m0s  020.00 iters/s

running (00m37.0s), 001/050 VUs, 729 complete and 0 interrupted iterations
peak_restaurant_view   [   5% ] 001/050 VUs  00m36.5s/13m0s  020.00 iters/s

running (00m38.0s), 001/050 VUs, 749 complete and 0 interrupted iterations
peak_restaurant_view   [   5% ] 001/050 VUs  00m37.5s/13m0s  020.00 iters/s

running (00m39.0s), 001/050 VUs, 769 complete and 0 interrupted iterations
peak_restaurant_view   [   5% ] 001/050 VUs  00m38.5s/13m0s  020.00 iters/s

running (00m40.0s), 001/050 VUs, 789 complete and 0 interrupted iterations
peak_restaurant_view   [   5% ] 001/050 VUs  00m39.5s/13m0s  020.00 iters/s

running (00m41.0s), 001/050 VUs, 809 complete and 0 interrupted iterations
peak_restaurant_view   [   5% ] 001/050 VUs  00m40.5s/13m0s  020.00 iters/s

running (00m42.0s), 001/050 VUs, 829 complete and 0 interrupted iterations
peak_restaurant_view   [   5% ] 001/050 VUs  00m41.5s/13m0s  020.00 iters/s

running (00m43.0s), 001/050 VUs, 849 complete and 0 interrupted iterations
peak_restaurant_view   [   5% ] 001/050 VUs  00m42.5s/13m0s  020.00 iters/s

running (00m44.0s), 002/050 VUs, 868 complete and 0 interrupted iterations
peak_restaurant_view   [   6% ] 002/050 VUs  00m43.5s/13m0s  020.00 iters/s

running (00m45.0s), 001/050 VUs, 889 complete and 0 interrupted iterations
peak_restaurant_view   [   6% ] 001/050 VUs  00m44.5s/13m0s  020.00 iters/s

running (00m46.0s), 001/050 VUs, 909 complete and 0 interrupted iterations
peak_restaurant_view   [   6% ] 001/050 VUs  00m45.5s/13m0s  020.00 iters/s

running (00m47.0s), 001/050 VUs, 929 complete and 0 interrupted iterations
peak_restaurant_view   [   6% ] 001/050 VUs  00m46.5s/13m0s  020.00 iters/s

running (00m48.0s), 001/050 VUs, 949 complete and 0 interrupted iterations
peak_restaurant_view   [   6% ] 001/050 VUs  00m47.5s/13m0s  020.00 iters/s

running (00m49.0s), 001/050 VUs, 969 complete and 0 interrupted iterations
peak_restaurant_view   [   6% ] 001/050 VUs  00m48.5s/13m0s  020.00 iters/s

running (00m50.0s), 001/050 VUs, 989 complete and 0 interrupted iterations
peak_restaurant_view   [   6% ] 001/050 VUs  00m49.5s/13m0s  020.00 iters/s

running (00m51.0s), 002/050 VUs, 1008 complete and 0 interrupted iterations
peak_restaurant_view   [   6% ] 002/050 VUs  00m50.5s/13m0s  020.00 iters/s

running (00m52.0s), 001/050 VUs, 1029 complete and 0 interrupted iterations
peak_restaurant_view   [   7% ] 001/050 VUs  00m51.5s/13m0s  020.00 iters/s

running (00m53.0s), 001/050 VUs, 1049 complete and 0 interrupted iterations
peak_restaurant_view   [   7% ] 001/050 VUs  00m52.5s/13m0s  020.00 iters/s

running (00m54.0s), 001/050 VUs, 1069 complete and 0 interrupted iterations
peak_restaurant_view   [   7% ] 001/050 VUs  00m53.5s/13m0s  020.00 iters/s

running (00m55.0s), 001/050 VUs, 1089 complete and 0 interrupted iterations
peak_restaurant_view   [   7% ] 001/050 VUs  00m54.5s/13m0s  020.00 iters/s

running (00m56.0s), 001/050 VUs, 1109 complete and 0 interrupted iterations
peak_restaurant_view   [   7% ] 001/050 VUs  00m55.5s/13m0s  020.00 iters/s

running (00m57.0s), 001/050 VUs, 1129 complete and 0 interrupted iterations
peak_restaurant_view   [   7% ] 001/050 VUs  00m56.5s/13m0s  020.00 iters/s

running (00m58.0s), 001/050 VUs, 1149 complete and 0 interrupted iterations
peak_restaurant_view   [   7% ] 001/050 VUs  00m57.5s/13m0s  020.00 iters/s

running (00m59.0s), 001/050 VUs, 1169 complete and 0 interrupted iterations
peak_restaurant_view   [   8% ] 001/050 VUs  00m58.5s/13m0s  020.00 iters/s

running (01m00.0s), 001/050 VUs, 1189 complete and 0 interrupted iterations
peak_restaurant_view   [   8% ] 001/050 VUs  00m59.5s/13m0s  020.00 iters/s

running (01m01.0s), 001/050 VUs, 1209 complete and 0 interrupted iterations
peak_restaurant_view   [   8% ] 001/050 VUs  01m00.5s/13m0s  020.06 iters/s

running (01m02.0s), 001/050 VUs, 1229 complete and 0 interrupted iterations
peak_restaurant_view   [   8% ] 001/050 VUs  01m01.5s/13m0s  020.17 iters/s

running (01m03.0s), 001/050 VUs, 1249 complete and 0 interrupted iterations
peak_restaurant_view   [   8% ] 001/050 VUs  01m02.5s/13m0s  020.28 iters/s

running (01m04.0s), 001/050 VUs, 1270 complete and 0 interrupted iterations
peak_restaurant_view   [   8% ] 001/050 VUs  01m03.5s/13m0s  020.39 iters/s

running (01m05.0s), 001/050 VUs, 1290 complete and 0 interrupted iterations
peak_restaurant_view   [   8% ] 001/050 VUs  01m04.5s/13m0s  020.50 iters/s

running (01m06.0s), 001/050 VUs, 1311 complete and 0 interrupted iterations
peak_restaurant_view   [   8% ] 001/050 VUs  01m05.5s/13m0s  020.62 iters/s

running (01m07.0s), 000/050 VUs, 1332 complete and 0 interrupted iterations
peak_restaurant_view   [   9% ] 000/050 VUs  01m06.5s/13m0s  020.72 iters/s

running (01m08.0s), 001/050 VUs, 1352 complete and 0 interrupted iterations
peak_restaurant_view   [   9% ] 001/050 VUs  01m07.5s/13m0s  020.84 iters/s

running (01m09.0s), 001/050 VUs, 1373 complete and 0 interrupted iterations
peak_restaurant_view   [   9% ] 001/050 VUs  01m08.5s/13m0s  020.95 iters/s

running (01m10.0s), 001/050 VUs, 1394 complete and 0 interrupted iterations
peak_restaurant_view   [   9% ] 001/050 VUs  01m09.5s/13m0s  021.06 iters/s

running (01m11.0s), 001/050 VUs, 1415 complete and 0 interrupted iterations
peak_restaurant_view   [   9% ] 001/050 VUs  01m10.5s/13m0s  021.17 iters/s

running (01m12.0s), 001/050 VUs, 1436 complete and 0 interrupted iterations
peak_restaurant_view   [   9% ] 001/050 VUs  01m11.5s/13m0s  021.28 iters/s

running (01m13.0s), 001/050 VUs, 1458 complete and 0 interrupted iterations
peak_restaurant_view   [   9% ] 001/050 VUs  01m12.5s/13m0s  021.39 iters/s

running (01m14.0s), 001/050 VUs, 1479 complete and 0 interrupted iterations
peak_restaurant_view   [   9% ] 001/050 VUs  01m13.5s/13m0s  021.50 iters/s

running (01m15.0s), 001/050 VUs, 1501 complete and 0 interrupted iterations
peak_restaurant_view   [  10% ] 001/050 VUs  01m14.5s/13m0s  021.62 iters/s

running (01m16.0s), 000/050 VUs, 1523 complete and 0 interrupted iterations
peak_restaurant_view   [  10% ] 000/050 VUs  01m15.5s/13m0s  021.72 iters/s

running (01m17.0s), 001/050 VUs, 1544 complete and 0 interrupted iterations
peak_restaurant_view   [  10% ] 001/050 VUs  01m16.5s/13m0s  021.84 iters/s

running (01m18.0s), 001/050 VUs, 1566 complete and 0 interrupted iterations
peak_restaurant_view   [  10% ] 001/050 VUs  01m17.5s/13m0s  021.95 iters/s

running (01m19.0s), 001/050 VUs, 1588 complete and 0 interrupted iterations
peak_restaurant_view   [  10% ] 001/050 VUs  01m18.5s/13m0s  022.06 iters/s

running (01m20.0s), 001/050 VUs, 1610 complete and 0 interrupted iterations
peak_restaurant_view   [  10% ] 001/050 VUs  01m19.5s/13m0s  022.17 iters/s

running (01m21.0s), 000/050 VUs, 1633 complete and 0 interrupted iterations
peak_restaurant_view   [  10% ] 000/050 VUs  01m20.5s/13m0s  022.28 iters/s

running (01m22.0s), 001/050 VUs, 1655 complete and 0 interrupted iterations
peak_restaurant_view   [  10% ] 001/050 VUs  01m21.5s/13m0s  022.39 iters/s

running (01m23.0s), 001/050 VUs, 1677 complete and 0 interrupted iterations
peak_restaurant_view   [  11% ] 001/050 VUs  01m22.5s/13m0s  022.50 iters/s

running (01m24.0s), 001/050 VUs, 1700 complete and 0 interrupted iterations
peak_restaurant_view   [  11% ] 001/050 VUs  01m23.5s/13m0s  022.62 iters/s

running (01m25.0s), 001/050 VUs, 1722 complete and 0 interrupted iterations
peak_restaurant_view   [  11% ] 001/050 VUs  01m24.5s/13m0s  022.72 iters/s

running (01m26.0s), 001/050 VUs, 1745 complete and 0 interrupted iterations
peak_restaurant_view   [  11% ] 001/050 VUs  01m25.5s/13m0s  022.84 iters/s

running (01m27.0s), 001/050 VUs, 1768 complete and 0 interrupted iterations
peak_restaurant_view   [  11% ] 001/050 VUs  01m26.5s/13m0s  022.95 iters/s

running (01m28.0s), 001/050 VUs, 1791 complete and 0 interrupted iterations
peak_restaurant_view   [  11% ] 001/050 VUs  01m27.5s/13m0s  023.06 iters/s

running (01m29.0s), 001/050 VUs, 1814 complete and 0 interrupted iterations
peak_restaurant_view   [  11% ] 001/050 VUs  01m28.5s/13m0s  023.17 iters/s

running (01m30.0s), 001/050 VUs, 1837 complete and 0 interrupted iterations
peak_restaurant_view   [  11% ] 001/050 VUs  01m29.5s/13m0s  023.28 iters/s

running (01m31.0s), 001/050 VUs, 1861 complete and 0 interrupted iterations
peak_restaurant_view   [  12% ] 001/050 VUs  01m30.5s/13m0s  023.39 iters/s

running (01m32.0s), 001/050 VUs, 1884 complete and 0 interrupted iterations
peak_restaurant_view   [  12% ] 001/050 VUs  01m31.5s/13m0s  023.50 iters/s

running (01m33.0s), 001/050 VUs, 1908 complete and 0 interrupted iterations
peak_restaurant_view   [  12% ] 001/050 VUs  01m32.5s/13m0s  023.61 iters/s

running (01m34.0s), 001/050 VUs, 1931 complete and 0 interrupted iterations
peak_restaurant_view   [  12% ] 001/050 VUs  01m33.5s/13m0s  023.72 iters/s

running (01m35.0s), 001/050 VUs, 1955 complete and 0 interrupted iterations
peak_restaurant_view   [  12% ] 001/050 VUs  01m34.5s/13m0s  023.84 iters/s

running (01m36.0s), 001/050 VUs, 1979 complete and 0 interrupted iterations
peak_restaurant_view   [  12% ] 001/050 VUs  01m35.5s/13m0s  023.95 iters/s

running (01m37.0s), 001/050 VUs, 2003 complete and 0 interrupted iterations
peak_restaurant_view   [  12% ] 001/050 VUs  01m36.5s/13m0s  024.06 iters/s

running (01m38.0s), 001/050 VUs, 2027 complete and 0 interrupted iterations
peak_restaurant_view   [  13% ] 001/050 VUs  01m37.5s/13m0s  024.17 iters/s

running (01m39.0s), 000/050 VUs, 2052 complete and 0 interrupted iterations
peak_restaurant_view   [  13% ] 000/050 VUs  01m38.5s/13m0s  024.28 iters/s

running (01m40.0s), 001/050 VUs, 2076 complete and 0 interrupted iterations
peak_restaurant_view   [  13% ] 001/050 VUs  01m39.5s/13m0s  024.39 iters/s

running (01m41.0s), 001/050 VUs, 2100 complete and 0 interrupted iterations
peak_restaurant_view   [  13% ] 001/050 VUs  01m40.5s/13m0s  024.50 iters/s

running (01m42.0s), 001/050 VUs, 2125 complete and 0 interrupted iterations
peak_restaurant_view   [  13% ] 001/050 VUs  01m41.5s/13m0s  024.61 iters/s

running (01m43.0s), 001/050 VUs, 2149 complete and 0 interrupted iterations
peak_restaurant_view   [  13% ] 001/050 VUs  01m42.5s/13m0s  024.72 iters/s

running (01m44.0s), 001/050 VUs, 2174 complete and 0 interrupted iterations
peak_restaurant_view   [  13% ] 001/050 VUs  01m43.5s/13m0s  024.84 iters/s

running (01m45.0s), 001/050 VUs, 2199 complete and 0 interrupted iterations
peak_restaurant_view   [  13% ] 001/050 VUs  01m44.5s/13m0s  024.95 iters/s

running (01m46.0s), 001/050 VUs, 2224 complete and 0 interrupted iterations
peak_restaurant_view   [  14% ] 001/050 VUs  01m45.5s/13m0s  025.06 iters/s

running (01m47.0s), 001/050 VUs, 2249 complete and 0 interrupted iterations
peak_restaurant_view   [  14% ] 001/050 VUs  01m46.5s/13m0s  025.17 iters/s

running (01m48.0s), 001/050 VUs, 2274 complete and 0 interrupted iterations
peak_restaurant_view   [  14% ] 001/050 VUs  01m47.5s/13m0s  025.28 iters/s

running (01m49.0s), 001/050 VUs, 2300 complete and 0 interrupted iterations
peak_restaurant_view   [  14% ] 001/050 VUs  01m48.5s/13m0s  025.39 iters/s

running (01m50.0s), 001/050 VUs, 2325 complete and 0 interrupted iterations
peak_restaurant_view   [  14% ] 001/050 VUs  01m49.5s/13m0s  025.50 iters/s

running (01m51.0s), 003/050 VUs, 2349 complete and 0 interrupted iterations
peak_restaurant_view   [  14% ] 003/050 VUs  01m50.5s/13m0s  025.61 iters/s

running (01m52.0s), 001/050 VUs, 2376 complete and 0 interrupted iterations
peak_restaurant_view   [  14% ] 001/050 VUs  01m51.5s/13m0s  025.72 iters/s

running (01m53.0s), 001/050 VUs, 2402 complete and 0 interrupted iterations
peak_restaurant_view   [  14% ] 001/050 VUs  01m52.5s/13m0s  025.83 iters/s

running (01m54.0s), 001/050 VUs, 2428 complete and 0 interrupted iterations
peak_restaurant_view   [  15% ] 001/050 VUs  01m53.5s/13m0s  025.95 iters/s

running (01m55.0s), 001/050 VUs, 2454 complete and 0 interrupted iterations
peak_restaurant_view   [  15% ] 001/050 VUs  01m54.5s/13m0s  026.06 iters/s

running (01m56.0s), 001/050 VUs, 2480 complete and 0 interrupted iterations
peak_restaurant_view   [  15% ] 001/050 VUs  01m55.5s/13m0s  026.17 iters/s

running (01m57.0s), 001/050 VUs, 2506 complete and 0 interrupted iterations
peak_restaurant_view   [  15% ] 001/050 VUs  01m56.5s/13m0s  026.28 iters/s

running (01m58.0s), 001/050 VUs, 2533 complete and 0 interrupted iterations
peak_restaurant_view   [  15% ] 001/050 VUs  01m57.5s/13m0s  026.39 iters/s

running (01m59.0s), 001/050 VUs, 2559 complete and 0 interrupted iterations
peak_restaurant_view   [  15% ] 001/050 VUs  01m58.5s/13m0s  026.50 iters/s

running (02m00.0s), 001/050 VUs, 2586 complete and 0 interrupted iterations
peak_restaurant_view   [  15% ] 001/050 VUs  01m59.5s/13m0s  026.61 iters/s

running (02m01.0s), 000/050 VUs, 2613 complete and 0 interrupted iterations
peak_restaurant_view   [  15% ] 000/050 VUs  02m00.5s/13m0s  026.72 iters/s

running (02m02.0s), 001/050 VUs, 2639 complete and 0 interrupted iterations
peak_restaurant_view   [  16% ] 001/050 VUs  02m01.5s/13m0s  026.83 iters/s

running (02m03.0s), 001/050 VUs, 2666 complete and 0 interrupted iterations
peak_restaurant_view   [  16% ] 001/050 VUs  02m02.5s/13m0s  026.95 iters/s

running (02m04.0s), 001/050 VUs, 2693 complete and 0 interrupted iterations
peak_restaurant_view   [  16% ] 001/050 VUs  02m03.5s/13m0s  027.06 iters/s

running (02m05.0s), 001/050 VUs, 2720 complete and 0 interrupted iterations
peak_restaurant_view   [  16% ] 001/050 VUs  02m04.5s/13m0s  027.17 iters/s

running (02m06.0s), 001/050 VUs, 2747 complete and 0 interrupted iterations
peak_restaurant_view   [  16% ] 001/050 VUs  02m05.5s/13m0s  027.28 iters/s

running (02m07.0s), 001/050 VUs, 2775 complete and 0 interrupted iterations
peak_restaurant_view   [  16% ] 001/050 VUs  02m06.5s/13m0s  027.39 iters/s

running (02m08.0s), 001/050 VUs, 2802 complete and 0 interrupted iterations
peak_restaurant_view   [  16% ] 001/050 VUs  02m07.5s/13m0s  027.50 iters/s

running (02m09.0s), 001/050 VUs, 2830 complete and 0 interrupted iterations
peak_restaurant_view   [  16% ] 001/050 VUs  02m08.5s/13m0s  027.61 iters/s

running (02m10.0s), 001/050 VUs, 2857 complete and 0 interrupted iterations
peak_restaurant_view   [  17% ] 001/050 VUs  02m09.5s/13m0s  027.72 iters/s

running (02m11.0s), 001/050 VUs, 2885 complete and 0 interrupted iterations
peak_restaurant_view   [  17% ] 001/050 VUs  02m10.5s/13m0s  027.83 iters/s

running (02m12.0s), 001/050 VUs, 2913 complete and 0 interrupted iterations
peak_restaurant_view   [  17% ] 001/050 VUs  02m11.5s/13m0s  027.95 iters/s

running (02m13.0s), 001/050 VUs, 2941 complete and 0 interrupted iterations
peak_restaurant_view   [  17% ] 001/050 VUs  02m12.5s/13m0s  028.06 iters/s

running (02m14.0s), 001/050 VUs, 2969 complete and 0 interrupted iterations
peak_restaurant_view   [  17% ] 001/050 VUs  02m13.5s/13m0s  028.17 iters/s

running (02m15.0s), 001/050 VUs, 2997 complete and 0 interrupted iterations
peak_restaurant_view   [  17% ] 001/050 VUs  02m14.5s/13m0s  028.28 iters/s

running (02m16.0s), 001/050 VUs, 3026 complete and 0 interrupted iterations
peak_restaurant_view   [  17% ] 001/050 VUs  02m15.5s/13m0s  028.39 iters/s

running (02m17.0s), 001/050 VUs, 3054 complete and 0 interrupted iterations
peak_restaurant_view   [  18% ] 001/050 VUs  02m16.5s/13m0s  028.50 iters/s

running (02m18.0s), 001/050 VUs, 3083 complete and 0 interrupted iterations
peak_restaurant_view   [  18% ] 001/050 VUs  02m17.5s/13m0s  028.61 iters/s

running (02m19.0s), 001/050 VUs, 3111 complete and 0 interrupted iterations
peak_restaurant_view   [  18% ] 001/050 VUs  02m18.5s/13m0s  028.72 iters/s

running (02m20.0s), 001/050 VUs, 3140 complete and 0 interrupted iterations
peak_restaurant_view   [  18% ] 001/050 VUs  02m19.5s/13m0s  028.83 iters/s

running (02m21.0s), 001/050 VUs, 3169 complete and 0 interrupted iterations
peak_restaurant_view   [  18% ] 001/050 VUs  02m20.5s/13m0s  028.95 iters/s

running (02m22.0s), 001/050 VUs, 3198 complete and 0 interrupted iterations
peak_restaurant_view   [  18% ] 001/050 VUs  02m21.5s/13m0s  029.06 iters/s

running (02m23.0s), 001/050 VUs, 3227 complete and 0 interrupted iterations
peak_restaurant_view   [  18% ] 001/050 VUs  02m22.5s/13m0s  029.17 iters/s

running (02m24.0s), 001/050 VUs, 3256 complete and 0 interrupted iterations
peak_restaurant_view   [  18% ] 001/050 VUs  02m23.5s/13m0s  029.28 iters/s

running (02m25.0s), 001/050 VUs, 3286 complete and 0 interrupted iterations
peak_restaurant_view   [  19% ] 001/050 VUs  02m24.5s/13m0s  029.39 iters/s

running (02m26.0s), 001/050 VUs, 3315 complete and 0 interrupted iterations
peak_restaurant_view   [  19% ] 001/050 VUs  02m25.5s/13m0s  029.50 iters/s

running (02m27.0s), 001/050 VUs, 3345 complete and 0 interrupted iterations
peak_restaurant_view   [  19% ] 001/050 VUs  02m26.5s/13m0s  029.61 iters/s

running (02m28.0s), 001/050 VUs, 3374 complete and 0 interrupted iterations
peak_restaurant_view   [  19% ] 001/050 VUs  02m27.5s/13m0s  029.72 iters/s

running (02m29.0s), 001/050 VUs, 3404 complete and 0 interrupted iterations
peak_restaurant_view   [  19% ] 001/050 VUs  02m28.5s/13m0s  029.83 iters/s

running (02m30.0s), 001/050 VUs, 3434 complete and 0 interrupted iterations
peak_restaurant_view   [  19% ] 001/050 VUs  02m29.5s/13m0s  029.95 iters/s

running (02m31.0s), 001/050 VUs, 3464 complete and 0 interrupted iterations
peak_restaurant_view   [  19% ] 001/050 VUs  02m30.5s/13m0s  030.06 iters/s

running (02m32.0s), 001/050 VUs, 3494 complete and 0 interrupted iterations
peak_restaurant_view   [  19% ] 001/050 VUs  02m31.5s/13m0s  030.17 iters/s

running (02m33.0s), 001/050 VUs, 3524 complete and 0 interrupted iterations
peak_restaurant_view   [  20% ] 001/050 VUs  02m32.5s/13m0s  030.28 iters/s

running (02m34.0s), 001/050 VUs, 3555 complete and 0 interrupted iterations
peak_restaurant_view   [  20% ] 001/050 VUs  02m33.5s/13m0s  030.39 iters/s

running (02m35.0s), 002/050 VUs, 3584 complete and 0 interrupted iterations
peak_restaurant_view   [  20% ] 002/050 VUs  02m34.5s/13m0s  030.50 iters/s

running (02m36.0s), 001/050 VUs, 3616 complete and 0 interrupted iterations
peak_restaurant_view   [  20% ] 001/050 VUs  02m35.5s/13m0s  030.61 iters/s

running (02m37.0s), 001/050 VUs, 3646 complete and 0 interrupted iterations
peak_restaurant_view   [  20% ] 001/050 VUs  02m36.5s/13m0s  030.72 iters/s

running (02m38.0s), 001/050 VUs, 3677 complete and 0 interrupted iterations
peak_restaurant_view   [  20% ] 001/050 VUs  02m37.5s/13m0s  030.83 iters/s

running (02m39.0s), 001/050 VUs, 3708 complete and 0 interrupted iterations
peak_restaurant_view   [  20% ] 001/050 VUs  02m38.5s/13m0s  030.95 iters/s

running (02m40.0s), 001/050 VUs, 3739 complete and 0 interrupted iterations
peak_restaurant_view   [  20% ] 001/050 VUs  02m39.5s/13m0s  031.06 iters/s

running (02m41.0s), 001/050 VUs, 3770 complete and 0 interrupted iterations
peak_restaurant_view   [  21% ] 001/050 VUs  02m40.5s/13m0s  031.17 iters/s

running (02m42.0s), 001/050 VUs, 3801 complete and 0 interrupted iterations
peak_restaurant_view   [  21% ] 001/050 VUs  02m41.5s/13m0s  031.28 iters/s

running (02m43.0s), 001/050 VUs, 3833 complete and 0 interrupted iterations
peak_restaurant_view   [  21% ] 001/050 VUs  02m42.5s/13m0s  031.39 iters/s

running (02m44.0s), 001/050 VUs, 3864 complete and 0 interrupted iterations
peak_restaurant_view   [  21% ] 001/050 VUs  02m43.5s/13m0s  031.50 iters/s

running (02m45.0s), 001/050 VUs, 3896 complete and 0 interrupted iterations
peak_restaurant_view   [  21% ] 001/050 VUs  02m44.5s/13m0s  031.61 iters/s

running (02m46.0s), 001/050 VUs, 3927 complete and 0 interrupted iterations
peak_restaurant_view   [  21% ] 001/050 VUs  02m45.5s/13m0s  031.72 iters/s

running (02m47.0s), 001/050 VUs, 3959 complete and 0 interrupted iterations
peak_restaurant_view   [  21% ] 001/050 VUs  02m46.5s/13m0s  031.83 iters/s

running (02m48.0s), 001/050 VUs, 3991 complete and 0 interrupted iterations
peak_restaurant_view   [  21% ] 001/050 VUs  02m47.5s/13m0s  031.95 iters/s

running (02m49.0s), 001/050 VUs, 4023 complete and 0 interrupted iterations
peak_restaurant_view   [  22% ] 001/050 VUs  02m48.5s/13m0s  032.06 iters/s

running (02m50.0s), 001/050 VUs, 4055 complete and 0 interrupted iterations
peak_restaurant_view   [  22% ] 001/050 VUs  02m49.5s/13m0s  032.17 iters/s

running (02m51.0s), 002/050 VUs, 4086 complete and 0 interrupted iterations
peak_restaurant_view   [  22% ] 002/050 VUs  02m50.5s/13m0s  032.28 iters/s

running (02m52.0s), 003/050 VUs, 4118 complete and 0 interrupted iterations
peak_restaurant_view   [  22% ] 003/050 VUs  02m51.5s/13m0s  032.39 iters/s

running (02m53.0s), 001/050 VUs, 4152 complete and 0 interrupted iterations
peak_restaurant_view   [  22% ] 001/050 VUs  02m52.5s/13m0s  032.50 iters/s

running (02m54.0s), 001/050 VUs, 4185 complete and 0 interrupted iterations
peak_restaurant_view   [  22% ] 001/050 VUs  02m53.5s/13m0s  032.61 iters/s

running (02m55.0s), 000/050 VUs, 4218 complete and 0 interrupted iterations
peak_restaurant_view   [  22% ] 000/050 VUs  02m54.5s/13m0s  032.72 iters/s

running (02m56.0s), 001/050 VUs, 4250 complete and 0 interrupted iterations
peak_restaurant_view   [  23% ] 001/050 VUs  02m55.5s/13m0s  032.83 iters/s

running (02m57.0s), 001/050 VUs, 4283 complete and 0 interrupted iterations
peak_restaurant_view   [  23% ] 001/050 VUs  02m56.5s/13m0s  032.95 iters/s

running (02m58.0s), 001/050 VUs, 4316 complete and 0 interrupted iterations
peak_restaurant_view   [  23% ] 001/050 VUs  02m57.5s/13m0s  033.06 iters/s

running (02m59.0s), 001/050 VUs, 4349 complete and 0 interrupted iterations
peak_restaurant_view   [  23% ] 001/050 VUs  02m58.5s/13m0s  033.17 iters/s

running (03m00.0s), 001/050 VUs, 4382 complete and 0 interrupted iterations
peak_restaurant_view   [  23% ] 001/050 VUs  02m59.5s/13m0s  033.28 iters/s

running (03m01.0s), 001/050 VUs, 4416 complete and 0 interrupted iterations
peak_restaurant_view   [  23% ] 001/050 VUs  03m00.5s/13m0s  033.39 iters/s

running (03m02.0s), 001/050 VUs, 4449 complete and 0 interrupted iterations
peak_restaurant_view   [  23% ] 001/050 VUs  03m01.5s/13m0s  033.50 iters/s

running (03m03.0s), 001/050 VUs, 4483 complete and 0 interrupted iterations
peak_restaurant_view   [  23% ] 001/050 VUs  03m02.5s/13m0s  033.61 iters/s

running (03m04.0s), 001/050 VUs, 4516 complete and 0 interrupted iterations
peak_restaurant_view   [  24% ] 001/050 VUs  03m03.5s/13m0s  033.72 iters/s

running (03m05.0s), 001/050 VUs, 4550 complete and 0 interrupted iterations
peak_restaurant_view   [  24% ] 001/050 VUs  03m04.5s/13m0s  033.83 iters/s

running (03m06.0s), 001/050 VUs, 4584 complete and 0 interrupted iterations
peak_restaurant_view   [  24% ] 001/050 VUs  03m05.5s/13m0s  033.95 iters/s

running (03m07.0s), 001/050 VUs, 4618 complete and 0 interrupted iterations
peak_restaurant_view   [  24% ] 001/050 VUs  03m06.5s/13m0s  034.06 iters/s

running (03m08.0s), 001/050 VUs, 4652 complete and 0 interrupted iterations
peak_restaurant_view   [  24% ] 001/050 VUs  03m07.5s/13m0s  034.17 iters/s

running (03m09.0s), 000/050 VUs, 4687 complete and 0 interrupted iterations
peak_restaurant_view   [  24% ] 000/050 VUs  03m08.5s/13m0s  034.28 iters/s

running (03m10.0s), 001/050 VUs, 4721 complete and 0 interrupted iterations
peak_restaurant_view   [  24% ] 001/050 VUs  03m09.5s/13m0s  034.39 iters/s

running (03m11.0s), 001/050 VUs, 4755 complete and 0 interrupted iterations
peak_restaurant_view   [  24% ] 001/050 VUs  03m10.5s/13m0s  034.50 iters/s

running (03m12.0s), 001/050 VUs, 4790 complete and 0 interrupted iterations
peak_restaurant_view   [  25% ] 001/050 VUs  03m11.5s/13m0s  034.61 iters/s

running (03m13.0s), 001/050 VUs, 4824 complete and 0 interrupted iterations
peak_restaurant_view   [  25% ] 001/050 VUs  03m12.5s/13m0s  034.72 iters/s

running (03m14.0s), 001/050 VUs, 4859 complete and 0 interrupted iterations
peak_restaurant_view   [  25% ] 001/050 VUs  03m13.5s/13m0s  034.83 iters/s

running (03m15.0s), 001/050 VUs, 4894 complete and 0 interrupted iterations
peak_restaurant_view   [  25% ] 001/050 VUs  03m14.5s/13m0s  034.95 iters/s

running (03m16.0s), 002/050 VUs, 4928 complete and 0 interrupted iterations
peak_restaurant_view   [  25% ] 002/050 VUs  03m15.5s/13m0s  035.06 iters/s

running (03m17.0s), 001/050 VUs, 4964 complete and 0 interrupted iterations
peak_restaurant_view   [  25% ] 001/050 VUs  03m16.5s/13m0s  035.17 iters/s

running (03m18.0s), 001/050 VUs, 4999 complete and 0 interrupted iterations
peak_restaurant_view   [  25% ] 001/050 VUs  03m17.5s/13m0s  035.28 iters/s

running (03m19.0s), 001/050 VUs, 5035 complete and 0 interrupted iterations
peak_restaurant_view   [  25% ] 001/050 VUs  03m18.5s/13m0s  035.39 iters/s

running (03m20.0s), 001/050 VUs, 5070 complete and 0 interrupted iterations
peak_restaurant_view   [  26% ] 001/050 VUs  03m19.5s/13m0s  035.50 iters/s

running (03m21.0s), 002/050 VUs, 5105 complete and 0 interrupted iterations
peak_restaurant_view   [  26% ] 002/050 VUs  03m20.5s/13m0s  035.61 iters/s

running (03m22.0s), 001/050 VUs, 5141 complete and 0 interrupted iterations
peak_restaurant_view   [  26% ] 001/050 VUs  03m21.5s/13m0s  035.72 iters/s

running (03m23.0s), 002/050 VUs, 5176 complete and 0 interrupted iterations
peak_restaurant_view   [  26% ] 002/050 VUs  03m22.5s/13m0s  035.83 iters/s

running (03m24.0s), 001/050 VUs, 5213 complete and 0 interrupted iterations
peak_restaurant_view   [  26% ] 001/050 VUs  03m23.5s/13m0s  035.95 iters/s

running (03m25.0s), 001/050 VUs, 5249 complete and 0 interrupted iterations
peak_restaurant_view   [  26% ] 001/050 VUs  03m24.5s/13m0s  036.06 iters/s

running (03m26.0s), 001/050 VUs, 5285 complete and 0 interrupted iterations
peak_restaurant_view   [  26% ] 001/050 VUs  03m25.5s/13m0s  036.17 iters/s

running (03m27.0s), 001/050 VUs, 5321 complete and 0 interrupted iterations
peak_restaurant_view   [  26% ] 001/050 VUs  03m26.5s/13m0s  036.28 iters/s

running (03m28.0s), 001/050 VUs, 5358 complete and 0 interrupted iterations
peak_restaurant_view   [  27% ] 001/050 VUs  03m27.5s/13m0s  036.39 iters/s

running (03m29.0s), 001/050 VUs, 5394 complete and 0 interrupted iterations
peak_restaurant_view   [  27% ] 001/050 VUs  03m28.5s/13m0s  036.50 iters/s

running (03m30.0s), 001/050 VUs, 5431 complete and 0 interrupted iterations
peak_restaurant_view   [  27% ] 001/050 VUs  03m29.5s/13m0s  036.61 iters/s

running (03m31.0s), 002/050 VUs, 5467 complete and 0 interrupted iterations
peak_restaurant_view   [  27% ] 002/050 VUs  03m30.5s/13m0s  036.73 iters/s

running (03m32.0s), 001/050 VUs, 5504 complete and 0 interrupted iterations
peak_restaurant_view   [  27% ] 001/050 VUs  03m31.5s/13m0s  036.83 iters/s

running (03m33.0s), 001/050 VUs, 5541 complete and 0 interrupted iterations
peak_restaurant_view   [  27% ] 001/050 VUs  03m32.5s/13m0s  036.95 iters/s

running (03m34.0s), 001/050 VUs, 5578 complete and 0 interrupted iterations
peak_restaurant_view   [  27% ] 001/050 VUs  03m33.5s/13m0s  037.06 iters/s

running (03m35.0s), 001/050 VUs, 5615 complete and 0 interrupted iterations
peak_restaurant_view   [  28% ] 001/050 VUs  03m34.5s/13m0s  037.17 iters/s

running (03m36.0s), 002/050 VUs, 5652 complete and 0 interrupted iterations
peak_restaurant_view   [  28% ] 002/050 VUs  03m35.5s/13m0s  037.28 iters/s

running (03m37.0s), 001/050 VUs, 5690 complete and 0 interrupted iterations
peak_restaurant_view   [  28% ] 001/050 VUs  03m36.5s/13m0s  037.39 iters/s

running (03m38.0s), 001/050 VUs, 5727 complete and 0 interrupted iterations
peak_restaurant_view   [  28% ] 001/050 VUs  03m37.5s/13m0s  037.50 iters/s

running (03m39.0s), 002/050 VUs, 5764 complete and 0 interrupted iterations
peak_restaurant_view   [  28% ] 002/050 VUs  03m38.5s/13m0s  037.61 iters/s

running (03m40.0s), 001/050 VUs, 5802 complete and 0 interrupted iterations
peak_restaurant_view   [  28% ] 001/050 VUs  03m39.5s/13m0s  037.72 iters/s

running (03m41.0s), 001/050 VUs, 5840 complete and 0 interrupted iterations
peak_restaurant_view   [  28% ] 001/050 VUs  03m40.5s/13m0s  037.83 iters/s

running (03m42.0s), 001/050 VUs, 5878 complete and 0 interrupted iterations
peak_restaurant_view   [  28% ] 001/050 VUs  03m41.5s/13m0s  037.95 iters/s

running (03m43.0s), 001/050 VUs, 5916 complete and 0 interrupted iterations
peak_restaurant_view   [  29% ] 001/050 VUs  03m42.5s/13m0s  038.06 iters/s

running (03m44.0s), 001/050 VUs, 5954 complete and 0 interrupted iterations
peak_restaurant_view   [  29% ] 001/050 VUs  03m43.5s/13m0s  038.17 iters/s

running (03m45.0s), 001/050 VUs, 5992 complete and 0 interrupted iterations
peak_restaurant_view   [  29% ] 001/050 VUs  03m44.5s/13m0s  038.28 iters/s

running (03m46.0s), 001/050 VUs, 6031 complete and 0 interrupted iterations
peak_restaurant_view   [  29% ] 001/050 VUs  03m45.5s/13m0s  038.39 iters/s

running (03m47.0s), 001/050 VUs, 6069 complete and 0 interrupted iterations
peak_restaurant_view   [  29% ] 001/050 VUs  03m46.5s/13m0s  038.50 iters/s

running (03m48.0s), 001/050 VUs, 6108 complete and 0 interrupted iterations
peak_restaurant_view   [  29% ] 001/050 VUs  03m47.5s/13m0s  038.61 iters/s

running (03m49.0s), 002/050 VUs, 6146 complete and 0 interrupted iterations
peak_restaurant_view   [  29% ] 002/050 VUs  03m48.5s/13m0s  038.73 iters/s

running (03m50.0s), 001/050 VUs, 6185 complete and 0 interrupted iterations
peak_restaurant_view   [  29% ] 001/050 VUs  03m49.5s/13m0s  038.83 iters/s

running (03m51.0s), 007/050 VUs, 6218 complete and 0 interrupted iterations
peak_restaurant_view   [  30% ] 007/050 VUs  03m50.5s/13m0s  038.95 iters/s

running (03m52.0s), 012/050 VUs, 6252 complete and 0 interrupted iterations
peak_restaurant_view   [  30% ] 012/050 VUs  03m51.5s/13m0s  039.06 iters/s

running (03m53.0s), 001/050 VUs, 6302 complete and 0 interrupted iterations
peak_restaurant_view   [  30% ] 001/050 VUs  03m52.5s/13m0s  039.17 iters/s

running (03m54.0s), 002/050 VUs, 6341 complete and 0 interrupted iterations
peak_restaurant_view   [  30% ] 002/050 VUs  03m53.5s/13m0s  039.28 iters/s

running (03m55.0s), 001/050 VUs, 6381 complete and 0 interrupted iterations
peak_restaurant_view   [  30% ] 001/050 VUs  03m54.5s/13m0s  039.39 iters/s

running (03m56.0s), 001/050 VUs, 6420 complete and 0 interrupted iterations
peak_restaurant_view   [  30% ] 001/050 VUs  03m55.5s/13m0s  039.50 iters/s

running (03m57.0s), 001/050 VUs, 6460 complete and 0 interrupted iterations
peak_restaurant_view   [  30% ] 001/050 VUs  03m56.5s/13m0s  039.61 iters/s

running (03m58.0s), 002/050 VUs, 6499 complete and 0 interrupted iterations
peak_restaurant_view   [  30% ] 002/050 VUs  03m57.5s/13m0s  039.73 iters/s

running (03m59.0s), 001/050 VUs, 6539 complete and 0 interrupted iterations
peak_restaurant_view   [  31% ] 001/050 VUs  03m58.5s/13m0s  039.83 iters/s

running (04m00.0s), 001/050 VUs, 6579 complete and 0 interrupted iterations
peak_restaurant_view   [  31% ] 001/050 VUs  03m59.5s/13m0s  039.95 iters/s

running (04m01.0s), 001/050 VUs, 6619 complete and 0 interrupted iterations
peak_restaurant_view   [  31% ] 001/050 VUs  04m00.5s/13m0s  040.11 iters/s

running (04m02.0s), 001/050 VUs, 6659 complete and 0 interrupted iterations
peak_restaurant_view   [  31% ] 001/050 VUs  04m01.5s/13m0s  040.33 iters/s

running (04m03.0s), 001/050 VUs, 6700 complete and 0 interrupted iterations
peak_restaurant_view   [  31% ] 001/050 VUs  04m02.5s/13m0s  040.56 iters/s

running (04m04.0s), 002/050 VUs, 6740 complete and 0 interrupted iterations
peak_restaurant_view   [  31% ] 002/050 VUs  04m03.5s/13m0s  040.78 iters/s

running (04m05.0s), 001/050 VUs, 6781 complete and 0 interrupted iterations
peak_restaurant_view   [  31% ] 001/050 VUs  04m04.5s/13m0s  041.00 iters/s

running (04m06.0s), 002/050 VUs, 6822 complete and 0 interrupted iterations
peak_restaurant_view   [  31% ] 002/050 VUs  04m05.5s/13m0s  041.23 iters/s

running (04m07.0s), 001/050 VUs, 6864 complete and 0 interrupted iterations
peak_restaurant_view   [  32% ] 001/050 VUs  04m06.5s/13m0s  041.45 iters/s

running (04m08.0s), 001/050 VUs, 6905 complete and 0 interrupted iterations
peak_restaurant_view   [  32% ] 001/050 VUs  04m07.5s/13m0s  041.67 iters/s

running (04m09.0s), 001/050 VUs, 6947 complete and 0 interrupted iterations
peak_restaurant_view   [  32% ] 001/050 VUs  04m08.5s/13m0s  041.89 iters/s

running (04m10.0s), 001/050 VUs, 6989 complete and 0 interrupted iterations
peak_restaurant_view   [  32% ] 001/050 VUs  04m09.5s/13m0s  042.11 iters/s

running (04m11.0s), 004/050 VUs, 7029 complete and 0 interrupted iterations
peak_restaurant_view   [  32% ] 004/050 VUs  04m10.5s/13m0s  042.34 iters/s

running (04m12.0s), 001/050 VUs, 7074 complete and 0 interrupted iterations
peak_restaurant_view   [  32% ] 001/050 VUs  04m11.5s/13m0s  042.56 iters/s

running (04m13.0s), 002/050 VUs, 7116 complete and 0 interrupted iterations
peak_restaurant_view   [  32% ] 002/050 VUs  04m12.5s/13m0s  042.78 iters/s

running (04m14.0s), 001/050 VUs, 7159 complete and 0 interrupted iterations
peak_restaurant_view   [  33% ] 001/050 VUs  04m13.5s/13m0s  043.00 iters/s

running (04m15.0s), 002/050 VUs, 7202 complete and 0 interrupted iterations
peak_restaurant_view   [  33% ] 002/050 VUs  04m14.5s/13m0s  043.23 iters/s

running (04m16.0s), 001/050 VUs, 7246 complete and 0 interrupted iterations
peak_restaurant_view   [  33% ] 001/050 VUs  04m15.5s/13m0s  043.45 iters/s

running (04m17.0s), 002/050 VUs, 7289 complete and 0 interrupted iterations
peak_restaurant_view   [  33% ] 002/050 VUs  04m16.5s/13m0s  043.67 iters/s

running (04m18.0s), 002/050 VUs, 7332 complete and 0 interrupted iterations
peak_restaurant_view   [  33% ] 002/050 VUs  04m17.5s/13m0s  043.89 iters/s

running (04m19.0s), 001/050 VUs, 7377 complete and 0 interrupted iterations
peak_restaurant_view   [  33% ] 001/050 VUs  04m18.5s/13m0s  044.11 iters/s

running (04m20.0s), 002/050 VUs, 7421 complete and 0 interrupted iterations
peak_restaurant_view   [  33% ] 002/050 VUs  04m19.5s/13m0s  044.34 iters/s

running (04m21.0s), 001/050 VUs, 7466 complete and 0 interrupted iterations
peak_restaurant_view   [  33% ] 001/050 VUs  04m20.5s/13m0s  044.56 iters/s

running (04m22.0s), 002/050 VUs, 7510 complete and 0 interrupted iterations
peak_restaurant_view   [  34% ] 002/050 VUs  04m21.5s/13m0s  044.78 iters/s

running (04m23.0s), 002/050 VUs, 7555 complete and 0 interrupted iterations
peak_restaurant_view   [  34% ] 002/050 VUs  04m22.5s/13m0s  045.01 iters/s

running (04m24.0s), 002/050 VUs, 7600 complete and 0 interrupted iterations
peak_restaurant_view   [  34% ] 002/050 VUs  04m23.5s/13m0s  045.23 iters/s

running (04m25.0s), 001/050 VUs, 7646 complete and 0 interrupted iterations
peak_restaurant_view   [  34% ] 001/050 VUs  04m24.5s/13m0s  045.45 iters/s

running (04m26.0s), 002/050 VUs, 7691 complete and 0 interrupted iterations
peak_restaurant_view   [  34% ] 002/050 VUs  04m25.5s/13m0s  045.67 iters/s

running (04m27.0s), 001/050 VUs, 7737 complete and 0 interrupted iterations
peak_restaurant_view   [  34% ] 001/050 VUs  04m26.5s/13m0s  045.89 iters/s

running (04m28.0s), 001/050 VUs, 7783 complete and 0 interrupted iterations
peak_restaurant_view   [  34% ] 001/050 VUs  04m27.5s/13m0s  046.11 iters/s

running (04m29.0s), 002/050 VUs, 7829 complete and 0 interrupted iterations
peak_restaurant_view   [  34% ] 002/050 VUs  04m28.5s/13m0s  046.34 iters/s

running (04m30.0s), 001/050 VUs, 7876 complete and 0 interrupted iterations
peak_restaurant_view   [  35% ] 001/050 VUs  04m29.5s/13m0s  046.56 iters/s

running (04m31.0s), 002/050 VUs, 7922 complete and 0 interrupted iterations
peak_restaurant_view   [  35% ] 002/050 VUs  04m30.5s/13m0s  046.78 iters/s

running (04m32.0s), 002/050 VUs, 7969 complete and 0 interrupted iterations
peak_restaurant_view   [  35% ] 002/050 VUs  04m31.5s/13m0s  047.01 iters/s

running (04m33.0s), 002/050 VUs, 8016 complete and 0 interrupted iterations
peak_restaurant_view   [  35% ] 002/050 VUs  04m32.5s/13m0s  047.23 iters/s

running (04m34.0s), 001/050 VUs, 8064 complete and 0 interrupted iterations
peak_restaurant_view   [  35% ] 001/050 VUs  04m33.5s/13m0s  047.45 iters/s

running (04m35.0s), 002/050 VUs, 8111 complete and 0 interrupted iterations
peak_restaurant_view   [  35% ] 002/050 VUs  04m34.5s/13m0s  047.67 iters/s

running (04m36.0s), 001/050 VUs, 8159 complete and 0 interrupted iterations
peak_restaurant_view   [  35% ] 001/050 VUs  04m35.5s/13m0s  047.89 iters/s

running (04m37.0s), 001/050 VUs, 8207 complete and 0 interrupted iterations
peak_restaurant_view   [  35% ] 001/050 VUs  04m36.5s/13m0s  048.11 iters/s

running (04m38.0s), 002/050 VUs, 8255 complete and 0 interrupted iterations
peak_restaurant_view   [  36% ] 002/050 VUs  04m37.5s/13m0s  048.34 iters/s

running (04m39.0s), 002/050 VUs, 8303 complete and 0 interrupted iterations
peak_restaurant_view   [  36% ] 002/050 VUs  04m38.5s/13m0s  048.56 iters/s

running (04m40.0s), 002/050 VUs, 8352 complete and 0 interrupted iterations
peak_restaurant_view   [  36% ] 002/050 VUs  04m39.5s/13m0s  048.78 iters/s

running (04m41.0s), 003/050 VUs, 8400 complete and 0 interrupted iterations
peak_restaurant_view   [  36% ] 003/050 VUs  04m40.5s/13m0s  049.01 iters/s

running (04m42.0s), 002/050 VUs, 8450 complete and 0 interrupted iterations
peak_restaurant_view   [  36% ] 002/050 VUs  04m41.5s/13m0s  049.23 iters/s

running (04m43.0s), 001/050 VUs, 8500 complete and 0 interrupted iterations
peak_restaurant_view   [  36% ] 001/050 VUs  04m42.5s/13m0s  049.45 iters/s

running (04m44.0s), 002/050 VUs, 8549 complete and 0 interrupted iterations
peak_restaurant_view   [  36% ] 002/050 VUs  04m43.5s/13m0s  049.67 iters/s

running (04m45.0s), 002/050 VUs, 8598 complete and 0 interrupted iterations
peak_restaurant_view   [  36% ] 002/050 VUs  04m44.5s/13m0s  049.89 iters/s

running (04m46.0s), 001/050 VUs, 8649 complete and 0 interrupted iterations
peak_restaurant_view   [  37% ] 001/050 VUs  04m45.5s/13m0s  050.11 iters/s

running (04m47.0s), 002/050 VUs, 8699 complete and 0 interrupted iterations
peak_restaurant_view   [  37% ] 002/050 VUs  04m46.5s/13m0s  050.34 iters/s

running (04m48.0s), 001/050 VUs, 8750 complete and 0 interrupted iterations
peak_restaurant_view   [  37% ] 001/050 VUs  04m47.5s/13m0s  050.56 iters/s

running (04m49.0s), 002/050 VUs, 8800 complete and 0 interrupted iterations
peak_restaurant_view   [  37% ] 002/050 VUs  04m48.5s/13m0s  050.78 iters/s

running (04m50.0s), 002/050 VUs, 8851 complete and 0 interrupted iterations
peak_restaurant_view   [  37% ] 002/050 VUs  04m49.5s/13m0s  051.01 iters/s

running (04m51.0s), 004/050 VUs, 8900 complete and 0 interrupted iterations
peak_restaurant_view   [  37% ] 004/050 VUs  04m50.5s/13m0s  051.23 iters/s

running (04m52.0s), 009/050 VUs, 8946 complete and 0 interrupted iterations
peak_restaurant_view   [  37% ] 009/050 VUs  04m51.5s/13m0s  051.45 iters/s

running (04m53.0s), 002/050 VUs, 9005 complete and 0 interrupted iterations
peak_restaurant_view   [  38% ] 002/050 VUs  04m52.5s/13m0s  051.67 iters/s

running (04m54.0s), 001/050 VUs, 9057 complete and 0 interrupted iterations
peak_restaurant_view   [  38% ] 001/050 VUs  04m53.5s/13m0s  051.89 iters/s

running (04m55.0s), 001/050 VUs, 9109 complete and 0 interrupted iterations
peak_restaurant_view   [  38% ] 001/050 VUs  04m54.5s/13m0s  052.11 iters/s

running (04m56.0s), 002/050 VUs, 9161 complete and 0 interrupted iterations
peak_restaurant_view   [  38% ] 002/050 VUs  04m55.5s/13m0s  052.34 iters/s

running (04m57.0s), 001/050 VUs, 9214 complete and 0 interrupted iterations
peak_restaurant_view   [  38% ] 001/050 VUs  04m56.5s/13m0s  052.56 iters/s

running (04m58.0s), 002/050 VUs, 9266 complete and 0 interrupted iterations
peak_restaurant_view   [  38% ] 002/050 VUs  04m57.5s/13m0s  052.78 iters/s

running (04m59.0s), 002/050 VUs, 9319 complete and 0 interrupted iterations
peak_restaurant_view   [  38% ] 002/050 VUs  04m58.5s/13m0s  053.01 iters/s

running (05m00.0s), 002/050 VUs, 9372 complete and 0 interrupted iterations
peak_restaurant_view   [  38% ] 002/050 VUs  04m59.5s/13m0s  053.23 iters/s

running (05m01.0s), 003/050 VUs, 9424 complete and 0 interrupted iterations
peak_restaurant_view   [  39% ] 003/050 VUs  05m00.5s/13m0s  053.45 iters/s

running (05m02.0s), 002/050 VUs, 9479 complete and 0 interrupted iterations
peak_restaurant_view   [  39% ] 002/050 VUs  05m01.5s/13m0s  053.67 iters/s

running (05m03.0s), 001/050 VUs, 9533 complete and 0 interrupted iterations
peak_restaurant_view   [  39% ] 001/050 VUs  05m02.5s/13m0s  053.89 iters/s

running (05m04.0s), 002/050 VUs, 9587 complete and 0 interrupted iterations
peak_restaurant_view   [  39% ] 002/050 VUs  05m03.5s/13m0s  054.12 iters/s

running (05m05.0s), 002/050 VUs, 9641 complete and 0 interrupted iterations
peak_restaurant_view   [  39% ] 002/050 VUs  05m04.5s/13m0s  054.34 iters/s

running (05m06.0s), 002/050 VUs, 9695 complete and 0 interrupted iterations
peak_restaurant_view   [  39% ] 002/050 VUs  05m05.5s/13m0s  054.56 iters/s

running (05m07.0s), 003/050 VUs, 9749 complete and 0 interrupted iterations
peak_restaurant_view   [  39% ] 003/050 VUs  05m06.5s/13m0s  054.78 iters/s

running (05m08.0s), 002/050 VUs, 9805 complete and 0 interrupted iterations
peak_restaurant_view   [  39% ] 002/050 VUs  05m07.5s/13m0s  055.01 iters/s

running (05m09.0s), 002/050 VUs, 9860 complete and 0 interrupted iterations
peak_restaurant_view   [  40% ] 002/050 VUs  05m08.5s/13m0s  055.23 iters/s

running (05m10.0s), 001/050 VUs, 9916 complete and 0 interrupted iterations
peak_restaurant_view   [  40% ] 001/050 VUs  05m09.5s/13m0s  055.45 iters/s

running (05m11.0s), 002/050 VUs, 9971 complete and 0 interrupted iterations
peak_restaurant_view   [  40% ] 002/050 VUs  05m10.5s/13m0s  055.67 iters/s

running (05m12.0s), 001/050 VUs, 10027 complete and 0 interrupted iterations
peak_restaurant_view   [  40% ] 001/050 VUs  05m11.5s/13m0s  055.89 iters/s

running (05m13.0s), 003/050 VUs, 10082 complete and 0 interrupted iterations
peak_restaurant_view   [  40% ] 003/050 VUs  05m12.5s/13m0s  056.12 iters/s

running (05m14.0s), 002/050 VUs, 10139 complete and 0 interrupted iterations
peak_restaurant_view   [  40% ] 002/050 VUs  05m13.5s/13m0s  056.34 iters/s

running (05m15.0s), 002/050 VUs, 10195 complete and 0 interrupted iterations
peak_restaurant_view   [  40% ] 002/050 VUs  05m14.5s/13m0s  056.56 iters/s

running (05m16.0s), 002/050 VUs, 10252 complete and 0 interrupted iterations
peak_restaurant_view   [  40% ] 002/050 VUs  05m15.5s/13m0s  056.78 iters/s

running (05m17.0s), 002/050 VUs, 10309 complete and 0 interrupted iterations
peak_restaurant_view   [  41% ] 002/050 VUs  05m16.5s/13m0s  057.00 iters/s

running (05m18.0s), 002/050 VUs, 10366 complete and 0 interrupted iterations
peak_restaurant_view   [  41% ] 002/050 VUs  05m17.5s/13m0s  057.23 iters/s

running (05m19.0s), 001/050 VUs, 10424 complete and 0 interrupted iterations
peak_restaurant_view   [  41% ] 001/050 VUs  05m18.5s/13m0s  057.45 iters/s

running (05m20.0s), 002/050 VUs, 10481 complete and 0 interrupted iterations
peak_restaurant_view   [  41% ] 002/050 VUs  05m19.5s/13m0s  057.67 iters/s

running (05m21.0s), 003/050 VUs, 10538 complete and 0 interrupted iterations
peak_restaurant_view   [  41% ] 003/050 VUs  05m20.5s/13m0s  057.89 iters/s

running (05m22.0s), 002/050 VUs, 10597 complete and 0 interrupted iterations
peak_restaurant_view   [  41% ] 002/050 VUs  05m21.5s/13m0s  058.12 iters/s

running (05m23.0s), 002/050 VUs, 10655 complete and 0 interrupted iterations
peak_restaurant_view   [  41% ] 002/050 VUs  05m22.5s/13m0s  058.34 iters/s

running (05m24.0s), 002/050 VUs, 10713 complete and 0 interrupted iterations
peak_restaurant_view   [  41% ] 002/050 VUs  05m23.5s/13m0s  058.56 iters/s

running (05m25.0s), 002/050 VUs, 10772 complete and 0 interrupted iterations
peak_restaurant_view   [  42% ] 002/050 VUs  05m24.5s/13m0s  058.78 iters/s

running (05m26.0s), 002/050 VUs, 10831 complete and 0 interrupted iterations
peak_restaurant_view   [  42% ] 002/050 VUs  05m25.5s/13m0s  059.00 iters/s

running (05m27.0s), 002/050 VUs, 10890 complete and 0 interrupted iterations
peak_restaurant_view   [  42% ] 002/050 VUs  05m26.5s/13m0s  059.23 iters/s

running (05m28.0s), 002/050 VUs, 10949 complete and 0 interrupted iterations
peak_restaurant_view   [  42% ] 002/050 VUs  05m27.5s/13m0s  059.45 iters/s

running (05m29.0s), 003/050 VUs, 11008 complete and 0 interrupted iterations
peak_restaurant_view   [  42% ] 003/050 VUs  05m28.5s/13m0s  059.67 iters/s

running (05m30.0s), 002/050 VUs, 11069 complete and 0 interrupted iterations
peak_restaurant_view   [  42% ] 002/050 VUs  05m29.5s/13m0s  059.89 iters/s

running (05m31.0s), 002/050 VUs, 11129 complete and 0 interrupted iterations
peak_restaurant_view   [  42% ] 002/050 VUs  05m30.5s/13m0s  060.12 iters/s

running (05m32.0s), 002/050 VUs, 11189 complete and 0 interrupted iterations
peak_restaurant_view   [  43% ] 002/050 VUs  05m31.5s/13m0s  060.34 iters/s

running (05m33.0s), 001/050 VUs, 11250 complete and 0 interrupted iterations
peak_restaurant_view   [  43% ] 001/050 VUs  05m32.5s/13m0s  060.56 iters/s

running (05m34.0s), 002/050 VUs, 11310 complete and 0 interrupted iterations
peak_restaurant_view   [  43% ] 002/050 VUs  05m33.5s/13m0s  060.78 iters/s

running (05m35.0s), 003/050 VUs, 11370 complete and 0 interrupted iterations
peak_restaurant_view   [  43% ] 003/050 VUs  05m34.5s/13m0s  061.00 iters/s

running (05m36.0s), 002/050 VUs, 11432 complete and 0 interrupted iterations
peak_restaurant_view   [  43% ] 002/050 VUs  05m35.5s/13m0s  061.23 iters/s

running (05m37.0s), 001/050 VUs, 11494 complete and 0 interrupted iterations
peak_restaurant_view   [  43% ] 001/050 VUs  05m36.5s/13m0s  061.45 iters/s

running (05m38.0s), 004/050 VUs, 11553 complete and 0 interrupted iterations
peak_restaurant_view   [  43% ] 004/050 VUs  05m37.5s/13m0s  061.67 iters/s

running (05m39.0s), 003/050 VUs, 11616 complete and 0 interrupted iterations
peak_restaurant_view   [  43% ] 003/050 VUs  05m38.5s/13m0s  061.89 iters/s

running (05m40.0s), 002/050 VUs, 11679 complete and 0 interrupted iterations
peak_restaurant_view   [  44% ] 002/050 VUs  05m39.5s/13m0s  062.12 iters/s

running (05m41.0s), 002/050 VUs, 11741 complete and 0 interrupted iterations
peak_restaurant_view   [  44% ] 002/050 VUs  05m40.5s/13m0s  062.34 iters/s

running (05m42.0s), 002/050 VUs, 11803 complete and 0 interrupted iterations
peak_restaurant_view   [  44% ] 002/050 VUs  05m41.5s/13m0s  062.56 iters/s

running (05m43.0s), 003/050 VUs, 11865 complete and 0 interrupted iterations
peak_restaurant_view   [  44% ] 003/050 VUs  05m42.5s/13m0s  062.78 iters/s

running (05m44.0s), 002/050 VUs, 11929 complete and 0 interrupted iterations
peak_restaurant_view   [  44% ] 002/050 VUs  05m43.5s/13m0s  063.00 iters/s

running (05m45.0s), 002/050 VUs, 11992 complete and 0 interrupted iterations
peak_restaurant_view   [  44% ] 002/050 VUs  05m44.5s/13m0s  063.23 iters/s

running (05m46.0s), 002/050 VUs, 12055 complete and 0 interrupted iterations
peak_restaurant_view   [  44% ] 002/050 VUs  05m45.5s/13m0s  063.45 iters/s

running (05m47.0s), 002/050 VUs, 12119 complete and 0 interrupted iterations
peak_restaurant_view   [  44% ] 002/050 VUs  05m46.5s/13m0s  063.67 iters/s

running (05m48.0s), 002/050 VUs, 12183 complete and 0 interrupted iterations
peak_restaurant_view   [  45% ] 002/050 VUs  05m47.5s/13m0s  063.89 iters/s

running (05m49.0s), 003/050 VUs, 12246 complete and 0 interrupted iterations
peak_restaurant_view   [  45% ] 003/050 VUs  05m48.5s/13m0s  064.12 iters/s

running (05m50.0s), 002/050 VUs, 12311 complete and 0 interrupted iterations
peak_restaurant_view   [  45% ] 002/050 VUs  05m49.5s/13m0s  064.34 iters/s

running (05m51.0s), 028/050 VUs, 12349 complete and 0 interrupted iterations
peak_restaurant_view   [  45% ] 028/050 VUs  05m50.5s/13m0s  064.56 iters/s

running (05m52.0s), 058/063 VUs, 12371 complete and 0 interrupted iterations
peak_restaurant_view   [  45% ] 058/063 VUs  05m51.5s/13m0s  064.78 iters/s

running (05m53.0s), 003/063 VUs, 12491 complete and 0 interrupted iterations
peak_restaurant_view   [  45% ] 003/063 VUs  05m52.5s/13m0s  065.00 iters/s

running (05m54.0s), 002/063 VUs, 12557 complete and 0 interrupted iterations
peak_restaurant_view   [  45% ] 002/063 VUs  05m53.5s/13m0s  065.23 iters/s

running (05m55.0s), 001/063 VUs, 12623 complete and 0 interrupted iterations
peak_restaurant_view   [  45% ] 001/063 VUs  05m54.5s/13m0s  065.45 iters/s

running (05m56.0s), 002/063 VUs, 12688 complete and 0 interrupted iterations
peak_restaurant_view   [  46% ] 002/063 VUs  05m55.5s/13m0s  065.67 iters/s

running (05m57.0s), 005/063 VUs, 12751 complete and 0 interrupted iterations
peak_restaurant_view   [  46% ] 005/063 VUs  05m56.5s/13m0s  065.89 iters/s

running (05m58.0s), 002/063 VUs, 12820 complete and 0 interrupted iterations
peak_restaurant_view   [  46% ] 002/063 VUs  05m57.5s/13m0s  066.12 iters/s

running (05m59.0s), 002/063 VUs, 12886 complete and 0 interrupted iterations
peak_restaurant_view   [  46% ] 002/063 VUs  05m58.5s/13m0s  066.34 iters/s

running (06m00.0s), 002/063 VUs, 12952 complete and 0 interrupted iterations
peak_restaurant_view   [  46% ] 002/063 VUs  05m59.5s/13m0s  066.56 iters/s

running (06m01.0s), 002/063 VUs, 13019 complete and 0 interrupted iterations
peak_restaurant_view   [  46% ] 002/063 VUs  06m00.5s/13m0s  066.78 iters/s

running (06m02.0s), 002/063 VUs, 13086 complete and 0 interrupted iterations
peak_restaurant_view   [  46% ] 002/063 VUs  06m01.5s/13m0s  067.00 iters/s

running (06m03.0s), 002/063 VUs, 13153 complete and 0 interrupted iterations
peak_restaurant_view   [  46% ] 002/063 VUs  06m02.5s/13m0s  067.23 iters/s

running (06m04.0s), 001/063 VUs, 13221 complete and 0 interrupted iterations
peak_restaurant_view   [  47% ] 001/063 VUs  06m03.5s/13m0s  067.45 iters/s

running (06m05.0s), 002/063 VUs, 13288 complete and 0 interrupted iterations
peak_restaurant_view   [  47% ] 002/063 VUs  06m04.5s/13m0s  067.67 iters/s

running (06m06.0s), 002/063 VUs, 13356 complete and 0 interrupted iterations
peak_restaurant_view   [  47% ] 002/063 VUs  06m05.5s/13m0s  067.89 iters/s

running (06m07.0s), 002/063 VUs, 13424 complete and 0 interrupted iterations
peak_restaurant_view   [  47% ] 002/063 VUs  06m06.5s/13m0s  068.12 iters/s

running (06m08.0s), 002/063 VUs, 13492 complete and 0 interrupted iterations
peak_restaurant_view   [  47% ] 002/063 VUs  06m07.5s/13m0s  068.34 iters/s

running (06m09.0s), 001/063 VUs, 13561 complete and 0 interrupted iterations
peak_restaurant_view   [  47% ] 001/063 VUs  06m08.5s/13m0s  068.56 iters/s

running (06m10.0s), 002/063 VUs, 13629 complete and 0 interrupted iterations
peak_restaurant_view   [  47% ] 002/063 VUs  06m09.5s/13m0s  068.78 iters/s

running (06m11.0s), 002/063 VUs, 13698 complete and 0 interrupted iterations
peak_restaurant_view   [  48% ] 002/063 VUs  06m10.5s/13m0s  069.00 iters/s

running (06m12.0s), 002/063 VUs, 13767 complete and 0 interrupted iterations
peak_restaurant_view   [  48% ] 002/063 VUs  06m11.5s/13m0s  069.23 iters/s

running (06m13.0s), 002/063 VUs, 13836 complete and 0 interrupted iterations
peak_restaurant_view   [  48% ] 002/063 VUs  06m12.5s/13m0s  069.45 iters/s

running (06m14.0s), 002/063 VUs, 13906 complete and 0 interrupted iterations
peak_restaurant_view   [  48% ] 002/063 VUs  06m13.5s/13m0s  069.67 iters/s

running (06m15.0s), 002/063 VUs, 13976 complete and 0 interrupted iterations
peak_restaurant_view   [  48% ] 002/063 VUs  06m14.5s/13m0s  069.89 iters/s

running (06m16.0s), 002/063 VUs, 14046 complete and 0 interrupted iterations
peak_restaurant_view   [  48% ] 002/063 VUs  06m15.5s/13m0s  070.12 iters/s

running (06m17.0s), 002/063 VUs, 14116 complete and 0 interrupted iterations
peak_restaurant_view   [  48% ] 002/063 VUs  06m16.5s/13m0s  070.34 iters/s

running (06m18.0s), 002/063 VUs, 14186 complete and 0 interrupted iterations
peak_restaurant_view   [  48% ] 002/063 VUs  06m17.5s/13m0s  070.56 iters/s

running (06m19.0s), 002/063 VUs, 14257 complete and 0 interrupted iterations
peak_restaurant_view   [  49% ] 002/063 VUs  06m18.5s/13m0s  070.78 iters/s

running (06m20.0s), 002/063 VUs, 14328 complete and 0 interrupted iterations
peak_restaurant_view   [  49% ] 002/063 VUs  06m19.5s/13m0s  071.00 iters/s

running (06m21.0s), 002/063 VUs, 14399 complete and 0 interrupted iterations
peak_restaurant_view   [  49% ] 002/063 VUs  06m20.5s/13m0s  071.23 iters/s

running (06m22.0s), 001/063 VUs, 14471 complete and 0 interrupted iterations
peak_restaurant_view   [  49% ] 001/063 VUs  06m21.5s/13m0s  071.45 iters/s

running (06m23.0s), 002/063 VUs, 14542 complete and 0 interrupted iterations
peak_restaurant_view   [  49% ] 002/063 VUs  06m22.5s/13m0s  071.67 iters/s

running (06m24.0s), 002/063 VUs, 14614 complete and 0 interrupted iterations
peak_restaurant_view   [  49% ] 002/063 VUs  06m23.5s/13m0s  071.89 iters/s

running (06m25.0s), 002/063 VUs, 14686 complete and 0 interrupted iterations
peak_restaurant_view   [  49% ] 002/063 VUs  06m24.5s/13m0s  072.12 iters/s

running (06m26.0s), 003/063 VUs, 14757 complete and 0 interrupted iterations
peak_restaurant_view   [  49% ] 003/063 VUs  06m25.5s/13m0s  072.34 iters/s

running (06m27.0s), 002/063 VUs, 14830 complete and 0 interrupted iterations
peak_restaurant_view   [  50% ] 002/063 VUs  06m26.5s/13m0s  072.56 iters/s

running (06m28.0s), 003/063 VUs, 14902 complete and 0 interrupted iterations
peak_restaurant_view   [  50% ] 003/063 VUs  06m27.5s/13m0s  072.78 iters/s

running (06m29.0s), 002/063 VUs, 14976 complete and 0 interrupted iterations
peak_restaurant_view   [  50% ] 002/063 VUs  06m28.5s/13m0s  073.00 iters/s

running (06m30.0s), 002/063 VUs, 15049 complete and 0 interrupted iterations
peak_restaurant_view   [  50% ] 002/063 VUs  06m29.5s/13m0s  073.23 iters/s

running (06m31.0s), 002/063 VUs, 15122 complete and 0 interrupted iterations
peak_restaurant_view   [  50% ] 002/063 VUs  06m30.5s/13m0s  073.45 iters/s

running (06m32.0s), 002/063 VUs, 15196 complete and 0 interrupted iterations
peak_restaurant_view   [  50% ] 002/063 VUs  06m31.5s/13m0s  073.67 iters/s

running (06m33.0s), 002/063 VUs, 15270 complete and 0 interrupted iterations
peak_restaurant_view   [  50% ] 002/063 VUs  06m32.5s/13m0s  073.89 iters/s

running (06m34.0s), 002/063 VUs, 15344 complete and 0 interrupted iterations
peak_restaurant_view   [  50% ] 002/063 VUs  06m33.5s/13m0s  074.12 iters/s

running (06m35.0s), 002/063 VUs, 15418 complete and 0 interrupted iterations
peak_restaurant_view   [  51% ] 002/063 VUs  06m34.5s/13m0s  074.34 iters/s

running (06m36.0s), 002/063 VUs, 15492 complete and 0 interrupted iterations
peak_restaurant_view   [  51% ] 002/063 VUs  06m35.5s/13m0s  074.56 iters/s

running (06m37.0s), 002/063 VUs, 15567 complete and 0 interrupted iterations
peak_restaurant_view   [  51% ] 002/063 VUs  06m36.5s/13m0s  074.78 iters/s

running (06m38.0s), 003/063 VUs, 15641 complete and 0 interrupted iterations
peak_restaurant_view   [  51% ] 003/063 VUs  06m37.5s/13m0s  075.00 iters/s

running (06m39.0s), 002/063 VUs, 15717 complete and 0 interrupted iterations
peak_restaurant_view   [  51% ] 002/063 VUs  06m38.5s/13m0s  075.23 iters/s

running (06m40.0s), 003/063 VUs, 15792 complete and 0 interrupted iterations
peak_restaurant_view   [  51% ] 003/063 VUs  06m39.5s/13m0s  075.45 iters/s

running (06m41.0s), 002/063 VUs, 15868 complete and 0 interrupted iterations
peak_restaurant_view   [  51% ] 002/063 VUs  06m40.5s/13m0s  075.67 iters/s

running (06m42.0s), 002/063 VUs, 15944 complete and 0 interrupted iterations
peak_restaurant_view   [  51% ] 002/063 VUs  06m41.5s/13m0s  075.89 iters/s

running (06m43.0s), 002/063 VUs, 16020 complete and 0 interrupted iterations
peak_restaurant_view   [  52% ] 002/063 VUs  06m42.5s/13m0s  076.12 iters/s

running (06m44.0s), 002/063 VUs, 16096 complete and 0 interrupted iterations
peak_restaurant_view   [  52% ] 002/063 VUs  06m43.5s/13m0s  076.34 iters/s

running (06m45.0s), 002/063 VUs, 16173 complete and 0 interrupted iterations
peak_restaurant_view   [  52% ] 002/063 VUs  06m44.5s/13m0s  076.56 iters/s

running (06m46.0s), 002/063 VUs, 16249 complete and 0 interrupted iterations
peak_restaurant_view   [  52% ] 002/063 VUs  06m45.5s/13m0s  076.78 iters/s

running (06m47.0s), 002/063 VUs, 16326 complete and 0 interrupted iterations
peak_restaurant_view   [  52% ] 002/063 VUs  06m46.5s/13m0s  077.00 iters/s

running (06m48.0s), 002/063 VUs, 16403 complete and 0 interrupted iterations
peak_restaurant_view   [  52% ] 002/063 VUs  06m47.5s/13m0s  077.23 iters/s

running (06m49.0s), 003/063 VUs, 16480 complete and 0 interrupted iterations
peak_restaurant_view   [  52% ] 003/063 VUs  06m48.5s/13m0s  077.45 iters/s

running (06m50.0s), 002/063 VUs, 16558 complete and 0 interrupted iterations
peak_restaurant_view   [  53% ] 002/063 VUs  06m49.5s/13m0s  077.67 iters/s

running (06m51.0s), 024/063 VUs, 16614 complete and 0 interrupted iterations
peak_restaurant_view   [  53% ] 024/063 VUs  06m50.5s/13m0s  077.89 iters/s

running (06m52.0s), 013/063 VUs, 16703 complete and 0 interrupted iterations
peak_restaurant_view   [  53% ] 013/063 VUs  06m51.5s/13m0s  078.12 iters/s

running (06m53.0s), 003/063 VUs, 16791 complete and 0 interrupted iterations
peak_restaurant_view   [  53% ] 003/063 VUs  06m52.5s/13m0s  078.34 iters/s

running (06m54.0s), 003/063 VUs, 16870 complete and 0 interrupted iterations
peak_restaurant_view   [  53% ] 003/063 VUs  06m53.5s/13m0s  078.56 iters/s

running (06m55.0s), 002/063 VUs, 16949 complete and 0 interrupted iterations
peak_restaurant_view   [  53% ] 002/063 VUs  06m54.5s/13m0s  078.78 iters/s

running (06m56.0s), 002/063 VUs, 17028 complete and 0 interrupted iterations
peak_restaurant_view   [  53% ] 002/063 VUs  06m55.5s/13m0s  079.00 iters/s

running (06m57.0s), 002/063 VUs, 17107 complete and 0 interrupted iterations
peak_restaurant_view   [  53% ] 002/063 VUs  06m56.5s/13m0s  079.23 iters/s

running (06m58.0s), 003/063 VUs, 17186 complete and 0 interrupted iterations
peak_restaurant_view   [  54% ] 003/063 VUs  06m57.5s/13m0s  079.45 iters/s

running (06m59.0s), 002/063 VUs, 17266 complete and 0 interrupted iterations
peak_restaurant_view   [  54% ] 002/063 VUs  06m58.5s/13m0s  079.67 iters/s

running (07m00.0s), 003/063 VUs, 17345 complete and 0 interrupted iterations
peak_restaurant_view   [  54% ] 003/063 VUs  06m59.5s/13m0s  079.89 iters/s

running (07m01.0s), 002/063 VUs, 17426 complete and 0 interrupted iterations
peak_restaurant_view   [  54% ] 002/063 VUs  07m00.5s/13m0s  080.23 iters/s

running (07m02.0s), 002/063 VUs, 17506 complete and 0 interrupted iterations
peak_restaurant_view   [  54% ] 002/063 VUs  07m01.5s/13m0s  080.67 iters/s

running (07m03.0s), 002/063 VUs, 17587 complete and 0 interrupted iterations
peak_restaurant_view   [  54% ] 002/063 VUs  07m02.5s/13m0s  081.12 iters/s

running (07m04.0s), 003/063 VUs, 17668 complete and 0 interrupted iterations
peak_restaurant_view   [  54% ] 003/063 VUs  07m03.5s/13m0s  081.57 iters/s

running (07m05.0s), 002/063 VUs, 17750 complete and 0 interrupted iterations
peak_restaurant_view   [  54% ] 002/063 VUs  07m04.5s/13m0s  082.01 iters/s

running (07m06.0s), 003/063 VUs, 17832 complete and 0 interrupted iterations
peak_restaurant_view   [  55% ] 003/063 VUs  07m05.5s/13m0s  082.45 iters/s

running (07m07.0s), 002/063 VUs, 17915 complete and 0 interrupted iterations
peak_restaurant_view   [  55% ] 002/063 VUs  07m06.5s/13m0s  082.89 iters/s

running (07m08.0s), 002/063 VUs, 17998 complete and 0 interrupted iterations
peak_restaurant_view   [  55% ] 002/063 VUs  07m07.5s/13m0s  083.34 iters/s

running (07m09.0s), 002/063 VUs, 18082 complete and 0 interrupted iterations
peak_restaurant_view   [  55% ] 002/063 VUs  07m08.5s/13m0s  083.79 iters/s

running (07m10.0s), 002/063 VUs, 18166 complete and 0 interrupted iterations
peak_restaurant_view   [  55% ] 002/063 VUs  07m09.5s/13m0s  084.23 iters/s

running (07m11.0s), 002/063 VUs, 18250 complete and 0 interrupted iterations
peak_restaurant_view   [  55% ] 002/063 VUs  07m10.5s/13m0s  084.67 iters/s

running (07m12.0s), 002/063 VUs, 18335 complete and 0 interrupted iterations
peak_restaurant_view   [  55% ] 002/063 VUs  07m11.5s/13m0s  085.12 iters/s

running (07m13.0s), 003/063 VUs, 18420 complete and 0 interrupted iterations
peak_restaurant_view   [  55% ] 003/063 VUs  07m12.5s/13m0s  085.56 iters/s

running (07m14.0s), 002/063 VUs, 18506 complete and 0 interrupted iterations
peak_restaurant_view   [  56% ] 002/063 VUs  07m13.5s/13m0s  086.01 iters/s

running (07m15.0s), 003/063 VUs, 18592 complete and 0 interrupted iterations
peak_restaurant_view   [  56% ] 003/063 VUs  07m14.5s/13m0s  086.45 iters/s

running (07m16.0s), 002/063 VUs, 18679 complete and 0 interrupted iterations
peak_restaurant_view   [  56% ] 002/063 VUs  07m15.5s/13m0s  086.89 iters/s

running (07m17.0s), 002/063 VUs, 18766 complete and 0 interrupted iterations
peak_restaurant_view   [  56% ] 002/063 VUs  07m16.5s/13m0s  087.34 iters/s

running (07m18.0s), 003/063 VUs, 18853 complete and 0 interrupted iterations
peak_restaurant_view   [  56% ] 003/063 VUs  07m17.5s/13m0s  087.79 iters/s

running (07m19.0s), 003/063 VUs, 18941 complete and 0 interrupted iterations
peak_restaurant_view   [  56% ] 003/063 VUs  07m18.5s/13m0s  088.23 iters/s

running (07m20.0s), 004/063 VUs, 19029 complete and 0 interrupted iterations
peak_restaurant_view   [  56% ] 004/063 VUs  07m19.5s/13m0s  088.68 iters/s

running (07m21.0s), 002/063 VUs, 19119 complete and 0 interrupted iterations
peak_restaurant_view   [  56% ] 002/063 VUs  07m20.5s/13m0s  089.12 iters/s

running (07m22.0s), 003/063 VUs, 19208 complete and 0 interrupted iterations
peak_restaurant_view   [  57% ] 003/063 VUs  07m21.5s/13m0s  089.56 iters/s

running (07m23.0s), 003/063 VUs, 19298 complete and 0 interrupted iterations
peak_restaurant_view   [  57% ] 003/063 VUs  07m22.5s/13m0s  090.01 iters/s

running (07m24.0s), 003/063 VUs, 19388 complete and 0 interrupted iterations
peak_restaurant_view   [  57% ] 003/063 VUs  07m23.5s/13m0s  090.45 iters/s

running (07m25.0s), 002/063 VUs, 19479 complete and 0 interrupted iterations
peak_restaurant_view   [  57% ] 002/063 VUs  07m24.5s/13m0s  090.89 iters/s

running (07m26.0s), 003/063 VUs, 19570 complete and 0 interrupted iterations
peak_restaurant_view   [  57% ] 003/063 VUs  07m25.5s/13m0s  091.34 iters/s

running (07m27.0s), 003/063 VUs, 19661 complete and 0 interrupted iterations
peak_restaurant_view   [  57% ] 003/063 VUs  07m26.5s/13m0s  091.78 iters/s

running (07m28.0s), 002/063 VUs, 19754 complete and 0 interrupted iterations
peak_restaurant_view   [  57% ] 002/063 VUs  07m27.5s/13m0s  092.23 iters/s

running (07m29.0s), 003/063 VUs, 19846 complete and 0 interrupted iterations
peak_restaurant_view   [  58% ] 003/063 VUs  07m28.5s/13m0s  092.68 iters/s

running (07m30.0s), 003/063 VUs, 19939 complete and 0 interrupted iterations
peak_restaurant_view   [  58% ] 003/063 VUs  07m29.5s/13m0s  093.12 iters/s

running (07m31.0s), 003/063 VUs, 20032 complete and 0 interrupted iterations
peak_restaurant_view   [  58% ] 003/063 VUs  07m30.5s/13m0s  093.56 iters/s

running (07m32.0s), 004/063 VUs, 20125 complete and 0 interrupted iterations
peak_restaurant_view   [  58% ] 004/063 VUs  07m31.5s/13m0s  094.01 iters/s

running (07m33.0s), 003/063 VUs, 20220 complete and 0 interrupted iterations
peak_restaurant_view   [  58% ] 003/063 VUs  07m32.5s/13m0s  094.45 iters/s

running (07m34.0s), 002/063 VUs, 20315 complete and 0 interrupted iterations
peak_restaurant_view   [  58% ] 002/063 VUs  07m33.5s/13m0s  094.89 iters/s

running (07m35.0s), 003/063 VUs, 20410 complete and 0 interrupted iterations
peak_restaurant_view   [  58% ] 003/063 VUs  07m34.5s/13m0s  095.34 iters/s

running (07m36.0s), 003/063 VUs, 20505 complete and 0 interrupted iterations
peak_restaurant_view   [  58% ] 003/063 VUs  07m35.5s/13m0s  095.78 iters/s

running (07m37.0s), 002/063 VUs, 20602 complete and 0 interrupted iterations
peak_restaurant_view   [  59% ] 002/063 VUs  07m36.5s/13m0s  096.23 iters/s

running (07m38.0s), 003/063 VUs, 20698 complete and 0 interrupted iterations
peak_restaurant_view   [  59% ] 003/063 VUs  07m37.5s/13m0s  096.68 iters/s

running (07m39.0s), 003/063 VUs, 20795 complete and 0 interrupted iterations
peak_restaurant_view   [  59% ] 003/063 VUs  07m38.5s/13m0s  097.12 iters/s

running (07m40.0s), 003/063 VUs, 20892 complete and 0 interrupted iterations
peak_restaurant_view   [  59% ] 003/063 VUs  07m39.5s/13m0s  097.56 iters/s

running (07m41.0s), 003/063 VUs, 20990 complete and 0 interrupted iterations
peak_restaurant_view   [  59% ] 003/063 VUs  07m40.5s/13m0s  098.01 iters/s

running (07m42.0s), 003/063 VUs, 21088 complete and 0 interrupted iterations
peak_restaurant_view   [  59% ] 003/063 VUs  07m41.5s/13m0s  098.45 iters/s

running (07m43.0s), 003/063 VUs, 21187 complete and 0 interrupted iterations
peak_restaurant_view   [  59% ] 003/063 VUs  07m42.5s/13m0s  098.90 iters/s

running (07m44.0s), 003/063 VUs, 21286 complete and 0 interrupted iterations
peak_restaurant_view   [  59% ] 003/063 VUs  07m43.5s/13m0s  099.34 iters/s

running (07m45.0s), 003/063 VUs, 21385 complete and 0 interrupted iterations
peak_restaurant_view   [  60% ] 003/063 VUs  07m44.5s/13m0s  099.78 iters/s

running (07m46.0s), 003/063 VUs, 21485 complete and 0 interrupted iterations
peak_restaurant_view   [  60% ] 003/063 VUs  07m45.5s/13m0s  100.23 iters/s

running (07m47.0s), 003/063 VUs, 21586 complete and 0 interrupted iterations
peak_restaurant_view   [  60% ] 003/063 VUs  07m46.5s/13m0s  100.68 iters/s

running (07m48.0s), 003/063 VUs, 21687 complete and 0 interrupted iterations
peak_restaurant_view   [  60% ] 003/063 VUs  07m47.5s/13m0s  101.12 iters/s

running (07m49.0s), 003/063 VUs, 21788 complete and 0 interrupted iterations
peak_restaurant_view   [  60% ] 003/063 VUs  07m48.5s/13m0s  101.56 iters/s

running (07m50.0s), 006/063 VUs, 21887 complete and 0 interrupted iterations
peak_restaurant_view   [  60% ] 006/063 VUs  07m49.5s/13m0s  102.01 iters/s

running (07m51.0s), 015/063 VUs, 21980 complete and 0 interrupted iterations
peak_restaurant_view   [  60% ] 015/063 VUs  07m50.5s/13m0s  102.45 iters/s

running (07m52.0s), 029/063 VUs, 22069 complete and 0 interrupted iterations
peak_restaurant_view   [  60% ] 029/063 VUs  07m51.5s/13m0s  102.90 iters/s

running (07m53.0s), 003/063 VUs, 22198 complete and 0 interrupted iterations
peak_restaurant_view   [  61% ] 003/063 VUs  07m52.5s/13m0s  103.34 iters/s

running (07m54.0s), 002/063 VUs, 22302 complete and 0 interrupted iterations
peak_restaurant_view   [  61% ] 002/063 VUs  07m53.5s/13m0s  103.78 iters/s

running (07m55.0s), 003/063 VUs, 22405 complete and 0 interrupted iterations
peak_restaurant_view   [  61% ] 003/063 VUs  07m54.5s/13m0s  104.23 iters/s

running (07m56.0s), 003/063 VUs, 22510 complete and 0 interrupted iterations
peak_restaurant_view   [  61% ] 003/063 VUs  07m55.5s/13m0s  104.68 iters/s

running (07m57.0s), 004/063 VUs, 22614 complete and 0 interrupted iterations
peak_restaurant_view   [  61% ] 004/063 VUs  07m56.5s/13m0s  105.12 iters/s

running (07m58.0s), 003/063 VUs, 22720 complete and 0 interrupted iterations
peak_restaurant_view   [  61% ] 003/063 VUs  07m57.5s/13m0s  105.56 iters/s

running (07m59.0s), 003/063 VUs, 22826 complete and 0 interrupted iterations
peak_restaurant_view   [  61% ] 003/063 VUs  07m58.5s/13m0s  106.01 iters/s

running (08m00.0s), 003/063 VUs, 22932 complete and 0 interrupted iterations
peak_restaurant_view   [  61% ] 003/063 VUs  07m59.5s/13m0s  106.45 iters/s

running (08m01.0s), 003/063 VUs, 23039 complete and 0 interrupted iterations
peak_restaurant_view   [  62% ] 003/063 VUs  08m00.5s/13m0s  106.90 iters/s

running (08m02.0s), 003/063 VUs, 23146 complete and 0 interrupted iterations
peak_restaurant_view   [  62% ] 003/063 VUs  08m01.5s/13m0s  107.34 iters/s

running (08m03.0s), 002/063 VUs, 23254 complete and 0 interrupted iterations
peak_restaurant_view   [  62% ] 002/063 VUs  08m02.5s/13m0s  107.78 iters/s

running (08m04.0s), 003/063 VUs, 23361 complete and 0 interrupted iterations
peak_restaurant_view   [  62% ] 003/063 VUs  08m03.5s/13m0s  108.23 iters/s

running (08m05.0s), 003/063 VUs, 23470 complete and 0 interrupted iterations
peak_restaurant_view   [  62% ] 003/063 VUs  08m04.5s/13m0s  108.67 iters/s

running (08m06.0s), 003/063 VUs, 23579 complete and 0 interrupted iterations
peak_restaurant_view   [  62% ] 003/063 VUs  08m05.5s/13m0s  109.12 iters/s

running (08m07.0s), 004/063 VUs, 23687 complete and 0 interrupted iterations
peak_restaurant_view   [  62% ] 004/063 VUs  08m06.5s/13m0s  109.56 iters/s

running (08m08.0s), 003/063 VUs, 23798 complete and 0 interrupted iterations
peak_restaurant_view   [  63% ] 003/063 VUs  08m07.5s/13m0s  110.01 iters/s

running (08m09.0s), 003/063 VUs, 23908 complete and 0 interrupted iterations
peak_restaurant_view   [  63% ] 003/063 VUs  08m08.5s/13m0s  110.45 iters/s

running (08m10.0s), 005/063 VUs, 24017 complete and 0 interrupted iterations
peak_restaurant_view   [  63% ] 005/063 VUs  08m09.5s/13m0s  110.90 iters/s

running (08m11.0s), 004/063 VUs, 24129 complete and 0 interrupted iterations
peak_restaurant_view   [  63% ] 004/063 VUs  08m10.5s/13m0s  111.34 iters/s

running (08m12.0s), 002/063 VUs, 24242 complete and 0 interrupted iterations
peak_restaurant_view   [  63% ] 002/063 VUs  08m11.5s/13m0s  111.78 iters/s

running (08m13.0s), 002/063 VUs, 24354 complete and 0 interrupted iterations
peak_restaurant_view   [  63% ] 002/063 VUs  08m12.5s/13m0s  112.23 iters/s

running (08m14.0s), 005/063 VUs, 24464 complete and 0 interrupted iterations
peak_restaurant_view   [  63% ] 005/063 VUs  08m13.5s/13m0s  112.67 iters/s

running (08m15.0s), 004/063 VUs, 24578 complete and 0 interrupted iterations
peak_restaurant_view   [  63% ] 004/063 VUs  08m14.5s/13m0s  113.12 iters/s

running (08m16.0s), 003/063 VUs, 24692 complete and 0 interrupted iterations
peak_restaurant_view   [  64% ] 003/063 VUs  08m15.5s/13m0s  113.56 iters/s

running (08m17.0s), 003/063 VUs, 24806 complete and 0 interrupted iterations
peak_restaurant_view   [  64% ] 003/063 VUs  08m16.5s/13m0s  114.01 iters/s

running (08m18.0s), 005/063 VUs, 24918 complete and 0 interrupted iterations
peak_restaurant_view   [  64% ] 005/063 VUs  08m17.5s/13m0s  114.45 iters/s

running (08m19.0s), 004/063 VUs, 25034 complete and 0 interrupted iterations
peak_restaurant_view   [  64% ] 004/063 VUs  08m18.5s/13m0s  114.90 iters/s

running (08m20.0s), 004/063 VUs, 25149 complete and 0 interrupted iterations
peak_restaurant_view   [  64% ] 004/063 VUs  08m19.5s/13m0s  115.34 iters/s

running (08m21.0s), 004/063 VUs, 25265 complete and 0 interrupted iterations
peak_restaurant_view   [  64% ] 004/063 VUs  08m20.5s/13m0s  115.79 iters/s

running (08m22.0s), 005/063 VUs, 25380 complete and 0 interrupted iterations
peak_restaurant_view   [  64% ] 005/063 VUs  08m21.5s/13m0s  116.23 iters/s

running (08m23.0s), 003/063 VUs, 25498 complete and 0 interrupted iterations
peak_restaurant_view   [  64% ] 003/063 VUs  08m22.5s/13m0s  116.67 iters/s

running (08m24.0s), 003/063 VUs, 25615 complete and 0 interrupted iterations
peak_restaurant_view   [  65% ] 003/063 VUs  08m23.5s/13m0s  117.12 iters/s

running (08m25.0s), 003/063 VUs, 25732 complete and 0 interrupted iterations
peak_restaurant_view   [  65% ] 003/063 VUs  08m24.5s/13m0s  117.56 iters/s

running (08m26.0s), 004/063 VUs, 25849 complete and 0 interrupted iterations
peak_restaurant_view   [  65% ] 004/063 VUs  08m25.5s/13m0s  118.01 iters/s

running (08m27.0s), 003/063 VUs, 25968 complete and 0 interrupted iterations
peak_restaurant_view   [  65% ] 003/063 VUs  08m26.5s/13m0s  118.45 iters/s

running (08m28.0s), 003/063 VUs, 26087 complete and 0 interrupted iterations
peak_restaurant_view   [  65% ] 003/063 VUs  08m27.5s/13m0s  118.90 iters/s

running (08m29.0s), 004/063 VUs, 26205 complete and 0 interrupted iterations
peak_restaurant_view   [  65% ] 004/063 VUs  08m28.5s/13m0s  119.34 iters/s

running (08m30.0s), 004/063 VUs, 26325 complete and 0 interrupted iterations
peak_restaurant_view   [  65% ] 004/063 VUs  08m29.5s/13m0s  119.79 iters/s

running (08m31.0s), 004/063 VUs, 26445 complete and 0 interrupted iterations
peak_restaurant_view   [  65% ] 004/063 VUs  08m30.5s/13m0s  120.23 iters/s

running (08m32.0s), 003/063 VUs, 26566 complete and 0 interrupted iterations
peak_restaurant_view   [  66% ] 003/063 VUs  08m31.5s/13m0s  120.67 iters/s

running (08m33.0s), 003/063 VUs, 26687 complete and 0 interrupted iterations
peak_restaurant_view   [  66% ] 003/063 VUs  08m32.5s/13m0s  121.12 iters/s

running (08m34.0s), 003/063 VUs, 26808 complete and 0 interrupted iterations
peak_restaurant_view   [  66% ] 003/063 VUs  08m33.5s/13m0s  121.56 iters/s

running (08m35.0s), 003/063 VUs, 26930 complete and 0 interrupted iterations
peak_restaurant_view   [  66% ] 003/063 VUs  08m34.5s/13m0s  122.01 iters/s

running (08m36.0s), 003/063 VUs, 27052 complete and 0 interrupted iterations
peak_restaurant_view   [  66% ] 003/063 VUs  08m35.5s/13m0s  122.45 iters/s

running (08m37.0s), 004/063 VUs, 27174 complete and 0 interrupted iterations
peak_restaurant_view   [  66% ] 004/063 VUs  08m36.5s/13m0s  122.90 iters/s

running (08m38.0s), 003/063 VUs, 27298 complete and 0 interrupted iterations
peak_restaurant_view   [  66% ] 003/063 VUs  08m37.5s/13m0s  123.34 iters/s

running (08m39.0s), 004/063 VUs, 27421 complete and 0 interrupted iterations
peak_restaurant_view   [  66% ] 004/063 VUs  08m38.5s/13m0s  123.79 iters/s

running (08m40.0s), 004/063 VUs, 27545 complete and 0 interrupted iterations
peak_restaurant_view   [  67% ] 004/063 VUs  08m39.5s/13m0s  124.23 iters/s

running (08m41.0s), 003/063 VUs, 27670 complete and 0 interrupted iterations
peak_restaurant_view   [  67% ] 003/063 VUs  08m40.5s/13m0s  124.67 iters/s

running (08m42.0s), 004/063 VUs, 27794 complete and 0 interrupted iterations
peak_restaurant_view   [  67% ] 004/063 VUs  08m41.5s/13m0s  125.12 iters/s

running (08m43.0s), 003/063 VUs, 27920 complete and 0 interrupted iterations
peak_restaurant_view   [  67% ] 003/063 VUs  08m42.5s/13m0s  125.56 iters/s

running (08m44.0s), 004/063 VUs, 28045 complete and 0 interrupted iterations
peak_restaurant_view   [  67% ] 004/063 VUs  08m43.5s/13m0s  126.01 iters/s

running (08m45.0s), 004/063 VUs, 28171 complete and 0 interrupted iterations
peak_restaurant_view   [  67% ] 004/063 VUs  08m44.5s/13m0s  126.45 iters/s

running (08m46.0s), 004/063 VUs, 28298 complete and 0 interrupted iterations
peak_restaurant_view   [  67% ] 004/063 VUs  08m45.5s/13m0s  126.90 iters/s

running (08m47.0s), 004/063 VUs, 28425 complete and 0 interrupted iterations
peak_restaurant_view   [  68% ] 004/063 VUs  08m46.5s/13m0s  127.34 iters/s

running (08m48.0s), 004/063 VUs, 28553 complete and 0 interrupted iterations
peak_restaurant_view   [  68% ] 004/063 VUs  08m47.5s/13m0s  127.79 iters/s

running (08m49.0s), 004/063 VUs, 28681 complete and 0 interrupted iterations
peak_restaurant_view   [  68% ] 004/063 VUs  08m48.5s/13m0s  128.23 iters/s

running (08m50.0s), 004/063 VUs, 28809 complete and 0 interrupted iterations
peak_restaurant_view   [  68% ] 004/063 VUs  08m49.5s/13m0s  128.67 iters/s

running (08m51.0s), 049/063 VUs, 28893 complete and 0 interrupted iterations
peak_restaurant_view   [  68% ] 049/063 VUs  08m50.5s/13m0s  129.12 iters/s

running (08m52.0s), 096/100 VUs, 28938 complete and 0 interrupted iterations
peak_restaurant_view   [  68% ] 096/100 VUs  08m51.5s/13m0s  129.56 iters/s

running (08m53.0s), 063/100 VUs, 29101 complete and 0 interrupted iterations
peak_restaurant_view   [  68% ] 063/100 VUs  08m52.5s/13m0s  130.01 iters/s

running (08m54.0s), 003/100 VUs, 29291 complete and 0 interrupted iterations
peak_restaurant_view   [  68% ] 003/100 VUs  08m53.5s/13m0s  130.45 iters/s

running (08m55.0s), 005/100 VUs, 29420 complete and 0 interrupted iterations
peak_restaurant_view   [  69% ] 005/100 VUs  08m54.5s/13m0s  130.90 iters/s

running (08m56.0s), 004/100 VUs, 29552 complete and 0 interrupted iterations
peak_restaurant_view   [  69% ] 004/100 VUs  08m55.5s/13m0s  131.34 iters/s

running (08m57.0s), 005/100 VUs, 29683 complete and 0 interrupted iterations
peak_restaurant_view   [  69% ] 005/100 VUs  08m56.5s/13m0s  131.79 iters/s

running (08m58.0s), 004/100 VUs, 29816 complete and 0 interrupted iterations
peak_restaurant_view   [  69% ] 004/100 VUs  08m57.5s/13m0s  132.23 iters/s

running (08m59.0s), 003/100 VUs, 29949 complete and 0 interrupted iterations
peak_restaurant_view   [  69% ] 003/100 VUs  08m58.5s/13m0s  132.67 iters/s

running (09m00.0s), 005/100 VUs, 30080 complete and 0 interrupted iterations
peak_restaurant_view   [  69% ] 005/100 VUs  08m59.5s/13m0s  133.12 iters/s

running (09m01.0s), 004/100 VUs, 30215 complete and 0 interrupted iterations
peak_restaurant_view   [  69% ] 004/100 VUs  09m00.5s/13m0s  133.56 iters/s

running (09m02.0s), 004/100 VUs, 30348 complete and 0 interrupted iterations
peak_restaurant_view   [  69% ] 004/100 VUs  09m01.5s/13m0s  134.01 iters/s

running (09m03.0s), 004/100 VUs, 30483 complete and 0 interrupted iterations
peak_restaurant_view   [  70% ] 004/100 VUs  09m02.5s/13m0s  134.45 iters/s

running (09m04.0s), 003/100 VUs, 30618 complete and 0 interrupted iterations
peak_restaurant_view   [  70% ] 003/100 VUs  09m03.5s/13m0s  134.90 iters/s

running (09m05.0s), 004/100 VUs, 30752 complete and 0 interrupted iterations
peak_restaurant_view   [  70% ] 004/100 VUs  09m04.5s/13m0s  135.34 iters/s

running (09m06.0s), 004/100 VUs, 30888 complete and 0 interrupted iterations
peak_restaurant_view   [  70% ] 004/100 VUs  09m05.5s/13m0s  135.79 iters/s

running (09m07.0s), 004/100 VUs, 31024 complete and 0 interrupted iterations
peak_restaurant_view   [  70% ] 004/100 VUs  09m06.5s/13m0s  136.23 iters/s

running (09m08.0s), 003/100 VUs, 31161 complete and 0 interrupted iterations
peak_restaurant_view   [  70% ] 003/100 VUs  09m07.5s/13m0s  136.67 iters/s

running (09m09.0s), 004/100 VUs, 31297 complete and 0 interrupted iterations
peak_restaurant_view   [  70% ] 004/100 VUs  09m08.5s/13m0s  137.12 iters/s

running (09m10.0s), 010/100 VUs, 31429 complete and 0 interrupted iterations
peak_restaurant_view   [  70% ] 010/100 VUs  09m09.5s/13m0s  137.56 iters/s

running (09m11.0s), 004/100 VUs, 31572 complete and 0 interrupted iterations
peak_restaurant_view   [  71% ] 004/100 VUs  09m10.5s/13m0s  138.01 iters/s

running (09m12.0s), 004/100 VUs, 31711 complete and 0 interrupted iterations
peak_restaurant_view   [  71% ] 004/100 VUs  09m11.5s/13m0s  138.45 iters/s

running (09m13.0s), 004/100 VUs, 31849 complete and 0 interrupted iterations
peak_restaurant_view   [  71% ] 004/100 VUs  09m12.5s/13m0s  138.90 iters/s

running (09m14.0s), 004/100 VUs, 31988 complete and 0 interrupted iterations
peak_restaurant_view   [  71% ] 004/100 VUs  09m13.5s/13m0s  139.34 iters/s

running (09m15.0s), 004/100 VUs, 32128 complete and 0 interrupted iterations
peak_restaurant_view   [  71% ] 004/100 VUs  09m14.5s/13m0s  139.79 iters/s

running (09m16.0s), 004/100 VUs, 32268 complete and 0 interrupted iterations
peak_restaurant_view   [  71% ] 004/100 VUs  09m15.5s/13m0s  140.23 iters/s

running (09m17.0s), 007/100 VUs, 32405 complete and 0 interrupted iterations
peak_restaurant_view   [  71% ] 007/100 VUs  09m16.5s/13m0s  140.67 iters/s

running (09m18.0s), 004/100 VUs, 32549 complete and 0 interrupted iterations
peak_restaurant_view   [  71% ] 004/100 VUs  09m17.5s/13m0s  141.12 iters/s

running (09m19.0s), 007/100 VUs, 32688 complete and 0 interrupted iterations
peak_restaurant_view   [  72% ] 007/100 VUs  09m18.5s/13m0s  141.56 iters/s

running (09m20.0s), 004/100 VUs, 32832 complete and 0 interrupted iterations
peak_restaurant_view   [  72% ] 004/100 VUs  09m19.5s/13m0s  142.01 iters/s

running (09m21.0s), 011/100 VUs, 32968 complete and 0 interrupted iterations
peak_restaurant_view   [  72% ] 011/100 VUs  09m20.5s/13m0s  142.45 iters/s

running (09m22.0s), 007/100 VUs, 33114 complete and 0 interrupted iterations
peak_restaurant_view   [  72% ] 007/100 VUs  09m21.5s/13m0s  142.90 iters/s

running (09m23.0s), 005/100 VUs, 33259 complete and 0 interrupted iterations
peak_restaurant_view   [  72% ] 005/100 VUs  09m22.5s/13m0s  143.34 iters/s

running (09m24.0s), 004/100 VUs, 33404 complete and 0 interrupted iterations
peak_restaurant_view   [  72% ] 004/100 VUs  09m23.5s/13m0s  143.79 iters/s

running (09m25.0s), 005/100 VUs, 33547 complete and 0 interrupted iterations
peak_restaurant_view   [  72% ] 005/100 VUs  09m24.5s/13m0s  144.23 iters/s

running (09m26.0s), 007/100 VUs, 33689 complete and 0 interrupted iterations
peak_restaurant_view   [  73% ] 007/100 VUs  09m25.5s/13m0s  144.67 iters/s

running (09m27.0s), 004/100 VUs, 33837 complete and 0 interrupted iterations
peak_restaurant_view   [  73% ] 004/100 VUs  09m26.5s/13m0s  145.12 iters/s

running (09m28.0s), 005/100 VUs, 33982 complete and 0 interrupted iterations
peak_restaurant_view   [  73% ] 005/100 VUs  09m27.5s/13m0s  145.56 iters/s

running (09m29.0s), 008/100 VUs, 34124 complete and 0 interrupted iterations
peak_restaurant_view   [  73% ] 008/100 VUs  09m28.5s/13m0s  146.01 iters/s

running (09m30.0s), 005/100 VUs, 34274 complete and 0 interrupted iterations
peak_restaurant_view   [  73% ] 005/100 VUs  09m29.5s/13m0s  146.45 iters/s

running (09m31.0s), 005/100 VUs, 34420 complete and 0 interrupted iterations
peak_restaurant_view   [  73% ] 005/100 VUs  09m30.5s/13m0s  146.90 iters/s

running (09m32.0s), 007/100 VUs, 34566 complete and 0 interrupted iterations
peak_restaurant_view   [  73% ] 007/100 VUs  09m31.5s/13m0s  147.34 iters/s

running (09m33.0s), 008/100 VUs, 34712 complete and 0 interrupted iterations
peak_restaurant_view   [  73% ] 008/100 VUs  09m32.5s/13m0s  147.79 iters/s

running (09m34.0s), 006/100 VUs, 34862 complete and 0 interrupted iterations
peak_restaurant_view   [  74% ] 006/100 VUs  09m33.5s/13m0s  148.23 iters/s

running (09m35.0s), 005/100 VUs, 35012 complete and 0 interrupted iterations
peak_restaurant_view   [  74% ] 005/100 VUs  09m34.5s/13m0s  148.68 iters/s

running (09m36.0s), 003/100 VUs, 35162 complete and 0 interrupted iterations
peak_restaurant_view   [  74% ] 003/100 VUs  09m35.5s/13m0s  149.12 iters/s

running (09m37.0s), 005/100 VUs, 35310 complete and 0 interrupted iterations
peak_restaurant_view   [  74% ] 005/100 VUs  09m36.5s/13m0s  149.56 iters/s

running (09m38.0s), 004/100 VUs, 35460 complete and 0 interrupted iterations
peak_restaurant_view   [  74% ] 004/100 VUs  09m37.5s/13m0s  150.01 iters/s

running (09m39.0s), 006/100 VUs, 35609 complete and 0 interrupted iterations
peak_restaurant_view   [  74% ] 006/100 VUs  09m38.5s/13m0s  150.45 iters/s

running (09m40.0s), 005/100 VUs, 35760 complete and 0 interrupted iterations
peak_restaurant_view   [  74% ] 005/100 VUs  09m39.5s/13m0s  150.90 iters/s

running (09m41.0s), 009/100 VUs, 35908 complete and 0 interrupted iterations
peak_restaurant_view   [  74% ] 009/100 VUs  09m40.5s/13m0s  151.34 iters/s

running (09m42.0s), 005/100 VUs, 36063 complete and 0 interrupted iterations
peak_restaurant_view   [  75% ] 005/100 VUs  09m41.5s/13m0s  151.78 iters/s

running (09m43.0s), 005/100 VUs, 36215 complete and 0 interrupted iterations
peak_restaurant_view   [  75% ] 005/100 VUs  09m42.5s/13m0s  152.23 iters/s

running (09m44.0s), 012/100 VUs, 36361 complete and 0 interrupted iterations
peak_restaurant_view   [  75% ] 012/100 VUs  09m43.5s/13m0s  152.68 iters/s

running (09m45.0s), 005/100 VUs, 36521 complete and 0 interrupted iterations
peak_restaurant_view   [  75% ] 005/100 VUs  09m44.5s/13m0s  153.12 iters/s

running (09m46.0s), 007/100 VUs, 36672 complete and 0 interrupted iterations
peak_restaurant_view   [  75% ] 007/100 VUs  09m45.5s/13m0s  153.56 iters/s

running (09m47.0s), 005/100 VUs, 36828 complete and 0 interrupted iterations
peak_restaurant_view   [  75% ] 005/100 VUs  09m46.5s/13m0s  154.01 iters/s

running (09m48.0s), 006/100 VUs, 36981 complete and 0 interrupted iterations
peak_restaurant_view   [  75% ] 006/100 VUs  09m47.5s/13m0s  154.45 iters/s

running (09m49.0s), 005/100 VUs, 37137 complete and 0 interrupted iterations
peak_restaurant_view   [  75% ] 005/100 VUs  09m48.5s/13m0s  154.90 iters/s

running (09m50.0s), 008/100 VUs, 37289 complete and 0 interrupted iterations
peak_restaurant_view   [  76% ] 008/100 VUs  09m49.5s/13m0s  155.34 iters/s

running (09m51.0s), 070/100 VUs, 37382 complete and 0 interrupted iterations
peak_restaurant_view   [  76% ] 070/100 VUs  09m50.5s/13m0s  155.78 iters/s

running (09m52.0s), 151/152 VUs, 37404 complete and 0 interrupted iterations
peak_restaurant_view   [  76% ] 151/152 VUs  09m51.5s/13m0s  156.23 iters/s

running (09m53.0s), 157/171 VUs, 37536 complete and 0 interrupted iterations
peak_restaurant_view   [  76% ] 157/171 VUs  09m52.5s/13m0s  156.68 iters/s

running (09m54.0s), 093/171 VUs, 37756 complete and 0 interrupted iterations
peak_restaurant_view   [  76% ] 094/171 VUs  09m53.5s/13m0s  157.12 iters/s

running (09m55.0s), 014/171 VUs, 37993 complete and 0 interrupted iterations
peak_restaurant_view   [  76% ] 014/171 VUs  09m54.5s/13m0s  157.56 iters/s

running (09m56.0s), 007/171 VUs, 38158 complete and 0 interrupted iterations
peak_restaurant_view   [  76% ] 007/171 VUs  09m55.5s/13m0s  158.01 iters/s

running (09m57.0s), 006/171 VUs, 38317 complete and 0 interrupted iterations
peak_restaurant_view   [  76% ] 006/171 VUs  09m56.5s/13m0s  158.45 iters/s

running (09m58.0s), 006/171 VUs, 38476 complete and 0 interrupted iterations
peak_restaurant_view   [  77% ] 006/171 VUs  09m57.5s/13m0s  158.90 iters/s

running (09m59.0s), 005/171 VUs, 38636 complete and 0 interrupted iterations
peak_restaurant_view   [  77% ] 005/171 VUs  09m58.5s/13m0s  159.34 iters/s

running (10m00.0s), 007/171 VUs, 38793 complete and 0 interrupted iterations
peak_restaurant_view   [  77% ] 007/171 VUs  09m59.5s/13m0s  159.78 iters/s

running (10m01.0s), 004/171 VUs, 38956 complete and 0 interrupted iterations
peak_restaurant_view   [  77% ] 004/171 VUs  10m00.5s/13m0s  160.46 iters/s

running (10m02.0s), 005/171 VUs, 39116 complete and 0 interrupted iterations
peak_restaurant_view   [  77% ] 005/171 VUs  10m01.5s/13m0s  161.35 iters/s

running (10m03.0s), 006/171 VUs, 39277 complete and 0 interrupted iterations
peak_restaurant_view   [  77% ] 006/171 VUs  10m02.5s/13m0s  162.24 iters/s

running (10m04.0s), 006/171 VUs, 39440 complete and 0 interrupted iterations
peak_restaurant_view   [  77% ] 006/171 VUs  10m03.5s/13m0s  163.13 iters/s

running (10m05.0s), 005/171 VUs, 39604 complete and 0 interrupted iterations
peak_restaurant_view   [  78% ] 005/171 VUs  10m04.5s/13m0s  164.01 iters/s

running (10m06.0s), 006/171 VUs, 39768 complete and 0 interrupted iterations
peak_restaurant_view   [  78% ] 006/171 VUs  10m05.5s/13m0s  164.91 iters/s

running (10m07.0s), 005/171 VUs, 39934 complete and 0 interrupted iterations
peak_restaurant_view   [  78% ] 005/171 VUs  10m06.5s/13m0s  165.79 iters/s

running (10m08.0s), 005/171 VUs, 40100 complete and 0 interrupted iterations
peak_restaurant_view   [  78% ] 005/171 VUs  10m07.5s/13m0s  166.68 iters/s

running (10m09.0s), 013/171 VUs, 40259 complete and 0 interrupted iterations
peak_restaurant_view   [  78% ] 013/171 VUs  10m08.5s/13m0s  167.57 iters/s

running (10m10.0s), 004/171 VUs, 40436 complete and 0 interrupted iterations
peak_restaurant_view   [  78% ] 004/171 VUs  10m09.5s/13m0s  168.46 iters/s

running (10m11.0s), 006/171 VUs, 40603 complete and 0 interrupted iterations
peak_restaurant_view   [  78% ] 006/171 VUs  10m10.5s/13m0s  169.35 iters/s

running (10m12.0s), 005/171 VUs, 40774 complete and 0 interrupted iterations
peak_restaurant_view   [  78% ] 005/171 VUs  10m11.5s/13m0s  170.24 iters/s

running (10m13.0s), 008/171 VUs, 40942 complete and 0 interrupted iterations
peak_restaurant_view   [  79% ] 008/171 VUs  10m12.5s/13m0s  171.13 iters/s

running (10m14.0s), 004/171 VUs, 41117 complete and 0 interrupted iterations
peak_restaurant_view   [  79% ] 004/171 VUs  10m13.5s/13m0s  172.01 iters/s

running (10m15.0s), 005/171 VUs, 41289 complete and 0 interrupted iterations
peak_restaurant_view   [  79% ] 005/171 VUs  10m14.5s/13m0s  172.90 iters/s

running (10m16.0s), 006/171 VUs, 41461 complete and 0 interrupted iterations
peak_restaurant_view   [  79% ] 006/171 VUs  10m15.5s/13m0s  173.79 iters/s

running (10m17.0s), 008/171 VUs, 41634 complete and 0 interrupted iterations
peak_restaurant_view   [  79% ] 008/171 VUs  10m16.5s/13m0s  174.68 iters/s

running (10m18.0s), 006/171 VUs, 41811 complete and 0 interrupted iterations
peak_restaurant_view   [  79% ] 006/171 VUs  10m17.5s/13m0s  175.57 iters/s

running (10m19.0s), 006/171 VUs, 41987 complete and 0 interrupted iterations
peak_restaurant_view   [  79% ] 006/171 VUs  10m18.5s/13m0s  176.46 iters/s

running (10m20.0s), 009/171 VUs, 42161 complete and 0 interrupted iterations
peak_restaurant_view   [  79% ] 009/171 VUs  10m19.5s/13m0s  177.35 iters/s

running (10m21.0s), 006/171 VUs, 42341 complete and 0 interrupted iterations
peak_restaurant_view   [  80% ] 006/171 VUs  10m20.5s/13m0s  178.24 iters/s

running (10m22.0s), 009/171 VUs, 42517 complete and 0 interrupted iterations
peak_restaurant_view   [  80% ] 009/171 VUs  10m21.5s/13m0s  179.13 iters/s

running (10m23.0s), 008/171 VUs, 42698 complete and 0 interrupted iterations
peak_restaurant_view   [  80% ] 008/171 VUs  10m22.5s/13m0s  180.02 iters/s

running (10m24.0s), 012/171 VUs, 42874 complete and 0 interrupted iterations
peak_restaurant_view   [  80% ] 012/171 VUs  10m23.5s/13m0s  180.90 iters/s

running (10m25.0s), 006/171 VUs, 43061 complete and 0 interrupted iterations
peak_restaurant_view   [  80% ] 006/171 VUs  10m24.5s/13m0s  181.79 iters/s

running (10m26.0s), 006/171 VUs, 43244 complete and 0 interrupted iterations
peak_restaurant_view   [  80% ] 006/171 VUs  10m25.5s/13m0s  182.68 iters/s

running (10m27.0s), 013/171 VUs, 43420 complete and 0 interrupted iterations
peak_restaurant_view   [  80% ] 013/171 VUs  10m26.5s/13m0s  183.57 iters/s

running (10m28.0s), 005/171 VUs, 43612 complete and 0 interrupted iterations
peak_restaurant_view   [  80% ] 005/171 VUs  10m27.5s/13m0s  184.46 iters/s

running (10m29.0s), 006/171 VUs, 43796 complete and 0 interrupted iterations
peak_restaurant_view   [  81% ] 006/171 VUs  10m28.5s/13m0s  185.35 iters/s

running (10m30.0s), 006/171 VUs, 43981 complete and 0 interrupted iterations
peak_restaurant_view   [  81% ] 006/171 VUs  10m29.5s/13m0s  186.24 iters/s

running (10m31.0s), 006/171 VUs, 44168 complete and 0 interrupted iterations
peak_restaurant_view   [  81% ] 006/171 VUs  10m30.5s/13m0s  187.13 iters/s

running (10m32.0s), 006/171 VUs, 44356 complete and 0 interrupted iterations
peak_restaurant_view   [  81% ] 006/171 VUs  10m31.5s/13m0s  188.02 iters/s

running (10m33.0s), 006/171 VUs, 44544 complete and 0 interrupted iterations
peak_restaurant_view   [  81% ] 006/171 VUs  10m32.5s/13m0s  188.90 iters/s

running (10m34.0s), 008/171 VUs, 44732 complete and 0 interrupted iterations
peak_restaurant_view   [  81% ] 008/171 VUs  10m33.5s/13m0s  189.80 iters/s

running (10m35.0s), 008/171 VUs, 44922 complete and 0 interrupted iterations
peak_restaurant_view   [  81% ] 008/171 VUs  10m34.5s/13m0s  190.68 iters/s

running (10m36.0s), 006/171 VUs, 45115 complete and 0 interrupted iterations
peak_restaurant_view   [  81% ] 006/171 VUs  10m35.5s/13m0s  191.57 iters/s

running (10m37.0s), 009/171 VUs, 45304 complete and 0 interrupted iterations
peak_restaurant_view   [  82% ] 009/171 VUs  10m36.5s/13m0s  192.46 iters/s

running (10m38.0s), 011/171 VUs, 45495 complete and 0 interrupted iterations
peak_restaurant_view   [  82% ] 011/171 VUs  10m37.5s/13m0s  193.35 iters/s

running (10m39.0s), 006/171 VUs, 45694 complete and 0 interrupted iterations
peak_restaurant_view   [  82% ] 006/171 VUs  10m38.5s/13m0s  194.24 iters/s

running (10m40.0s), 007/171 VUs, 45887 complete and 0 interrupted iterations
peak_restaurant_view   [  82% ] 007/171 VUs  10m39.5s/13m0s  195.13 iters/s

running (10m41.0s), 008/171 VUs, 46082 complete and 0 interrupted iterations
peak_restaurant_view   [  82% ] 008/171 VUs  10m40.5s/13m0s  196.02 iters/s

running (10m42.0s), 006/171 VUs, 46280 complete and 0 interrupted iterations
peak_restaurant_view   [  82% ] 006/171 VUs  10m41.5s/13m0s  196.90 iters/s

running (10m43.0s), 009/171 VUs, 46475 complete and 0 interrupted iterations
peak_restaurant_view   [  82% ] 009/171 VUs  10m42.5s/13m0s  197.79 iters/s

running (10m44.0s), 007/171 VUs, 46675 complete and 0 interrupted iterations
peak_restaurant_view   [  83% ] 007/171 VUs  10m43.5s/13m0s  198.68 iters/s

running (10m45.0s), 009/171 VUs, 46872 complete and 0 interrupted iterations
peak_restaurant_view   [  83% ] 009/171 VUs  10m44.5s/13m0s  199.57 iters/s

running (10m46.0s), 011/171 VUs, 47070 complete and 0 interrupted iterations
peak_restaurant_view   [  83% ] 011/171 VUs  10m45.5s/13m0s  200.46 iters/s

running (10m47.0s), 009/171 VUs, 47273 complete and 0 interrupted iterations
peak_restaurant_view   [  83% ] 009/171 VUs  10m46.5s/13m0s  201.35 iters/s

running (10m48.0s), 013/171 VUs, 47471 complete and 0 interrupted iterations
peak_restaurant_view   [  83% ] 013/171 VUs  10m47.5s/13m0s  202.24 iters/s

running (10m49.0s), 006/171 VUs, 47680 complete and 0 interrupted iterations
peak_restaurant_view   [  83% ] 006/171 VUs  10m48.5s/13m0s  203.12 iters/s

running (10m50.0s), 069/171 VUs, 47821 complete and 0 interrupted iterations
peak_restaurant_view   [  83% ] 069/171 VUs  10m49.5s/13m0s  204.02 iters/s

running (10m51.0s), 163/171 VUs, 47931 complete and 0 interrupted iterations
peak_restaurant_view   [  83% ] 163/171 VUs  10m50.5s/13m0s  204.90 iters/s

running (10m52.0s), 242/242 VUs, 47987 complete and 0 interrupted iterations
peak_restaurant_view   [  84% ] 242/242 VUs  10m51.5s/13m0s  205.79 iters/s

running (10m53.0s), 264/266 VUs, 48147 complete and 0 interrupted iterations
peak_restaurant_view   [  84% ] 264/266 VUs  10m52.5s/13m0s  206.68 iters/s

running (10m54.0s), 264/272 VUs, 48348 complete and 0 interrupted iterations
peak_restaurant_view   [  84% ] 264/272 VUs  10m53.5s/13m0s  207.57 iters/s

running (10m55.0s), 249/272 VUs, 48571 complete and 0 interrupted iterations
peak_restaurant_view   [  84% ] 249/272 VUs  10m54.5s/13m0s  208.46 iters/s

running (10m56.0s), 235/272 VUs, 48794 complete and 0 interrupted iterations
peak_restaurant_view   [  84% ] 235/272 VUs  10m55.5s/13m0s  209.35 iters/s

running (10m57.0s), 217/272 VUs, 49022 complete and 0 interrupted iterations
peak_restaurant_view   [  84% ] 217/272 VUs  10m56.5s/13m0s  210.24 iters/s

running (10m58.0s), 196/272 VUs, 49254 complete and 0 interrupted iterations
peak_restaurant_view   [  84% ] 196/272 VUs  10m57.5s/13m0s  211.13 iters/s

running (10m59.0s), 178/272 VUs, 49483 complete and 0 interrupted iterations
peak_restaurant_view   [  84% ] 178/272 VUs  10m58.5s/13m0s  212.01 iters/s

running (11m00.0s), 157/272 VUs, 49717 complete and 0 interrupted iterations
peak_restaurant_view   [  85% ] 157/272 VUs  10m59.5s/13m0s  212.91 iters/s

running (11m01.0s), 152/272 VUs, 49935 complete and 0 interrupted iterations
peak_restaurant_view   [  85% ] 152/272 VUs  11m00.5s/13m0s  213.79 iters/s

running (11m02.0s), 133/272 VUs, 50168 complete and 0 interrupted iterations
peak_restaurant_view   [  85% ] 133/272 VUs  11m01.5s/13m0s  214.68 iters/s

running (11m03.0s), 136/272 VUs, 50380 complete and 0 interrupted iterations
peak_restaurant_view   [  85% ] 136/272 VUs  11m02.5s/13m0s  215.57 iters/s

running (11m04.0s), 129/272 VUs, 50603 complete and 0 interrupted iterations
peak_restaurant_view   [  85% ] 129/272 VUs  11m03.5s/13m0s  216.46 iters/s

running (11m05.0s), 133/272 VUs, 50816 complete and 0 interrupted iterations
peak_restaurant_view   [  85% ] 133/272 VUs  11m04.5s/13m0s  217.35 iters/s

running (11m06.0s), 136/272 VUs, 51031 complete and 0 interrupted iterations
peak_restaurant_view   [  85% ] 136/272 VUs  11m05.5s/13m0s  218.24 iters/s

running (11m07.0s), 148/272 VUs, 51238 complete and 0 interrupted iterations
peak_restaurant_view   [  85% ] 148/272 VUs  11m06.5s/13m0s  219.13 iters/s

running (11m08.0s), 137/272 VUs, 51468 complete and 0 interrupted iterations
peak_restaurant_view   [  86% ] 137/272 VUs  11m07.5s/13m0s  220.01 iters/s

running (11m09.0s), 129/272 VUs, 51697 complete and 0 interrupted iterations
peak_restaurant_view   [  86% ] 129/272 VUs  11m08.5s/13m0s  220.91 iters/s

running (11m10.0s), 128/272 VUs, 51919 complete and 0 interrupted iterations
peak_restaurant_view   [  86% ] 128/272 VUs  11m09.5s/13m0s  221.79 iters/s

running (11m11.0s), 123/272 VUs, 52146 complete and 0 interrupted iterations
peak_restaurant_view   [  86% ] 123/272 VUs  11m10.5s/13m0s  222.68 iters/s

running (11m12.0s), 127/272 VUs, 52366 complete and 0 interrupted iterations
peak_restaurant_view   [  86% ] 127/272 VUs  11m11.5s/13m0s  223.57 iters/s

running (11m13.0s), 161/272 VUs, 52555 complete and 0 interrupted iterations
peak_restaurant_view   [  86% ] 161/272 VUs  11m12.5s/13m0s  224.46 iters/s

running (11m14.0s), 165/272 VUs, 52776 complete and 0 interrupted iterations
peak_restaurant_view   [  86% ] 165/272 VUs  11m13.5s/13m0s  225.35 iters/s

running (11m15.0s), 191/272 VUs, 52976 complete and 0 interrupted iterations
peak_restaurant_view   [  86% ] 191/272 VUs  11m14.5s/13m0s  226.24 iters/s

running (11m16.0s), 195/272 VUs, 53199 complete and 0 interrupted iterations
peak_restaurant_view   [  87% ] 195/272 VUs  11m15.5s/13m0s  227.13 iters/s

running (11m17.0s), 205/272 VUs, 53416 complete and 0 interrupted iterations
peak_restaurant_view   [  87% ] 205/272 VUs  11m16.5s/13m0s  228.01 iters/s

running (11m18.0s), 211/272 VUs, 53639 complete and 0 interrupted iterations
peak_restaurant_view   [  87% ] 211/272 VUs  11m17.5s/13m0s  228.90 iters/s

running (11m19.0s), 220/272 VUs, 53859 complete and 0 interrupted iterations
peak_restaurant_view   [  87% ] 220/272 VUs  11m18.5s/13m0s  229.79 iters/s

running (11m20.0s), 226/272 VUs, 54083 complete and 0 interrupted iterations
peak_restaurant_view   [  87% ] 226/272 VUs  11m19.5s/13m0s  230.68 iters/s

running (11m21.0s), 236/272 VUs, 54305 complete and 0 interrupted iterations
peak_restaurant_view   [  87% ] 236/272 VUs  11m20.5s/13m0s  231.57 iters/s

running (11m22.0s), 246/272 VUs, 54527 complete and 0 interrupted iterations
peak_restaurant_view   [  87% ] 246/272 VUs  11m21.5s/13m0s  232.46 iters/s

running (11m23.0s), 248/272 VUs, 54758 complete and 0 interrupted iterations
peak_restaurant_view   [  88% ] 248/272 VUs  11m22.5s/13m0s  233.35 iters/s

running (11m24.0s), 251/272 VUs, 54988 complete and 0 interrupted iterations
peak_restaurant_view   [  88% ] 251/272 VUs  11m23.5s/13m0s  234.24 iters/s

running (11m25.0s), 262/272 VUs, 55212 complete and 0 interrupted iterations
peak_restaurant_view   [  88% ] 262/272 VUs  11m24.5s/13m0s  235.13 iters/s

running (11m26.0s), 271/272 VUs, 55439 complete and 0 interrupted iterations
peak_restaurant_view   [  88% ] 271/272 VUs  11m25.5s/13m0s  236.02 iters/s

running (11m27.0s), 273/277 VUs, 55668 complete and 0 interrupted iterations
peak_restaurant_view   [  88% ] 273/277 VUs  11m26.5s/13m0s  236.90 iters/s

running (11m28.0s), 278/281 VUs, 55896 complete and 0 interrupted iterations
peak_restaurant_view   [  88% ] 278/281 VUs  11m27.5s/13m0s  237.79 iters/s

running (11m29.0s), 281/287 VUs, 56125 complete and 0 interrupted iterations
peak_restaurant_view   [  88% ] 281/287 VUs  11m28.5s/13m0s  238.68 iters/s

running (11m30.0s), 295/298 VUs, 56337 complete and 0 interrupted iterations
peak_restaurant_view   [  88% ] 295/298 VUs  11m29.5s/13m0s  239.57 iters/s
time="2026-08-13T11:55:41+09:00" level=warning msg="Insufficient VUs, reached 300 active VUs and cannot initialize more" executor=ramping-arrival-rate scenario=peak_restaurant_view

running (11m31.0s), 290/300 VUs, 56569 complete and 0 interrupted iterations
peak_restaurant_view   [  89% ] 290/300 VUs  11m30.5s/13m0s  240.46 iters/s

running (11m32.0s), 298/300 VUs, 56792 complete and 0 interrupted iterations
peak_restaurant_view   [  89% ] 298/300 VUs  11m31.5s/13m0s  241.35 iters/s

running (11m33.0s), 295/300 VUs, 57023 complete and 0 interrupted iterations
peak_restaurant_view   [  89% ] 295/300 VUs  11m32.5s/13m0s  242.24 iters/s

running (11m34.0s), 299/300 VUs, 57242 complete and 0 interrupted iterations
peak_restaurant_view   [  89% ] 299/300 VUs  11m33.5s/13m0s  243.13 iters/s

running (11m35.0s), 300/300 VUs, 57468 complete and 0 interrupted iterations
peak_restaurant_view   [  89% ] 300/300 VUs  11m34.5s/13m0s  244.02 iters/s

running (11m36.0s), 297/300 VUs, 57693 complete and 0 interrupted iterations
peak_restaurant_view   [  89% ] 297/300 VUs  11m35.5s/13m0s  244.90 iters/s

running (11m37.0s), 300/300 VUs, 57909 complete and 0 interrupted iterations
peak_restaurant_view   [  89% ] 300/300 VUs  11m36.5s/13m0s  245.79 iters/s

running (11m38.0s), 299/300 VUs, 58139 complete and 0 interrupted iterations
peak_restaurant_view   [  89% ] 299/300 VUs  11m37.5s/13m0s  246.68 iters/s

running (11m39.0s), 296/300 VUs, 58366 complete and 0 interrupted iterations
peak_restaurant_view   [  90% ] 296/300 VUs  11m38.5s/13m0s  247.57 iters/s

running (11m40.0s), 297/300 VUs, 58590 complete and 0 interrupted iterations
peak_restaurant_view   [  90% ] 297/300 VUs  11m39.5s/13m0s  248.46 iters/s

running (11m41.0s), 297/300 VUs, 58819 complete and 0 interrupted iterations
peak_restaurant_view   [  90% ] 297/300 VUs  11m40.5s/13m0s  249.35 iters/s

running (11m42.0s), 297/300 VUs, 59040 complete and 0 interrupted iterations
peak_restaurant_view   [  90% ] 297/300 VUs  11m41.5s/13m0s  250.24 iters/s

running (11m43.0s), 299/300 VUs, 59270 complete and 0 interrupted iterations
peak_restaurant_view   [  90% ] 299/300 VUs  11m42.5s/13m0s  251.13 iters/s

running (11m44.0s), 298/300 VUs, 59495 complete and 0 interrupted iterations
peak_restaurant_view   [  90% ] 298/300 VUs  11m43.5s/13m0s  252.02 iters/s

running (11m45.0s), 298/300 VUs, 59714 complete and 0 interrupted iterations
peak_restaurant_view   [  90% ] 298/300 VUs  11m44.5s/13m0s  252.90 iters/s

running (11m46.0s), 300/300 VUs, 59916 complete and 0 interrupted iterations
peak_restaurant_view   [  90% ] 300/300 VUs  11m45.5s/13m0s  253.79 iters/s

running (11m47.0s), 297/300 VUs, 60142 complete and 0 interrupted iterations
peak_restaurant_view   [  91% ] 297/300 VUs  11m46.5s/13m0s  254.68 iters/s

running (11m48.0s), 300/300 VUs, 60362 complete and 0 interrupted iterations
peak_restaurant_view   [  91% ] 300/300 VUs  11m47.5s/13m0s  255.57 iters/s

running (11m49.0s), 297/300 VUs, 60590 complete and 0 interrupted iterations
peak_restaurant_view   [  91% ] 297/300 VUs  11m48.5s/13m0s  256.46 iters/s

running (11m50.0s), 298/300 VUs, 60754 complete and 0 interrupted iterations
peak_restaurant_view   [  91% ] 298/300 VUs  11m49.5s/13m0s  257.35 iters/s

running (11m51.0s), 300/300 VUs, 60890 complete and 0 interrupted iterations
peak_restaurant_view   [  91% ] 300/300 VUs  11m50.5s/13m0s  258.24 iters/s

running (11m52.0s), 299/300 VUs, 60971 complete and 0 interrupted iterations
peak_restaurant_view   [  91% ] 299/300 VUs  11m51.5s/13m0s  259.13 iters/s

running (11m53.0s), 298/300 VUs, 61125 complete and 0 interrupted iterations
peak_restaurant_view   [  91% ] 298/300 VUs  11m52.5s/13m0s  260.02 iters/s

running (11m54.0s), 297/300 VUs, 61353 complete and 0 interrupted iterations
peak_restaurant_view   [  91% ] 297/300 VUs  11m53.5s/13m0s  260.90 iters/s

running (11m55.0s), 298/300 VUs, 61577 complete and 0 interrupted iterations
peak_restaurant_view   [  92% ] 298/300 VUs  11m54.5s/13m0s  261.79 iters/s

running (11m56.0s), 300/300 VUs, 61800 complete and 0 interrupted iterations
peak_restaurant_view   [  92% ] 300/300 VUs  11m55.5s/13m0s  262.68 iters/s

running (11m57.0s), 296/300 VUs, 62030 complete and 0 interrupted iterations
peak_restaurant_view   [  92% ] 296/300 VUs  11m56.5s/13m0s  263.57 iters/s

running (11m58.0s), 300/300 VUs, 62250 complete and 0 interrupted iterations
peak_restaurant_view   [  92% ] 300/300 VUs  11m57.5s/13m0s  264.46 iters/s

running (11m59.0s), 300/300 VUs, 62479 complete and 0 interrupted iterations
peak_restaurant_view   [  92% ] 300/300 VUs  11m58.5s/13m0s  265.35 iters/s

running (12m00.0s), 299/300 VUs, 62709 complete and 0 interrupted iterations
peak_restaurant_view   [  92% ] 299/300 VUs  11m59.5s/13m0s  266.24 iters/s

running (12m01.0s), 299/300 VUs, 62932 complete and 0 interrupted iterations
peak_restaurant_view   [  92% ] 299/300 VUs  12m00.5s/13m0s  267.13 iters/s

running (12m02.0s), 299/300 VUs, 63156 complete and 0 interrupted iterations
peak_restaurant_view   [  93% ] 299/300 VUs  12m01.5s/13m0s  268.01 iters/s

running (12m03.0s), 300/300 VUs, 63379 complete and 0 interrupted iterations
peak_restaurant_view   [  93% ] 300/300 VUs  12m02.5s/13m0s  268.91 iters/s

running (12m04.0s), 300/300 VUs, 63606 complete and 0 interrupted iterations
peak_restaurant_view   [  93% ] 300/300 VUs  12m03.5s/13m0s  269.79 iters/s

running (12m05.0s), 300/300 VUs, 63832 complete and 0 interrupted iterations
peak_restaurant_view   [  93% ] 300/300 VUs  12m04.5s/13m0s  270.68 iters/s

running (12m06.0s), 297/300 VUs, 64058 complete and 0 interrupted iterations
peak_restaurant_view   [  93% ] 297/300 VUs  12m05.5s/13m0s  271.57 iters/s

running (12m07.0s), 297/300 VUs, 64280 complete and 0 interrupted iterations
peak_restaurant_view   [  93% ] 297/300 VUs  12m06.5s/13m0s  272.46 iters/s

running (12m08.0s), 296/300 VUs, 64503 complete and 0 interrupted iterations
peak_restaurant_view   [  93% ] 296/300 VUs  12m07.5s/13m0s  273.35 iters/s

running (12m09.0s), 300/300 VUs, 64731 complete and 0 interrupted iterations
peak_restaurant_view   [  93% ] 300/300 VUs  12m08.5s/13m0s  274.24 iters/s

running (12m10.0s), 299/300 VUs, 64963 complete and 0 interrupted iterations
peak_restaurant_view   [  94% ] 299/300 VUs  12m09.5s/13m0s  275.13 iters/s

running (12m11.0s), 299/300 VUs, 65192 complete and 0 interrupted iterations
peak_restaurant_view   [  94% ] 299/300 VUs  12m10.5s/13m0s  276.01 iters/s

running (12m12.0s), 299/300 VUs, 65423 complete and 0 interrupted iterations
peak_restaurant_view   [  94% ] 299/300 VUs  12m11.5s/13m0s  276.91 iters/s

running (12m13.0s), 300/300 VUs, 65653 complete and 0 interrupted iterations
peak_restaurant_view   [  94% ] 300/300 VUs  12m12.5s/13m0s  277.79 iters/s

running (12m14.0s), 300/300 VUs, 65879 complete and 0 interrupted iterations
peak_restaurant_view   [  94% ] 300/300 VUs  12m13.5s/13m0s  278.68 iters/s

running (12m15.0s), 299/300 VUs, 66104 complete and 0 interrupted iterations
peak_restaurant_view   [  94% ] 299/300 VUs  12m14.5s/13m0s  279.57 iters/s

running (12m16.0s), 298/300 VUs, 66331 complete and 0 interrupted iterations
peak_restaurant_view   [  94% ] 298/300 VUs  12m15.5s/13m0s  280.46 iters/s

running (12m17.0s), 299/300 VUs, 66561 complete and 0 interrupted iterations
peak_restaurant_view   [  94% ] 299/300 VUs  12m16.5s/13m0s  281.35 iters/s

running (12m18.0s), 300/300 VUs, 66774 complete and 0 interrupted iterations
peak_restaurant_view   [  95% ] 300/300 VUs  12m17.5s/13m0s  282.24 iters/s

running (12m19.0s), 298/300 VUs, 67007 complete and 0 interrupted iterations
peak_restaurant_view   [  95% ] 298/300 VUs  12m18.5s/13m0s  283.13 iters/s

running (12m20.0s), 298/300 VUs, 67205 complete and 0 interrupted iterations
peak_restaurant_view   [  95% ] 298/300 VUs  12m19.5s/13m0s  284.01 iters/s

running (12m21.0s), 299/300 VUs, 67430 complete and 0 interrupted iterations
peak_restaurant_view   [  95% ] 299/300 VUs  12m20.5s/13m0s  284.90 iters/s

running (12m22.0s), 300/300 VUs, 67648 complete and 0 interrupted iterations
peak_restaurant_view   [  95% ] 300/300 VUs  12m21.5s/13m0s  285.79 iters/s

running (12m23.0s), 299/300 VUs, 67877 complete and 0 interrupted iterations
peak_restaurant_view   [  95% ] 299/300 VUs  12m22.5s/13m0s  286.68 iters/s

running (12m24.0s), 300/300 VUs, 68106 complete and 0 interrupted iterations
peak_restaurant_view   [  95% ] 300/300 VUs  12m23.5s/13m0s  287.57 iters/s

running (12m25.0s), 300/300 VUs, 68332 complete and 0 interrupted iterations
peak_restaurant_view   [  95% ] 300/300 VUs  12m24.5s/13m0s  288.46 iters/s

running (12m26.0s), 300/300 VUs, 68563 complete and 0 interrupted iterations
peak_restaurant_view   [  96% ] 300/300 VUs  12m25.5s/13m0s  289.35 iters/s

running (12m27.0s), 299/300 VUs, 68791 complete and 0 interrupted iterations
peak_restaurant_view   [  96% ] 299/300 VUs  12m26.5s/13m0s  290.24 iters/s

running (12m28.0s), 300/300 VUs, 69022 complete and 0 interrupted iterations
peak_restaurant_view   [  96% ] 300/300 VUs  12m27.5s/13m0s  291.13 iters/s

running (12m29.0s), 298/300 VUs, 69252 complete and 0 interrupted iterations
peak_restaurant_view   [  96% ] 298/300 VUs  12m28.5s/13m0s  292.01 iters/s

running (12m30.0s), 300/300 VUs, 69476 complete and 0 interrupted iterations
peak_restaurant_view   [  96% ] 300/300 VUs  12m29.5s/13m0s  292.90 iters/s

running (12m31.0s), 300/300 VUs, 69700 complete and 0 interrupted iterations
peak_restaurant_view   [  96% ] 300/300 VUs  12m30.5s/13m0s  293.79 iters/s

running (12m32.0s), 299/300 VUs, 69933 complete and 0 interrupted iterations
peak_restaurant_view   [  96% ] 299/300 VUs  12m31.5s/13m0s  294.68 iters/s

running (12m33.0s), 300/300 VUs, 70152 complete and 0 interrupted iterations
peak_restaurant_view   [  96% ] 300/300 VUs  12m32.5s/13m0s  295.57 iters/s

running (12m34.0s), 300/300 VUs, 70376 complete and 0 interrupted iterations
peak_restaurant_view   [  97% ] 300/300 VUs  12m33.5s/13m0s  296.46 iters/s

running (12m35.0s), 299/300 VUs, 70600 complete and 0 interrupted iterations
peak_restaurant_view   [  97% ] 299/300 VUs  12m34.5s/13m0s  297.35 iters/s

running (12m36.0s), 300/300 VUs, 70824 complete and 0 interrupted iterations
peak_restaurant_view   [  97% ] 300/300 VUs  12m35.5s/13m0s  298.24 iters/s

running (12m37.0s), 299/300 VUs, 71033 complete and 0 interrupted iterations
peak_restaurant_view   [  97% ] 299/300 VUs  12m36.5s/13m0s  299.13 iters/s

running (12m38.0s), 300/300 VUs, 71257 complete and 0 interrupted iterations
peak_restaurant_view   [  97% ] 300/300 VUs  12m37.5s/13m0s  300.02 iters/s

running (12m39.0s), 299/300 VUs, 71483 complete and 0 interrupted iterations
peak_restaurant_view   [  97% ] 299/300 VUs  12m38.5s/13m0s  300.90 iters/s

running (12m40.0s), 299/300 VUs, 71704 complete and 0 interrupted iterations
peak_restaurant_view   [  97% ] 299/300 VUs  12m39.5s/13m0s  301.79 iters/s

running (12m41.0s), 300/300 VUs, 71932 complete and 0 interrupted iterations
peak_restaurant_view   [  98% ] 300/300 VUs  12m40.5s/13m0s  302.68 iters/s

running (12m42.0s), 298/300 VUs, 72157 complete and 0 interrupted iterations
peak_restaurant_view   [  98% ] 298/300 VUs  12m41.5s/13m0s  303.57 iters/s

running (12m43.0s), 299/300 VUs, 72377 complete and 0 interrupted iterations
peak_restaurant_view   [  98% ] 299/300 VUs  12m42.5s/13m0s  304.46 iters/s

running (12m44.0s), 299/300 VUs, 72602 complete and 0 interrupted iterations
peak_restaurant_view   [  98% ] 299/300 VUs  12m43.5s/13m0s  305.35 iters/s

running (12m45.0s), 300/300 VUs, 72817 complete and 0 interrupted iterations
peak_restaurant_view   [  98% ] 300/300 VUs  12m44.5s/13m0s  306.24 iters/s

running (12m46.0s), 299/300 VUs, 73043 complete and 0 interrupted iterations
peak_restaurant_view   [  98% ] 299/300 VUs  12m45.5s/13m0s  307.13 iters/s

running (12m47.0s), 300/300 VUs, 73259 complete and 0 interrupted iterations
peak_restaurant_view   [  98% ] 300/300 VUs  12m46.5s/13m0s  308.02 iters/s

running (12m48.0s), 300/300 VUs, 73484 complete and 0 interrupted iterations
peak_restaurant_view   [  98% ] 300/300 VUs  12m47.5s/13m0s  308.90 iters/s

running (12m49.0s), 299/300 VUs, 73714 complete and 0 interrupted iterations
peak_restaurant_view   [  99% ] 299/300 VUs  12m48.5s/13m0s  309.79 iters/s

running (12m50.0s), 300/300 VUs, 73853 complete and 0 interrupted iterations
peak_restaurant_view   [  99% ] 300/300 VUs  12m49.5s/13m0s  310.68 iters/s

running (12m51.0s), 300/300 VUs, 73996 complete and 0 interrupted iterations
peak_restaurant_view   [  99% ] 300/300 VUs  12m50.5s/13m0s  311.57 iters/s

running (12m52.0s), 300/300 VUs, 74112 complete and 0 interrupted iterations
peak_restaurant_view   [  99% ] 300/300 VUs  12m51.5s/13m0s  312.46 iters/s

running (12m53.0s), 300/300 VUs, 74323 complete and 0 interrupted iterations
peak_restaurant_view   [  99% ] 300/300 VUs  12m52.5s/13m0s  313.35 iters/s

running (12m54.0s), 297/300 VUs, 74556 complete and 0 interrupted iterations
peak_restaurant_view   [  99% ] 297/300 VUs  12m53.5s/13m0s  314.24 iters/s

running (12m55.0s), 300/300 VUs, 74773 complete and 0 interrupted iterations
peak_restaurant_view   [  99% ] 300/300 VUs  12m54.5s/13m0s  315.13 iters/s

running (12m56.0s), 300/300 VUs, 74999 complete and 0 interrupted iterations
peak_restaurant_view   [  99% ] 300/300 VUs  12m55.5s/13m0s  316.02 iters/s

running (12m57.0s), 300/300 VUs, 75222 complete and 0 interrupted iterations
peak_restaurant_view   [ 100% ] 300/300 VUs  12m56.5s/13m0s  316.90 iters/s

running (12m58.0s), 300/300 VUs, 75451 complete and 0 interrupted iterations
peak_restaurant_view   [ 100% ] 300/300 VUs  12m57.5s/13m0s  317.79 iters/s

running (12m59.0s), 299/300 VUs, 75681 complete and 0 interrupted iterations
peak_restaurant_view   [ 100% ] 299/300 VUs  12m58.5s/13m0s  318.68 iters/s

running (13m00.0s), 300/300 VUs, 75906 complete and 0 interrupted iterations
peak_restaurant_view   [ 100% ] 300/300 VUs  12m59.5s/13m0s  319.57 iters/s

running (13m01.0s), 175/300 VUs, 76138 complete and 0 interrupted iterations
peak_restaurant_view ↓ [ 100% ] 298/300 VUs  13m0s  320.00 iters/s


  █ TOTAL RESULTS 

    checks_total.......: 305252  390.524112/s
    checks_succeeded...: 100.00% 305252 out of 305252
    checks_failed......: 0.00%   0 out of 305252

    ✓ peak_restaurant_detail status is 200
    ✓ peak_restaurant_detail body.success is true
    ✓ peak_dining_sessions status is 200
    ✓ peak_dining_sessions body.success is true

    HTTP
    http_req_duration..............: avg=245.93ms min=4.92ms  med=21.83ms max=6.06s p(90)=963.37ms p(95)=1.34s p(99)=2.17s
      { expected_response:true }...: avg=245.93ms min=4.92ms  med=21.83ms max=6.06s p(90)=963.37ms p(95)=1.34s p(99)=2.17s
    http_req_failed................: 0.00%  0 out of 152631
    http_reqs......................: 152631 195.268453/s

    EXECUTION
    dropped_iterations.............: 5886   7.530253/s
    iteration_duration.............: avg=493.12ms min=20.67ms med=38.43ms max=6.57s p(90)=1.71s    p(95)=2.17s p(99)=3.39s
    iterations.....................: 76313  97.631028/s
    vus............................: 175    min=0           max=300
    vus_max........................: 300    min=50          max=300

    NETWORK
    data_received..................: 1.5 GB 1.9 MB/s
    data_sent......................: 17 MB  21 kB/s




running (13m01.6s), 000/300 VUs, 76313 complete and 0 interrupted iterations
peak_restaurant_view ✓ [ 100% ] 000/300 VUs  13m0s  320.00 iters/s
