
         /\      Grafana   /‾‾/  
    /\  /  \     |\  __   /  /   
   /  \/    \    | |/ /  /   ‾‾\ 
  /          \   |   (  |  (‾)  |
 / __________ \  |_|\_\  \_____/ 


     execution: local
        script: k6/scenarios/peak-restaurant-view.js
        output: -

     scenarios: (100.00%) 1 scenario, 300 max VUs, 13m30s max duration (incl. graceful stop):
              * peak_restaurant_view: Up to 320.00 iterations/s for 13m0s over 5 stages (maxVUs: 50-300, gracefulStop: 30s)


Run                    [ 100% ] setup()
peak_restaurant_view   [   0% ]

running (00m02.0s), 012/050 VUs, 3 complete and 0 interrupted iterations
peak_restaurant_view   [   0% ] 012/050 VUs  00m00.8s/13m0s  020.00 iters/s

running (00m03.0s), 011/050 VUs, 24 complete and 0 interrupted iterations
peak_restaurant_view   [   0% ] 011/050 VUs  00m01.8s/13m0s  020.00 iters/s

running (00m04.0s), 008/050 VUs, 47 complete and 0 interrupted iterations
peak_restaurant_view   [   0% ] 008/050 VUs  00m02.8s/13m0s  020.00 iters/s

running (00m05.0s), 012/050 VUs, 63 complete and 0 interrupted iterations
peak_restaurant_view   [   0% ] 012/050 VUs  00m03.8s/13m0s  020.00 iters/s

running (00m06.0s), 013/050 VUs, 82 complete and 0 interrupted iterations
peak_restaurant_view   [   1% ] 013/050 VUs  00m04.8s/13m0s  020.00 iters/s

running (00m07.0s), 005/050 VUs, 110 complete and 0 interrupted iterations
peak_restaurant_view   [   1% ] 005/050 VUs  00m05.8s/13m0s  020.00 iters/s

running (00m08.0s), 005/050 VUs, 130 complete and 0 interrupted iterations
peak_restaurant_view   [   1% ] 005/050 VUs  00m06.8s/13m0s  020.00 iters/s

running (00m09.0s), 005/050 VUs, 150 complete and 0 interrupted iterations
peak_restaurant_view   [   1% ] 005/050 VUs  00m07.8s/13m0s  020.00 iters/s

running (00m10.0s), 004/050 VUs, 171 complete and 0 interrupted iterations
peak_restaurant_view   [   1% ] 004/050 VUs  00m08.8s/13m0s  020.00 iters/s

running (00m11.0s), 004/050 VUs, 191 complete and 0 interrupted iterations
peak_restaurant_view   [   1% ] 004/050 VUs  00m09.8s/13m0s  020.00 iters/s

running (00m12.0s), 004/050 VUs, 211 complete and 0 interrupted iterations
peak_restaurant_view   [   1% ] 004/050 VUs  00m10.8s/13m0s  020.00 iters/s

running (00m13.0s), 010/050 VUs, 225 complete and 0 interrupted iterations
peak_restaurant_view   [   2% ] 010/050 VUs  00m11.8s/13m0s  020.00 iters/s

running (00m14.0s), 007/050 VUs, 248 complete and 0 interrupted iterations
peak_restaurant_view   [   2% ] 007/050 VUs  00m12.8s/13m0s  020.00 iters/s

running (00m15.0s), 023/050 VUs, 252 complete and 0 interrupted iterations
peak_restaurant_view   [   2% ] 023/050 VUs  00m13.8s/13m0s  020.00 iters/s

running (00m16.0s), 036/050 VUs, 259 complete and 0 interrupted iterations
peak_restaurant_view   [   2% ] 036/050 VUs  00m14.8s/13m0s  020.00 iters/s

running (00m17.0s), 004/050 VUs, 311 complete and 0 interrupted iterations
peak_restaurant_view   [   2% ] 004/050 VUs  00m15.8s/13m0s  020.00 iters/s

running (00m18.0s), 004/050 VUs, 331 complete and 0 interrupted iterations
peak_restaurant_view   [   2% ] 004/050 VUs  00m16.8s/13m0s  020.00 iters/s

running (00m19.0s), 004/050 VUs, 351 complete and 0 interrupted iterations
peak_restaurant_view   [   2% ] 004/050 VUs  00m17.8s/13m0s  020.00 iters/s

running (00m20.0s), 004/050 VUs, 371 complete and 0 interrupted iterations
peak_restaurant_view   [   2% ] 004/050 VUs  00m18.8s/13m0s  020.00 iters/s

running (00m21.0s), 004/050 VUs, 391 complete and 0 interrupted iterations
peak_restaurant_view   [   3% ] 004/050 VUs  00m19.8s/13m0s  020.00 iters/s

running (00m22.0s), 004/050 VUs, 411 complete and 0 interrupted iterations
peak_restaurant_view   [   3% ] 004/050 VUs  00m20.8s/13m0s  020.00 iters/s

running (00m23.0s), 004/050 VUs, 431 complete and 0 interrupted iterations
peak_restaurant_view   [   3% ] 004/050 VUs  00m21.8s/13m0s  020.00 iters/s

running (00m24.0s), 004/050 VUs, 451 complete and 0 interrupted iterations
peak_restaurant_view   [   3% ] 004/050 VUs  00m22.8s/13m0s  020.00 iters/s

running (00m25.0s), 004/050 VUs, 471 complete and 0 interrupted iterations
peak_restaurant_view   [   3% ] 004/050 VUs  00m23.8s/13m0s  020.00 iters/s

running (00m26.0s), 004/050 VUs, 491 complete and 0 interrupted iterations
peak_restaurant_view   [   3% ] 004/050 VUs  00m24.8s/13m0s  020.00 iters/s

running (00m27.0s), 004/050 VUs, 511 complete and 0 interrupted iterations
peak_restaurant_view   [   3% ] 004/050 VUs  00m25.8s/13m0s  020.00 iters/s

running (00m28.0s), 004/050 VUs, 531 complete and 0 interrupted iterations
peak_restaurant_view   [   3% ] 004/050 VUs  00m26.8s/13m0s  020.00 iters/s

running (00m29.0s), 004/050 VUs, 551 complete and 0 interrupted iterations
peak_restaurant_view   [   4% ] 004/050 VUs  00m27.8s/13m0s  020.00 iters/s

running (00m30.0s), 006/050 VUs, 569 complete and 0 interrupted iterations
peak_restaurant_view   [   4% ] 006/050 VUs  00m28.8s/13m0s  020.00 iters/s

running (00m31.0s), 004/050 VUs, 591 complete and 0 interrupted iterations
peak_restaurant_view   [   4% ] 004/050 VUs  00m29.8s/13m0s  020.00 iters/s

running (00m32.0s), 004/050 VUs, 611 complete and 0 interrupted iterations
peak_restaurant_view   [   4% ] 004/050 VUs  00m30.8s/13m0s  020.00 iters/s

running (00m33.0s), 004/050 VUs, 631 complete and 0 interrupted iterations
peak_restaurant_view   [   4% ] 004/050 VUs  00m31.8s/13m0s  020.00 iters/s

running (00m34.0s), 004/050 VUs, 651 complete and 0 interrupted iterations
peak_restaurant_view   [   4% ] 004/050 VUs  00m32.8s/13m0s  020.00 iters/s

running (00m35.0s), 004/050 VUs, 671 complete and 0 interrupted iterations
peak_restaurant_view   [   4% ] 004/050 VUs  00m33.8s/13m0s  020.00 iters/s

running (00m36.0s), 004/050 VUs, 691 complete and 0 interrupted iterations
peak_restaurant_view   [   4% ] 004/050 VUs  00m34.8s/13m0s  020.00 iters/s

running (00m37.0s), 004/050 VUs, 711 complete and 0 interrupted iterations
peak_restaurant_view   [   5% ] 004/050 VUs  00m35.8s/13m0s  020.00 iters/s

running (00m38.0s), 008/050 VUs, 727 complete and 0 interrupted iterations
peak_restaurant_view   [   5% ] 008/050 VUs  00m36.8s/13m0s  020.00 iters/s

running (00m39.0s), 004/050 VUs, 751 complete and 0 interrupted iterations
peak_restaurant_view   [   5% ] 004/050 VUs  00m37.8s/13m0s  020.00 iters/s

running (00m40.0s), 004/050 VUs, 771 complete and 0 interrupted iterations
peak_restaurant_view   [   5% ] 004/050 VUs  00m38.8s/13m0s  020.00 iters/s

running (00m41.0s), 006/050 VUs, 789 complete and 0 interrupted iterations
peak_restaurant_view   [   5% ] 006/050 VUs  00m39.8s/13m0s  020.00 iters/s

running (00m42.0s), 004/050 VUs, 811 complete and 0 interrupted iterations
peak_restaurant_view   [   5% ] 004/050 VUs  00m40.8s/13m0s  020.00 iters/s

running (00m43.0s), 004/050 VUs, 831 complete and 0 interrupted iterations
peak_restaurant_view   [   5% ] 004/050 VUs  00m41.8s/13m0s  020.00 iters/s

running (00m44.0s), 004/050 VUs, 851 complete and 0 interrupted iterations
peak_restaurant_view   [   5% ] 004/050 VUs  00m42.8s/13m0s  020.00 iters/s

running (00m45.0s), 005/050 VUs, 870 complete and 0 interrupted iterations
peak_restaurant_view   [   6% ] 005/050 VUs  00m43.8s/13m0s  020.00 iters/s

running (00m46.0s), 004/050 VUs, 891 complete and 0 interrupted iterations
peak_restaurant_view   [   6% ] 004/050 VUs  00m44.8s/13m0s  020.00 iters/s

running (00m47.0s), 004/050 VUs, 911 complete and 0 interrupted iterations
peak_restaurant_view   [   6% ] 004/050 VUs  00m45.8s/13m0s  020.00 iters/s

running (00m48.0s), 004/050 VUs, 931 complete and 0 interrupted iterations
peak_restaurant_view   [   6% ] 004/050 VUs  00m46.8s/13m0s  020.00 iters/s

running (00m49.0s), 004/050 VUs, 951 complete and 0 interrupted iterations
peak_restaurant_view   [   6% ] 004/050 VUs  00m47.8s/13m0s  020.00 iters/s

running (00m50.0s), 003/050 VUs, 972 complete and 0 interrupted iterations
peak_restaurant_view   [   6% ] 003/050 VUs  00m48.8s/13m0s  020.00 iters/s

running (00m51.0s), 005/050 VUs, 990 complete and 0 interrupted iterations
peak_restaurant_view   [   6% ] 005/050 VUs  00m49.8s/13m0s  020.00 iters/s

running (00m52.0s), 004/050 VUs, 1011 complete and 0 interrupted iterations
peak_restaurant_view   [   7% ] 004/050 VUs  00m50.8s/13m0s  020.00 iters/s

running (00m53.0s), 004/050 VUs, 1031 complete and 0 interrupted iterations
peak_restaurant_view   [   7% ] 004/050 VUs  00m51.8s/13m0s  020.00 iters/s

running (00m54.0s), 004/050 VUs, 1051 complete and 0 interrupted iterations
peak_restaurant_view   [   7% ] 004/050 VUs  00m52.8s/13m0s  020.00 iters/s

running (00m55.0s), 004/050 VUs, 1071 complete and 0 interrupted iterations
peak_restaurant_view   [   7% ] 004/050 VUs  00m53.8s/13m0s  020.00 iters/s

running (00m56.0s), 004/050 VUs, 1091 complete and 0 interrupted iterations
peak_restaurant_view   [   7% ] 004/050 VUs  00m54.8s/13m0s  020.00 iters/s

running (00m57.0s), 004/050 VUs, 1111 complete and 0 interrupted iterations
peak_restaurant_view   [   7% ] 004/050 VUs  00m55.8s/13m0s  020.00 iters/s

running (00m58.0s), 004/050 VUs, 1131 complete and 0 interrupted iterations
peak_restaurant_view   [   7% ] 004/050 VUs  00m56.8s/13m0s  020.00 iters/s

running (00m59.0s), 004/050 VUs, 1151 complete and 0 interrupted iterations
peak_restaurant_view   [   7% ] 004/050 VUs  00m57.8s/13m0s  020.00 iters/s

running (01m00.0s), 005/050 VUs, 1170 complete and 0 interrupted iterations
peak_restaurant_view   [   8% ] 005/050 VUs  00m58.8s/13m0s  020.00 iters/s

running (01m01.0s), 004/050 VUs, 1191 complete and 0 interrupted iterations
peak_restaurant_view   [   8% ] 004/050 VUs  00m59.8s/13m0s  020.00 iters/s

running (01m02.0s), 004/050 VUs, 1211 complete and 0 interrupted iterations
peak_restaurant_view   [   8% ] 004/050 VUs  01m00.8s/13m0s  020.09 iters/s

running (01m03.0s), 003/050 VUs, 1232 complete and 0 interrupted iterations
peak_restaurant_view   [   8% ] 003/050 VUs  01m01.8s/13m0s  020.20 iters/s

running (01m04.0s), 004/050 VUs, 1251 complete and 0 interrupted iterations
peak_restaurant_view   [   8% ] 004/050 VUs  01m02.8s/13m0s  020.31 iters/s

running (01m05.0s), 003/050 VUs, 1272 complete and 0 interrupted iterations
peak_restaurant_view   [   8% ] 003/050 VUs  01m03.8s/13m0s  020.42 iters/s

running (01m06.0s), 004/050 VUs, 1292 complete and 0 interrupted iterations
peak_restaurant_view   [   8% ] 004/050 VUs  01m04.8s/13m0s  020.53 iters/s

running (01m07.0s), 005/050 VUs, 1311 complete and 0 interrupted iterations
peak_restaurant_view   [   8% ] 005/050 VUs  01m05.8s/13m0s  020.64 iters/s

running (01m08.0s), 003/050 VUs, 1334 complete and 0 interrupted iterations
peak_restaurant_view   [   9% ] 003/050 VUs  01m06.8s/13m0s  020.75 iters/s

running (01m09.0s), 004/050 VUs, 1354 complete and 0 interrupted iterations
peak_restaurant_view   [   9% ] 004/050 VUs  01m07.8s/13m0s  020.86 iters/s

running (01m10.0s), 004/050 VUs, 1375 complete and 0 interrupted iterations
peak_restaurant_view   [   9% ] 004/050 VUs  01m08.8s/13m0s  020.97 iters/s

running (01m11.0s), 004/050 VUs, 1396 complete and 0 interrupted iterations
peak_restaurant_view   [   9% ] 004/050 VUs  01m09.8s/13m0s  021.08 iters/s

running (01m12.0s), 004/050 VUs, 1417 complete and 0 interrupted iterations
peak_restaurant_view   [   9% ] 004/050 VUs  01m10.8s/13m0s  021.19 iters/s

running (01m13.0s), 009/050 VUs, 1433 complete and 0 interrupted iterations
peak_restaurant_view   [   9% ] 009/050 VUs  01m11.8s/13m0s  021.30 iters/s

running (01m14.0s), 006/050 VUs, 1458 complete and 0 interrupted iterations
peak_restaurant_view   [   9% ] 006/050 VUs  01m12.8s/13m0s  021.42 iters/s

running (01m15.0s), 024/050 VUs, 1461 complete and 0 interrupted iterations
peak_restaurant_view   [   9% ] 024/050 VUs  01m13.8s/13m0s  021.53 iters/s

running (01m16.0s), 008/050 VUs, 1499 complete and 0 interrupted iterations
peak_restaurant_view   [  10% ] 008/050 VUs  01m14.8s/13m0s  021.64 iters/s

running (01m17.0s), 003/050 VUs, 1525 complete and 0 interrupted iterations
peak_restaurant_view   [  10% ] 003/050 VUs  01m15.8s/13m0s  021.75 iters/s

running (01m18.0s), 004/050 VUs, 1546 complete and 0 interrupted iterations
peak_restaurant_view   [  10% ] 004/050 VUs  01m16.8s/13m0s  021.86 iters/s

running (01m19.0s), 004/050 VUs, 1568 complete and 0 interrupted iterations
peak_restaurant_view   [  10% ] 004/050 VUs  01m17.8s/13m0s  021.97 iters/s

running (01m20.0s), 004/050 VUs, 1590 complete and 0 interrupted iterations
peak_restaurant_view   [  10% ] 004/050 VUs  01m18.8s/13m0s  022.08 iters/s

running (01m21.0s), 004/050 VUs, 1612 complete and 0 interrupted iterations
peak_restaurant_view   [  10% ] 004/050 VUs  01m19.8s/13m0s  022.19 iters/s

running (01m22.0s), 004/050 VUs, 1635 complete and 0 interrupted iterations
peak_restaurant_view   [  10% ] 004/050 VUs  01m20.8s/13m0s  022.31 iters/s

running (01m23.0s), 004/050 VUs, 1657 complete and 0 interrupted iterations
peak_restaurant_view   [  10% ] 004/050 VUs  01m21.8s/13m0s  022.42 iters/s

running (01m24.0s), 004/050 VUs, 1679 complete and 0 interrupted iterations
peak_restaurant_view   [  11% ] 004/050 VUs  01m22.8s/13m0s  022.53 iters/s

running (01m25.0s), 004/050 VUs, 1702 complete and 0 interrupted iterations
peak_restaurant_view   [  11% ] 004/050 VUs  01m23.8s/13m0s  022.64 iters/s

running (01m26.0s), 004/050 VUs, 1725 complete and 0 interrupted iterations
peak_restaurant_view   [  11% ] 004/050 VUs  01m24.8s/13m0s  022.75 iters/s

running (01m27.0s), 005/050 VUs, 1747 complete and 0 interrupted iterations
peak_restaurant_view   [  11% ] 005/050 VUs  01m25.8s/13m0s  022.86 iters/s

running (01m28.0s), 004/050 VUs, 1770 complete and 0 interrupted iterations
peak_restaurant_view   [  11% ] 004/050 VUs  01m26.8s/13m0s  022.97 iters/s

running (01m29.0s), 004/050 VUs, 1793 complete and 0 interrupted iterations
peak_restaurant_view   [  11% ] 004/050 VUs  01m27.8s/13m0s  023.08 iters/s

running (01m30.0s), 006/050 VUs, 1815 complete and 0 interrupted iterations
peak_restaurant_view   [  11% ] 006/050 VUs  01m28.8s/13m0s  023.20 iters/s

running (01m31.0s), 004/050 VUs, 1840 complete and 0 interrupted iterations
peak_restaurant_view   [  12% ] 004/050 VUs  01m29.8s/13m0s  023.31 iters/s

running (01m32.0s), 004/050 VUs, 1863 complete and 0 interrupted iterations
peak_restaurant_view   [  12% ] 004/050 VUs  01m30.8s/13m0s  023.42 iters/s

running (01m33.0s), 004/050 VUs, 1887 complete and 0 interrupted iterations
peak_restaurant_view   [  12% ] 004/050 VUs  01m31.8s/13m0s  023.53 iters/s

running (01m34.0s), 005/050 VUs, 1909 complete and 0 interrupted iterations
peak_restaurant_view   [  12% ] 005/050 VUs  01m32.8s/13m0s  023.64 iters/s

running (01m35.0s), 004/050 VUs, 1934 complete and 0 interrupted iterations
peak_restaurant_view   [  12% ] 004/050 VUs  01m33.8s/13m0s  023.75 iters/s

running (01m36.0s), 005/050 VUs, 1957 complete and 0 interrupted iterations
peak_restaurant_view   [  12% ] 005/050 VUs  01m34.8s/13m0s  023.86 iters/s

running (01m37.0s), 004/050 VUs, 1982 complete and 0 interrupted iterations
peak_restaurant_view   [  12% ] 004/050 VUs  01m35.8s/13m0s  023.97 iters/s

running (01m38.0s), 004/050 VUs, 2006 complete and 0 interrupted iterations
peak_restaurant_view   [  12% ] 004/050 VUs  01m36.8s/13m0s  024.09 iters/s

running (01m39.0s), 005/050 VUs, 2029 complete and 0 interrupted iterations
peak_restaurant_view   [  13% ] 005/050 VUs  01m37.8s/13m0s  024.20 iters/s

running (01m40.0s), 004/050 VUs, 2054 complete and 0 interrupted iterations
peak_restaurant_view   [  13% ] 004/050 VUs  01m38.8s/13m0s  024.31 iters/s

running (01m41.0s), 004/050 VUs, 2078 complete and 0 interrupted iterations
peak_restaurant_view   [  13% ] 004/050 VUs  01m39.8s/13m0s  024.42 iters/s

running (01m42.0s), 005/050 VUs, 2102 complete and 0 interrupted iterations
peak_restaurant_view   [  13% ] 005/050 VUs  01m40.8s/13m0s  024.53 iters/s

running (01m43.0s), 006/050 VUs, 2126 complete and 0 interrupted iterations
peak_restaurant_view   [  13% ] 006/050 VUs  01m41.8s/13m0s  024.64 iters/s

running (01m44.0s), 004/050 VUs, 2152 complete and 0 interrupted iterations
peak_restaurant_view   [  13% ] 004/050 VUs  01m42.8s/13m0s  024.75 iters/s

running (01m45.0s), 006/050 VUs, 2175 complete and 0 interrupted iterations
peak_restaurant_view   [  13% ] 006/050 VUs  01m43.8s/13m0s  024.86 iters/s

running (01m46.0s), 005/050 VUs, 2201 complete and 0 interrupted iterations
peak_restaurant_view   [  13% ] 005/050 VUs  01m44.8s/13m0s  024.97 iters/s

running (01m47.0s), 004/050 VUs, 2227 complete and 0 interrupted iterations
peak_restaurant_view   [  14% ] 004/050 VUs  01m45.8s/13m0s  025.08 iters/s

running (01m48.0s), 004/050 VUs, 2252 complete and 0 interrupted iterations
peak_restaurant_view   [  14% ] 004/050 VUs  01m46.8s/13m0s  025.19 iters/s

running (01m49.0s), 005/050 VUs, 2276 complete and 0 interrupted iterations
peak_restaurant_view   [  14% ] 005/050 VUs  01m47.8s/13m0s  025.30 iters/s

running (01m50.0s), 005/050 VUs, 2302 complete and 0 interrupted iterations
peak_restaurant_view   [  14% ] 005/050 VUs  01m48.8s/13m0s  025.42 iters/s

running (01m51.0s), 010/050 VUs, 2322 complete and 0 interrupted iterations
peak_restaurant_view   [  14% ] 010/050 VUs  01m49.8s/13m0s  025.53 iters/s

running (01m52.0s), 007/050 VUs, 2351 complete and 0 interrupted iterations
peak_restaurant_view   [  14% ] 007/050 VUs  01m50.8s/13m0s  025.64 iters/s

running (01m53.0s), 004/050 VUs, 2379 complete and 0 interrupted iterations
peak_restaurant_view   [  14% ] 004/050 VUs  01m51.8s/13m0s  025.75 iters/s

running (01m54.0s), 005/050 VUs, 2404 complete and 0 interrupted iterations
peak_restaurant_view   [  14% ] 005/050 VUs  01m52.8s/13m0s  025.86 iters/s

running (01m55.0s), 011/050 VUs, 2424 complete and 0 interrupted iterations
peak_restaurant_view   [  15% ] 011/050 VUs  01m53.8s/13m0s  025.97 iters/s

running (01m56.0s), 004/050 VUs, 2457 complete and 0 interrupted iterations
peak_restaurant_view   [  15% ] 004/050 VUs  01m54.8s/13m0s  026.08 iters/s

running (01m57.0s), 004/050 VUs, 2483 complete and 0 interrupted iterations
peak_restaurant_view   [  15% ] 004/050 VUs  01m55.8s/13m0s  026.19 iters/s

running (01m58.0s), 009/050 VUs, 2505 complete and 0 interrupted iterations
peak_restaurant_view   [  15% ] 009/050 VUs  01m56.8s/13m0s  026.31 iters/s

running (01m59.0s), 005/050 VUs, 2535 complete and 0 interrupted iterations
peak_restaurant_view   [  15% ] 005/050 VUs  01m57.8s/13m0s  026.42 iters/s

running (02m00.0s), 021/050 VUs, 2545 complete and 0 interrupted iterations
peak_restaurant_view   [  15% ] 021/050 VUs  01m58.8s/13m0s  026.53 iters/s

running (02m01.0s), 010/050 VUs, 2583 complete and 0 interrupted iterations
peak_restaurant_view   [  15% ] 010/050 VUs  01m59.8s/13m0s  026.64 iters/s

running (02m02.0s), 006/050 VUs, 2614 complete and 0 interrupted iterations
peak_restaurant_view   [  15% ] 006/050 VUs  02m00.8s/13m0s  026.75 iters/s

running (02m03.0s), 006/050 VUs, 2641 complete and 0 interrupted iterations
peak_restaurant_view   [  16% ] 006/050 VUs  02m01.8s/13m0s  026.86 iters/s

running (02m04.0s), 005/050 VUs, 2668 complete and 0 interrupted iterations
peak_restaurant_view   [  16% ] 005/050 VUs  02m02.8s/13m0s  026.97 iters/s

running (02m05.0s), 004/050 VUs, 2696 complete and 0 interrupted iterations
peak_restaurant_view   [  16% ] 004/050 VUs  02m03.8s/13m0s  027.08 iters/s

running (02m06.0s), 005/050 VUs, 2723 complete and 0 interrupted iterations
peak_restaurant_view   [  16% ] 005/050 VUs  02m04.8s/13m0s  027.20 iters/s

running (02m07.0s), 005/050 VUs, 2750 complete and 0 interrupted iterations
peak_restaurant_view   [  16% ] 005/050 VUs  02m05.8s/13m0s  027.31 iters/s

running (02m08.0s), 005/050 VUs, 2777 complete and 0 interrupted iterations
peak_restaurant_view   [  16% ] 005/050 VUs  02m06.8s/13m0s  027.42 iters/s

running (02m09.0s), 006/050 VUs, 2804 complete and 0 interrupted iterations
peak_restaurant_view   [  16% ] 006/050 VUs  02m07.8s/13m0s  027.53 iters/s

running (02m10.0s), 005/050 VUs, 2832 complete and 0 interrupted iterations
peak_restaurant_view   [  17% ] 005/050 VUs  02m08.8s/13m0s  027.64 iters/s

running (02m11.0s), 005/050 VUs, 2860 complete and 0 interrupted iterations
peak_restaurant_view   [  17% ] 005/050 VUs  02m09.8s/13m0s  027.75 iters/s

running (02m12.0s), 005/050 VUs, 2888 complete and 0 interrupted iterations
peak_restaurant_view   [  17% ] 005/050 VUs  02m10.8s/13m0s  027.86 iters/s

running (02m13.0s), 015/050 VUs, 2906 complete and 0 interrupted iterations
peak_restaurant_view   [  17% ] 015/050 VUs  02m11.8s/13m0s  027.97 iters/s

running (02m14.0s), 022/050 VUs, 2927 complete and 0 interrupted iterations
peak_restaurant_view   [  17% ] 022/050 VUs  02m12.8s/13m0s  028.09 iters/s

running (02m15.0s), 035/050 VUs, 2942 complete and 0 interrupted iterations
peak_restaurant_view   [  17% ] 035/050 VUs  02m13.8s/13m0s  028.20 iters/s

running (02m16.0s), 034/050 VUs, 2971 complete and 0 interrupted iterations
peak_restaurant_view   [  17% ] 034/050 VUs  02m14.8s/13m0s  028.31 iters/s

running (02m17.0s), 011/050 VUs, 3023 complete and 0 interrupted iterations
peak_restaurant_view   [  17% ] 011/050 VUs  02m15.8s/13m0s  028.42 iters/s

running (02m18.0s), 005/050 VUs, 3057 complete and 0 interrupted iterations
peak_restaurant_view   [  18% ] 005/050 VUs  02m16.8s/13m0s  028.53 iters/s

running (02m19.0s), 006/050 VUs, 3085 complete and 0 interrupted iterations
peak_restaurant_view   [  18% ] 006/050 VUs  02m17.8s/13m0s  028.64 iters/s

running (02m20.0s), 005/050 VUs, 3114 complete and 0 interrupted iterations
peak_restaurant_view   [  18% ] 005/050 VUs  02m18.8s/13m0s  028.75 iters/s

running (02m21.0s), 005/050 VUs, 3143 complete and 0 interrupted iterations
peak_restaurant_view   [  18% ] 005/050 VUs  02m19.8s/13m0s  028.86 iters/s

running (02m22.0s), 005/050 VUs, 3172 complete and 0 interrupted iterations
peak_restaurant_view   [  18% ] 005/050 VUs  02m20.8s/13m0s  028.97 iters/s

running (02m23.0s), 005/050 VUs, 3201 complete and 0 interrupted iterations
peak_restaurant_view   [  18% ] 005/050 VUs  02m21.8s/13m0s  029.08 iters/s

running (02m24.0s), 006/050 VUs, 3229 complete and 0 interrupted iterations
peak_restaurant_view   [  18% ] 006/050 VUs  02m22.8s/13m0s  029.19 iters/s

running (02m25.0s), 011/050 VUs, 3253 complete and 0 interrupted iterations
peak_restaurant_view   [  18% ] 011/050 VUs  02m23.8s/13m0s  029.30 iters/s

running (02m26.0s), 006/050 VUs, 3288 complete and 0 interrupted iterations
peak_restaurant_view   [  19% ] 006/050 VUs  02m24.8s/13m0s  029.42 iters/s

running (02m27.0s), 005/050 VUs, 3318 complete and 0 interrupted iterations
peak_restaurant_view   [  19% ] 005/050 VUs  02m25.8s/13m0s  029.53 iters/s

running (02m28.0s), 008/050 VUs, 3345 complete and 0 interrupted iterations
peak_restaurant_view   [  19% ] 008/050 VUs  02m26.8s/13m0s  029.64 iters/s

running (02m29.0s), 006/050 VUs, 3377 complete and 0 interrupted iterations
peak_restaurant_view   [  19% ] 006/050 VUs  02m27.8s/13m0s  029.75 iters/s

running (02m30.0s), 016/050 VUs, 3396 complete and 0 interrupted iterations
peak_restaurant_view   [  19% ] 016/050 VUs  02m28.8s/13m0s  029.86 iters/s

running (02m31.0s), 012/050 VUs, 3430 complete and 0 interrupted iterations
peak_restaurant_view   [  19% ] 012/050 VUs  02m29.8s/13m0s  029.97 iters/s

running (02m32.0s), 006/050 VUs, 3466 complete and 0 interrupted iterations
peak_restaurant_view   [  19% ] 006/050 VUs  02m30.8s/13m0s  030.08 iters/s

running (02m33.0s), 007/050 VUs, 3495 complete and 0 interrupted iterations
peak_restaurant_view   [  19% ] 007/050 VUs  02m31.8s/13m0s  030.19 iters/s

running (02m34.0s), 006/050 VUs, 3527 complete and 0 interrupted iterations
peak_restaurant_view   [  20% ] 006/050 VUs  02m32.8s/13m0s  030.31 iters/s

running (02m35.0s), 006/050 VUs, 3557 complete and 0 interrupted iterations
peak_restaurant_view   [  20% ] 006/050 VUs  02m33.8s/13m0s  030.42 iters/s

running (02m36.0s), 006/050 VUs, 3588 complete and 0 interrupted iterations
peak_restaurant_view   [  20% ] 006/050 VUs  02m34.8s/13m0s  030.53 iters/s

running (02m37.0s), 009/050 VUs, 3615 complete and 0 interrupted iterations
peak_restaurant_view   [  20% ] 009/050 VUs  02m35.8s/13m0s  030.64 iters/s

running (02m38.0s), 007/050 VUs, 3648 complete and 0 interrupted iterations
peak_restaurant_view   [  20% ] 007/050 VUs  02m36.8s/13m0s  030.75 iters/s

running (02m39.0s), 006/050 VUs, 3680 complete and 0 interrupted iterations
peak_restaurant_view   [  20% ] 006/050 VUs  02m37.8s/13m0s  030.86 iters/s

running (02m40.0s), 006/050 VUs, 3711 complete and 0 interrupted iterations
peak_restaurant_view   [  20% ] 006/050 VUs  02m38.8s/13m0s  030.97 iters/s

running (02m41.0s), 007/050 VUs, 3741 complete and 0 interrupted iterations
peak_restaurant_view   [  20% ] 007/050 VUs  02m39.8s/13m0s  031.09 iters/s

running (02m42.0s), 006/050 VUs, 3773 complete and 0 interrupted iterations
peak_restaurant_view   [  21% ] 006/050 VUs  02m40.8s/13m0s  031.20 iters/s

running (02m43.0s), 007/050 VUs, 3803 complete and 0 interrupted iterations
peak_restaurant_view   [  21% ] 007/050 VUs  02m41.8s/13m0s  031.31 iters/s

running (02m44.0s), 005/050 VUs, 3836 complete and 0 interrupted iterations
peak_restaurant_view   [  21% ] 005/050 VUs  02m42.8s/13m0s  031.42 iters/s

running (02m45.0s), 018/050 VUs, 3855 complete and 0 interrupted iterations
peak_restaurant_view   [  21% ] 018/050 VUs  02m43.8s/13m0s  031.53 iters/s

running (02m46.0s), 018/050 VUs, 3886 complete and 0 interrupted iterations
peak_restaurant_view   [  21% ] 018/050 VUs  02m44.8s/13m0s  031.64 iters/s

running (02m47.0s), 006/050 VUs, 3930 complete and 0 interrupted iterations
peak_restaurant_view   [  21% ] 006/050 VUs  02m45.8s/13m0s  031.75 iters/s

running (02m48.0s), 006/050 VUs, 3962 complete and 0 interrupted iterations
peak_restaurant_view   [  21% ] 006/050 VUs  02m46.8s/13m0s  031.86 iters/s

running (02m49.0s), 007/050 VUs, 3993 complete and 0 interrupted iterations
peak_restaurant_view   [  22% ] 007/050 VUs  02m47.8s/13m0s  031.97 iters/s

running (02m50.0s), 007/050 VUs, 4025 complete and 0 interrupted iterations
peak_restaurant_view   [  22% ] 007/050 VUs  02m48.8s/13m0s  032.08 iters/s

running (02m51.0s), 006/050 VUs, 4058 complete and 0 interrupted iterations
peak_restaurant_view   [  22% ] 006/050 VUs  02m49.8s/13m0s  032.20 iters/s

running (02m52.0s), 006/050 VUs, 4090 complete and 0 interrupted iterations
peak_restaurant_view   [  22% ] 006/050 VUs  02m50.8s/13m0s  032.31 iters/s

running (02m53.0s), 007/050 VUs, 4122 complete and 0 interrupted iterations
peak_restaurant_view   [  22% ] 007/050 VUs  02m51.8s/13m0s  032.42 iters/s

running (02m54.0s), 006/050 VUs, 4155 complete and 0 interrupted iterations
peak_restaurant_view   [  22% ] 006/050 VUs  02m52.8s/13m0s  032.53 iters/s

running (02m55.0s), 007/050 VUs, 4187 complete and 0 interrupted iterations
peak_restaurant_view   [  22% ] 007/050 VUs  02m53.8s/13m0s  032.64 iters/s

running (02m56.0s), 006/050 VUs, 4220 complete and 0 interrupted iterations
peak_restaurant_view   [  22% ] 006/050 VUs  02m54.8s/13m0s  032.75 iters/s

running (02m57.0s), 008/050 VUs, 4251 complete and 0 interrupted iterations
peak_restaurant_view   [  23% ] 008/050 VUs  02m55.8s/13m0s  032.86 iters/s

running (02m58.0s), 012/050 VUs, 4280 complete and 0 interrupted iterations
peak_restaurant_view   [  23% ] 012/050 VUs  02m56.8s/13m0s  032.97 iters/s

running (02m59.0s), 007/050 VUs, 4318 complete and 0 interrupted iterations
peak_restaurant_view   [  23% ] 007/050 VUs  02m57.8s/13m0s  033.08 iters/s

running (03m00.0s), 015/050 VUs, 4343 complete and 0 interrupted iterations
peak_restaurant_view   [  23% ] 015/050 VUs  02m58.8s/13m0s  033.19 iters/s

running (03m01.0s), 006/050 VUs, 4385 complete and 0 interrupted iterations
peak_restaurant_view   [  23% ] 006/050 VUs  02m59.8s/13m0s  033.30 iters/s

running (03m02.0s), 009/050 VUs, 4416 complete and 0 interrupted iterations
peak_restaurant_view   [  23% ] 009/050 VUs  03m00.8s/13m0s  033.42 iters/s

running (03m03.0s), 007/050 VUs, 4451 complete and 0 interrupted iterations
peak_restaurant_view   [  23% ] 007/050 VUs  03m01.8s/13m0s  033.53 iters/s

running (03m04.0s), 008/050 VUs, 4484 complete and 0 interrupted iterations
peak_restaurant_view   [  23% ] 008/050 VUs  03m02.8s/13m0s  033.64 iters/s

running (03m05.0s), 010/050 VUs, 4516 complete and 0 interrupted iterations
peak_restaurant_view   [  24% ] 010/050 VUs  03m03.8s/13m0s  033.75 iters/s

running (03m06.0s), 008/050 VUs, 4551 complete and 0 interrupted iterations
peak_restaurant_view   [  24% ] 008/050 VUs  03m04.8s/13m0s  033.86 iters/s

running (03m07.0s), 006/050 VUs, 4587 complete and 0 interrupted iterations
peak_restaurant_view   [  24% ] 006/050 VUs  03m05.8s/13m0s  033.97 iters/s

running (03m08.0s), 006/050 VUs, 4621 complete and 0 interrupted iterations
peak_restaurant_view   [  24% ] 006/050 VUs  03m06.8s/13m0s  034.08 iters/s

running (03m09.0s), 007/050 VUs, 4654 complete and 0 interrupted iterations
peak_restaurant_view   [  24% ] 007/050 VUs  03m07.8s/13m0s  034.19 iters/s

running (03m10.0s), 007/050 VUs, 4689 complete and 0 interrupted iterations
peak_restaurant_view   [  24% ] 007/050 VUs  03m08.8s/13m0s  034.31 iters/s

running (03m11.0s), 008/050 VUs, 4722 complete and 0 interrupted iterations
peak_restaurant_view   [  24% ] 008/050 VUs  03m09.8s/13m0s  034.42 iters/s

running (03m12.0s), 007/050 VUs, 4758 complete and 0 interrupted iterations
peak_restaurant_view   [  24% ] 007/050 VUs  03m10.8s/13m0s  034.53 iters/s

running (03m13.0s), 016/050 VUs, 4783 complete and 0 interrupted iterations
peak_restaurant_view   [  25% ] 016/050 VUs  03m11.8s/13m0s  034.64 iters/s

running (03m14.0s), 015/050 VUs, 4819 complete and 0 interrupted iterations
peak_restaurant_view   [  25% ] 015/050 VUs  03m12.8s/13m0s  034.75 iters/s

running (03m15.0s), 037/050 VUs, 4832 complete and 0 interrupted iterations
peak_restaurant_view   [  25% ] 037/050 VUs  03m13.8s/13m0s  034.86 iters/s

running (03m16.0s), 048/053 VUs, 4853 complete and 0 interrupted iterations
peak_restaurant_view   [  25% ] 048/053 VUs  03m14.8s/13m0s  034.97 iters/s

running (03m17.0s), 042/053 VUs, 4894 complete and 0 interrupted iterations
peak_restaurant_view   [  25% ] 042/053 VUs  03m15.8s/13m0s  035.09 iters/s

running (03m18.0s), 042/053 VUs, 4929 complete and 0 interrupted iterations
peak_restaurant_view   [  25% ] 042/053 VUs  03m16.8s/13m0s  035.20 iters/s

running (03m19.0s), 031/053 VUs, 4975 complete and 0 interrupted iterations
peak_restaurant_view   [  25% ] 031/053 VUs  03m17.8s/13m0s  035.31 iters/s

running (03m20.0s), 017/053 VUs, 5024 complete and 0 interrupted iterations
peak_restaurant_view   [  25% ] 017/053 VUs  03m18.8s/13m0s  035.42 iters/s

running (03m21.0s), 008/053 VUs, 5069 complete and 0 interrupted iterations
peak_restaurant_view   [  26% ] 008/053 VUs  03m19.8s/13m0s  035.53 iters/s

running (03m22.0s), 006/053 VUs, 5106 complete and 0 interrupted iterations
peak_restaurant_view   [  26% ] 006/053 VUs  03m20.8s/13m0s  035.64 iters/s

running (03m23.0s), 007/053 VUs, 5141 complete and 0 interrupted iterations
peak_restaurant_view   [  26% ] 007/053 VUs  03m21.8s/13m0s  035.75 iters/s

running (03m24.0s), 007/053 VUs, 5177 complete and 0 interrupted iterations
peak_restaurant_view   [  26% ] 007/053 VUs  03m22.8s/13m0s  035.86 iters/s

running (03m25.0s), 008/053 VUs, 5212 complete and 0 interrupted iterations
peak_restaurant_view   [  26% ] 008/053 VUs  03m23.8s/13m0s  035.97 iters/s

running (03m26.0s), 007/053 VUs, 5249 complete and 0 interrupted iterations
peak_restaurant_view   [  26% ] 007/053 VUs  03m24.8s/13m0s  036.08 iters/s

running (03m27.0s), 007/053 VUs, 5285 complete and 0 interrupted iterations
peak_restaurant_view   [  26% ] 007/053 VUs  03m25.8s/13m0s  036.20 iters/s

running (03m28.0s), 008/053 VUs, 5320 complete and 0 interrupted iterations
peak_restaurant_view   [  27% ] 008/053 VUs  03m26.8s/13m0s  036.31 iters/s

running (03m29.0s), 008/053 VUs, 5357 complete and 0 interrupted iterations
peak_restaurant_view   [  27% ] 008/053 VUs  03m27.8s/13m0s  036.42 iters/s

running (03m30.0s), 016/053 VUs, 5385 complete and 0 interrupted iterations
peak_restaurant_view   [  27% ] 016/053 VUs  03m28.8s/13m0s  036.53 iters/s

running (03m31.0s), 011/053 VUs, 5427 complete and 0 interrupted iterations
peak_restaurant_view   [  27% ] 011/053 VUs  03m29.8s/13m0s  036.64 iters/s

running (03m32.0s), 010/053 VUs, 5464 complete and 0 interrupted iterations
peak_restaurant_view   [  27% ] 010/053 VUs  03m30.8s/13m0s  036.75 iters/s

running (03m33.0s), 010/053 VUs, 5501 complete and 0 interrupted iterations
peak_restaurant_view   [  27% ] 010/053 VUs  03m31.8s/13m0s  036.86 iters/s

running (03m34.0s), 007/053 VUs, 5541 complete and 0 interrupted iterations
peak_restaurant_view   [  27% ] 007/053 VUs  03m32.8s/13m0s  036.97 iters/s

running (03m35.0s), 009/053 VUs, 5576 complete and 0 interrupted iterations
peak_restaurant_view   [  27% ] 009/053 VUs  03m33.8s/13m0s  037.08 iters/s

running (03m36.0s), 007/053 VUs, 5615 complete and 0 interrupted iterations
peak_restaurant_view   [  28% ] 007/053 VUs  03m34.8s/13m0s  037.19 iters/s

running (03m37.0s), 007/053 VUs, 5652 complete and 0 interrupted iterations
peak_restaurant_view   [  28% ] 007/053 VUs  03m35.8s/13m0s  037.31 iters/s

running (03m38.0s), 008/053 VUs, 5689 complete and 0 interrupted iterations
peak_restaurant_view   [  28% ] 008/053 VUs  03m36.8s/13m0s  037.42 iters/s

running (03m39.0s), 008/053 VUs, 5726 complete and 0 interrupted iterations
peak_restaurant_view   [  28% ] 008/053 VUs  03m37.8s/13m0s  037.53 iters/s

running (03m40.0s), 009/053 VUs, 5763 complete and 0 interrupted iterations
peak_restaurant_view   [  28% ] 009/053 VUs  03m38.8s/13m0s  037.64 iters/s

running (03m41.0s), 009/053 VUs, 5801 complete and 0 interrupted iterations
peak_restaurant_view   [  28% ] 009/053 VUs  03m39.8s/13m0s  037.75 iters/s

running (03m42.0s), 007/053 VUs, 5840 complete and 0 interrupted iterations
peak_restaurant_view   [  28% ] 007/053 VUs  03m40.8s/13m0s  037.86 iters/s

running (03m43.0s), 011/053 VUs, 5874 complete and 0 interrupted iterations
peak_restaurant_view   [  28% ] 011/053 VUs  03m41.8s/13m0s  037.97 iters/s

running (03m44.0s), 009/053 VUs, 5914 complete and 0 interrupted iterations
peak_restaurant_view   [  29% ] 009/053 VUs  03m42.8s/13m0s  038.08 iters/s

running (03m45.0s), 019/053 VUs, 5942 complete and 0 interrupted iterations
peak_restaurant_view   [  29% ] 019/053 VUs  03m43.8s/13m0s  038.19 iters/s

running (03m46.0s), 011/053 VUs, 5989 complete and 0 interrupted iterations
peak_restaurant_view   [  29% ] 011/053 VUs  03m44.8s/13m0s  038.31 iters/s

running (03m47.0s), 008/053 VUs, 6030 complete and 0 interrupted iterations
peak_restaurant_view   [  29% ] 008/053 VUs  03m45.8s/13m0s  038.42 iters/s

running (03m48.0s), 010/053 VUs, 6067 complete and 0 interrupted iterations
peak_restaurant_view   [  29% ] 010/053 VUs  03m46.8s/13m0s  038.53 iters/s

running (03m49.0s), 008/053 VUs, 6107 complete and 0 interrupted iterations
peak_restaurant_view   [  29% ] 008/053 VUs  03m47.8s/13m0s  038.64 iters/s

running (03m50.0s), 009/053 VUs, 6145 complete and 0 interrupted iterations
peak_restaurant_view   [  29% ] 009/053 VUs  03m48.8s/13m0s  038.75 iters/s

running (03m51.0s), 009/053 VUs, 6184 complete and 0 interrupted iterations
peak_restaurant_view   [  29% ] 009/053 VUs  03m49.8s/13m0s  038.86 iters/s

running (03m52.0s), 009/053 VUs, 6223 complete and 0 interrupted iterations
peak_restaurant_view   [  30% ] 009/053 VUs  03m50.8s/13m0s  038.97 iters/s

running (03m53.0s), 009/053 VUs, 6262 complete and 0 interrupted iterations
peak_restaurant_view   [  30% ] 009/053 VUs  03m51.8s/13m0s  039.09 iters/s

running (03m54.0s), 008/053 VUs, 6302 complete and 0 interrupted iterations
peak_restaurant_view   [  30% ] 008/053 VUs  03m52.8s/13m0s  039.20 iters/s

running (03m55.0s), 011/053 VUs, 6338 complete and 0 interrupted iterations
peak_restaurant_view   [  30% ] 011/053 VUs  03m53.8s/13m0s  039.31 iters/s

running (03m56.0s), 009/053 VUs, 6379 complete and 0 interrupted iterations
peak_restaurant_view   [  30% ] 009/053 VUs  03m54.8s/13m0s  039.42 iters/s

running (03m57.0s), 010/053 VUs, 6418 complete and 0 interrupted iterations
peak_restaurant_view   [  30% ] 010/053 VUs  03m55.8s/13m0s  039.53 iters/s

running (03m58.0s), 011/053 VUs, 6456 complete and 0 interrupted iterations
peak_restaurant_view   [  30% ] 011/053 VUs  03m56.8s/13m0s  039.64 iters/s

running (03m59.0s), 010/053 VUs, 6497 complete and 0 interrupted iterations
peak_restaurant_view   [  30% ] 010/053 VUs  03m57.8s/13m0s  039.75 iters/s

running (04m00.0s), 027/053 VUs, 6520 complete and 0 interrupted iterations
peak_restaurant_view   [  31% ] 027/053 VUs  03m58.8s/13m0s  039.86 iters/s

running (04m01.0s), 026/053 VUs, 6561 complete and 0 interrupted iterations
peak_restaurant_view   [  31% ] 026/053 VUs  03m59.8s/13m0s  039.97 iters/s

running (04m02.0s), 021/053 VUs, 6606 complete and 0 interrupted iterations
peak_restaurant_view   [  31% ] 021/053 VUs  04m00.8s/13m0s  040.17 iters/s

running (04m03.0s), 014/053 VUs, 6653 complete and 0 interrupted iterations
peak_restaurant_view   [  31% ] 014/053 VUs  04m01.8s/13m0s  040.39 iters/s

running (04m04.0s), 012/053 VUs, 6696 complete and 0 interrupted iterations
peak_restaurant_view   [  31% ] 012/053 VUs  04m02.8s/13m0s  040.61 iters/s

running (04m05.0s), 009/053 VUs, 6739 complete and 0 interrupted iterations
peak_restaurant_view   [  31% ] 009/053 VUs  04m03.8s/13m0s  040.83 iters/s

running (04m06.0s), 008/053 VUs, 6781 complete and 0 interrupted iterations
peak_restaurant_view   [  31% ] 008/053 VUs  04m04.8s/13m0s  041.06 iters/s

running (04m07.0s), 011/053 VUs, 6820 complete and 0 interrupted iterations
peak_restaurant_view   [  32% ] 011/053 VUs  04m05.8s/13m0s  041.28 iters/s

running (04m08.0s), 013/053 VUs, 6859 complete and 0 interrupted iterations
peak_restaurant_view   [  32% ] 013/053 VUs  04m06.8s/13m0s  041.50 iters/s

running (04m09.0s), 014/053 VUs, 6900 complete and 0 interrupted iterations
peak_restaurant_view   [  32% ] 014/053 VUs  04m07.8s/13m0s  041.73 iters/s

running (04m10.0s), 016/053 VUs, 6939 complete and 0 interrupted iterations
peak_restaurant_view   [  32% ] 016/053 VUs  04m08.8s/13m0s  041.94 iters/s

running (04m11.0s), 017/053 VUs, 6980 complete and 0 interrupted iterations
peak_restaurant_view   [  32% ] 017/053 VUs  04m09.8s/13m0s  042.17 iters/s

running (04m12.0s), 013/053 VUs, 7027 complete and 0 interrupted iterations
peak_restaurant_view   [  32% ] 013/053 VUs  04m10.8s/13m0s  042.39 iters/s

running (04m13.0s), 023/053 VUs, 7059 complete and 0 interrupted iterations
peak_restaurant_view   [  32% ] 023/053 VUs  04m11.8s/13m0s  042.61 iters/s

running (04m14.0s), 032/053 VUs, 7093 complete and 0 interrupted iterations
peak_restaurant_view   [  32% ] 032/053 VUs  04m12.8s/13m0s  042.84 iters/s

running (04m15.0s), 053/053 VUs, 7115 complete and 0 interrupted iterations
peak_restaurant_view   [  33% ] 053/053 VUs  04m13.8s/13m0s  043.06 iters/s

running (04m16.0s), 054/058 VUs, 7152 complete and 0 interrupted iterations
peak_restaurant_view   [  33% ] 054/058 VUs  04m14.8s/13m0s  043.28 iters/s

running (04m17.0s), 056/058 VUs, 7193 complete and 0 interrupted iterations
peak_restaurant_view   [  33% ] 056/058 VUs  04m15.8s/13m0s  043.50 iters/s

running (04m18.0s), 057/060 VUs, 7234 complete and 0 interrupted iterations
peak_restaurant_view   [  33% ] 057/060 VUs  04m16.8s/13m0s  043.72 iters/s

running (04m19.0s), 054/060 VUs, 7281 complete and 0 interrupted iterations
peak_restaurant_view   [  33% ] 054/060 VUs  04m17.8s/13m0s  043.95 iters/s

running (04m20.0s), 058/060 VUs, 7321 complete and 0 interrupted iterations
peak_restaurant_view   [  33% ] 058/060 VUs  04m18.8s/13m0s  044.17 iters/s

running (04m21.0s), 062/063 VUs, 7358 complete and 0 interrupted iterations
peak_restaurant_view   [  33% ] 062/063 VUs  04m19.8s/13m0s  044.39 iters/s

running (04m22.0s), 059/067 VUs, 7402 complete and 0 interrupted iterations
peak_restaurant_view   [  33% ] 059/067 VUs  04m20.8s/13m0s  044.61 iters/s

running (04m23.0s), 061/067 VUs, 7444 complete and 0 interrupted iterations
peak_restaurant_view   [  34% ] 061/067 VUs  04m21.8s/13m0s  044.83 iters/s

running (04m24.0s), 065/068 VUs, 7484 complete and 0 interrupted iterations
peak_restaurant_view   [  34% ] 065/068 VUs  04m22.8s/13m0s  045.06 iters/s

running (04m25.0s), 066/069 VUs, 7528 complete and 0 interrupted iterations
peak_restaurant_view   [  34% ] 066/069 VUs  04m23.8s/13m0s  045.28 iters/s

running (04m26.0s), 067/070 VUs, 7571 complete and 0 interrupted iterations
peak_restaurant_view   [  34% ] 067/070 VUs  04m24.8s/13m0s  045.50 iters/s

running (04m27.0s), 070/071 VUs, 7613 complete and 0 interrupted iterations
peak_restaurant_view   [  34% ] 070/071 VUs  04m25.8s/13m0s  045.73 iters/s

running (04m28.0s), 072/072 VUs, 7655 complete and 0 interrupted iterations
peak_restaurant_view   [  34% ] 072/072 VUs  04m26.8s/13m0s  045.94 iters/s

running (04m29.0s), 072/075 VUs, 7698 complete and 0 interrupted iterations
peak_restaurant_view   [  34% ] 072/075 VUs  04m27.8s/13m0s  046.17 iters/s

running (04m30.0s), 082/082 VUs, 7728 complete and 0 interrupted iterations
peak_restaurant_view   [  34% ] 082/082 VUs  04m28.8s/13m0s  046.39 iters/s

running (04m31.0s), 084/087 VUs, 7767 complete and 0 interrupted iterations
peak_restaurant_view   [  35% ] 084/087 VUs  04m29.8s/13m0s  046.61 iters/s

running (04m32.0s), 086/088 VUs, 7811 complete and 0 interrupted iterations
peak_restaurant_view   [  35% ] 086/088 VUs  04m30.8s/13m0s  046.84 iters/s

running (04m33.0s), 088/091 VUs, 7853 complete and 0 interrupted iterations
peak_restaurant_view   [  35% ] 088/091 VUs  04m31.8s/13m0s  047.06 iters/s

running (04m34.0s), 092/093 VUs, 7894 complete and 0 interrupted iterations
peak_restaurant_view   [  35% ] 092/093 VUs  04m32.8s/13m0s  047.28 iters/s

running (04m35.0s), 089/096 VUs, 7941 complete and 0 interrupted iterations
peak_restaurant_view   [  35% ] 089/096 VUs  04m33.8s/13m0s  047.50 iters/s

running (04m36.0s), 096/098 VUs, 7980 complete and 0 interrupted iterations
peak_restaurant_view   [  35% ] 096/098 VUs  04m34.8s/13m0s  047.72 iters/s

running (04m37.0s), 096/100 VUs, 8026 complete and 0 interrupted iterations
peak_restaurant_view   [  35% ] 096/100 VUs  04m35.8s/13m0s  047.95 iters/s

running (04m38.0s), 102/102 VUs, 8066 complete and 0 interrupted iterations
peak_restaurant_view   [  35% ] 102/102 VUs  04m36.8s/13m0s  048.17 iters/s

running (04m39.0s), 103/104 VUs, 8111 complete and 0 interrupted iterations
peak_restaurant_view   [  36% ] 103/104 VUs  04m37.8s/13m0s  048.39 iters/s

running (04m40.0s), 106/108 VUs, 8153 complete and 0 interrupted iterations
peak_restaurant_view   [  36% ] 106/108 VUs  04m38.8s/13m0s  048.61 iters/s

running (04m41.0s), 107/110 VUs, 8198 complete and 0 interrupted iterations
peak_restaurant_view   [  36% ] 107/110 VUs  04m39.8s/13m0s  048.83 iters/s

running (04m42.0s), 114/115 VUs, 8235 complete and 0 interrupted iterations
peak_restaurant_view   [  36% ] 114/115 VUs  04m40.8s/13m0s  049.06 iters/s

running (04m43.0s), 113/119 VUs, 8282 complete and 0 interrupted iterations
peak_restaurant_view   [  36% ] 113/119 VUs  04m41.8s/13m0s  049.28 iters/s

running (04m44.0s), 119/122 VUs, 8322 complete and 0 interrupted iterations
peak_restaurant_view   [  36% ] 119/122 VUs  04m42.8s/13m0s  049.50 iters/s

running (04m45.0s), 129/129 VUs, 8355 complete and 0 interrupted iterations
peak_restaurant_view   [  36% ] 129/129 VUs  04m43.8s/13m0s  049.73 iters/s

running (04m46.0s), 130/132 VUs, 8400 complete and 0 interrupted iterations
peak_restaurant_view   [  37% ] 130/132 VUs  04m44.8s/13m0s  049.94 iters/s

running (04m47.0s), 137/138 VUs, 8437 complete and 0 interrupted iterations
peak_restaurant_view   [  37% ] 137/138 VUs  04m45.8s/13m0s  050.17 iters/s

running (04m48.0s), 141/144 VUs, 8478 complete and 0 interrupted iterations
peak_restaurant_view   [  37% ] 141/144 VUs  04m46.8s/13m0s  050.39 iters/s

running (04m49.0s), 148/149 VUs, 8516 complete and 0 interrupted iterations
peak_restaurant_view   [  37% ] 148/149 VUs  04m47.8s/13m0s  050.61 iters/s

running (04m50.0s), 148/153 VUs, 8563 complete and 0 interrupted iterations
peak_restaurant_view   [  37% ] 148/153 VUs  04m48.8s/13m0s  050.84 iters/s

running (04m51.0s), 155/155 VUs, 8605 complete and 0 interrupted iterations
peak_restaurant_view   [  37% ] 155/155 VUs  04m49.8s/13m0s  051.06 iters/s

running (04m52.0s), 158/160 VUs, 8648 complete and 0 interrupted iterations
peak_restaurant_view   [  37% ] 158/160 VUs  04m50.8s/13m0s  051.28 iters/s

running (04m53.0s), 157/163 VUs, 8697 complete and 0 interrupted iterations
peak_restaurant_view   [  37% ] 157/163 VUs  04m51.8s/13m0s  051.50 iters/s

running (04m54.0s), 165/165 VUs, 8739 complete and 0 interrupted iterations
peak_restaurant_view   [  38% ] 165/165 VUs  04m52.8s/13m0s  051.72 iters/s

running (04m55.0s), 165/169 VUs, 8787 complete and 0 interrupted iterations
peak_restaurant_view   [  38% ] 165/169 VUs  04m53.8s/13m0s  051.95 iters/s

running (04m56.0s), 174/174 VUs, 8825 complete and 0 interrupted iterations
peak_restaurant_view   [  38% ] 174/174 VUs  04m54.8s/13m0s  052.17 iters/s

running (04m57.0s), 176/179 VUs, 8870 complete and 0 interrupted iterations
peak_restaurant_view   [  38% ] 176/179 VUs  04m55.8s/13m0s  052.39 iters/s

running (04m58.0s), 186/187 VUs, 8905 complete and 0 interrupted iterations
peak_restaurant_view   [  38% ] 186/187 VUs  04m56.8s/13m0s  052.61 iters/s

running (04m59.0s), 189/193 VUs, 8948 complete and 0 interrupted iterations
peak_restaurant_view   [  38% ] 189/193 VUs  04m57.8s/13m0s  052.83 iters/s

running (05m00.0s), 200/200 VUs, 8983 complete and 0 interrupted iterations
peak_restaurant_view   [  38% ] 200/200 VUs  04m58.8s/13m0s  053.06 iters/s

running (05m01.0s), 209/210 VUs, 9018 complete and 0 interrupted iterations
peak_restaurant_view   [  38% ] 209/210 VUs  04m59.8s/13m0s  053.28 iters/s

running (05m02.0s), 215/216 VUs, 9059 complete and 0 interrupted iterations
peak_restaurant_view   [  39% ] 215/216 VUs  05m00.8s/13m0s  053.50 iters/s

running (05m03.0s), 221/221 VUs, 9102 complete and 0 interrupted iterations
peak_restaurant_view   [  39% ] 221/221 VUs  05m01.8s/13m0s  053.73 iters/s

running (05m04.0s), 224/227 VUs, 9146 complete and 0 interrupted iterations
peak_restaurant_view   [  39% ] 224/227 VUs  05m02.8s/13m0s  053.94 iters/s

running (05m05.0s), 233/234 VUs, 9184 complete and 0 interrupted iterations
peak_restaurant_view   [  39% ] 233/234 VUs  05m03.8s/13m0s  054.17 iters/s

running (05m06.0s), 242/244 VUs, 9220 complete and 0 interrupted iterations
peak_restaurant_view   [  39% ] 242/244 VUs  05m04.8s/13m0s  054.39 iters/s

running (05m07.0s), 248/249 VUs, 9263 complete and 0 interrupted iterations
peak_restaurant_view   [  39% ] 248/249 VUs  05m05.8s/13m0s  054.61 iters/s

running (05m08.0s), 254/255 VUs, 9306 complete and 0 interrupted iterations
peak_restaurant_view   [  39% ] 254/255 VUs  05m06.8s/13m0s  054.84 iters/s

running (05m09.0s), 260/261 VUs, 9349 complete and 0 interrupted iterations
peak_restaurant_view   [  39% ] 260/261 VUs  05m07.8s/13m0s  055.06 iters/s

running (05m10.0s), 265/266 VUs, 9394 complete and 0 interrupted iterations
peak_restaurant_view   [  40% ] 265/266 VUs  05m08.8s/13m0s  055.28 iters/s

running (05m11.0s), 274/274 VUs, 9432 complete and 0 interrupted iterations
peak_restaurant_view   [  40% ] 274/274 VUs  05m09.8s/13m0s  055.50 iters/s

running (05m12.0s), 277/279 VUs, 9480 complete and 0 interrupted iterations
peak_restaurant_view   [  40% ] 277/279 VUs  05m10.8s/13m0s  055.72 iters/s

running (05m13.0s), 291/291 VUs, 9510 complete and 0 interrupted iterations
peak_restaurant_view   [  40% ] 291/291 VUs  05m11.8s/13m0s  055.95 iters/s
time="2026-08-12T19:15:00+09:00" level=warning msg="Insufficient VUs, reached 300 active VUs and cannot initialize more" executor=ramping-arrival-rate scenario=peak_restaurant_view

running (05m14.0s), 300/300 VUs, 9529 complete and 0 interrupted iterations
peak_restaurant_view   [  40% ] 300/300 VUs  05m12.8s/13m0s  056.17 iters/s

running (05m15.0s), 300/300 VUs, 9531 complete and 0 interrupted iterations
peak_restaurant_view   [  40% ] 300/300 VUs  05m13.8s/13m0s  056.39 iters/s

running (05m16.0s), 299/300 VUs, 9560 complete and 0 interrupted iterations
peak_restaurant_view   [  40% ] 299/300 VUs  05m14.8s/13m0s  056.61 iters/s

running (05m17.0s), 297/300 VUs, 9598 complete and 0 interrupted iterations
peak_restaurant_view   [  40% ] 297/300 VUs  05m15.8s/13m0s  056.83 iters/s

running (05m18.0s), 300/300 VUs, 9622 complete and 0 interrupted iterations
peak_restaurant_view   [  41% ] 300/300 VUs  05m16.8s/13m0s  057.06 iters/s

running (05m19.0s), 299/300 VUs, 9658 complete and 0 interrupted iterations
peak_restaurant_view   [  41% ] 299/300 VUs  05m17.8s/13m0s  057.28 iters/s

running (05m20.0s), 294/300 VUs, 9701 complete and 0 interrupted iterations
peak_restaurant_view   [  41% ] 294/300 VUs  05m18.8s/13m0s  057.50 iters/s

running (05m21.0s), 300/300 VUs, 9732 complete and 0 interrupted iterations
peak_restaurant_view   [  41% ] 300/300 VUs  05m19.8s/13m0s  057.73 iters/s

running (05m22.0s), 298/300 VUs, 9780 complete and 0 interrupted iterations
peak_restaurant_view   [  41% ] 298/300 VUs  05m20.8s/13m0s  057.94 iters/s

running (05m23.0s), 300/300 VUs, 9822 complete and 0 interrupted iterations
peak_restaurant_view   [  41% ] 300/300 VUs  05m21.8s/13m0s  058.17 iters/s

running (05m24.0s), 295/300 VUs, 9868 complete and 0 interrupted iterations
peak_restaurant_view   [  41% ] 295/300 VUs  05m22.8s/13m0s  058.39 iters/s

running (05m25.0s), 298/300 VUs, 9906 complete and 0 interrupted iterations
peak_restaurant_view   [  42% ] 298/300 VUs  05m23.8s/13m0s  058.61 iters/s

running (05m26.0s), 298/300 VUs, 9953 complete and 0 interrupted iterations
peak_restaurant_view   [  42% ] 298/300 VUs  05m24.8s/13m0s  058.83 iters/s

running (05m27.0s), 299/300 VUs, 9993 complete and 0 interrupted iterations
peak_restaurant_view   [  42% ] 299/300 VUs  05m25.8s/13m0s  059.06 iters/s

running (05m28.0s), 298/300 VUs, 10036 complete and 0 interrupted iterations
peak_restaurant_view   [  42% ] 298/300 VUs  05m26.8s/13m0s  059.28 iters/s

running (05m29.0s), 300/300 VUs, 10074 complete and 0 interrupted iterations
peak_restaurant_view   [  42% ] 300/300 VUs  05m27.8s/13m0s  059.50 iters/s

running (05m30.0s), 299/300 VUs, 10111 complete and 0 interrupted iterations
peak_restaurant_view   [  42% ] 299/300 VUs  05m28.8s/13m0s  059.72 iters/s

running (05m31.0s), 300/300 VUs, 10153 complete and 0 interrupted iterations
peak_restaurant_view   [  42% ] 300/300 VUs  05m29.8s/13m0s  059.95 iters/s

running (05m32.0s), 300/300 VUs, 10195 complete and 0 interrupted iterations
peak_restaurant_view   [  42% ] 300/300 VUs  05m30.8s/13m0s  060.17 iters/s

running (05m33.0s), 299/300 VUs, 10230 complete and 0 interrupted iterations
peak_restaurant_view   [  43% ] 299/300 VUs  05m31.8s/13m0s  060.39 iters/s

running (05m34.0s), 299/300 VUs, 10270 complete and 0 interrupted iterations
peak_restaurant_view   [  43% ] 299/300 VUs  05m32.8s/13m0s  060.61 iters/s

running (05m35.0s), 300/300 VUs, 10315 complete and 0 interrupted iterations
peak_restaurant_view   [  43% ] 300/300 VUs  05m33.8s/13m0s  060.84 iters/s

running (05m36.0s), 300/300 VUs, 10351 complete and 0 interrupted iterations
peak_restaurant_view   [  43% ] 300/300 VUs  05m34.8s/13m0s  061.06 iters/s

running (05m37.0s), 300/300 VUs, 10400 complete and 0 interrupted iterations
peak_restaurant_view   [  43% ] 300/300 VUs  05m35.8s/13m0s  061.28 iters/s

running (05m38.0s), 300/300 VUs, 10435 complete and 0 interrupted iterations
peak_restaurant_view   [  43% ] 300/300 VUs  05m36.8s/13m0s  061.50 iters/s

running (05m39.0s), 300/300 VUs, 10477 complete and 0 interrupted iterations
peak_restaurant_view   [  43% ] 300/300 VUs  05m37.8s/13m0s  061.73 iters/s

running (05m40.0s), 298/300 VUs, 10517 complete and 0 interrupted iterations
peak_restaurant_view   [  43% ] 298/300 VUs  05m38.8s/13m0s  061.95 iters/s

running (05m41.0s), 300/300 VUs, 10560 complete and 0 interrupted iterations
peak_restaurant_view   [  44% ] 300/300 VUs  05m39.8s/13m0s  062.17 iters/s

running (05m42.0s), 297/300 VUs, 10606 complete and 0 interrupted iterations
peak_restaurant_view   [  44% ] 297/300 VUs  05m40.8s/13m0s  062.39 iters/s

running (05m43.0s), 300/300 VUs, 10640 complete and 0 interrupted iterations
peak_restaurant_view   [  44% ] 300/300 VUs  05m41.8s/13m0s  062.61 iters/s

running (05m44.0s), 299/300 VUs, 10683 complete and 0 interrupted iterations
peak_restaurant_view   [  44% ] 299/300 VUs  05m42.8s/13m0s  062.83 iters/s

running (05m45.0s), 299/300 VUs, 10720 complete and 0 interrupted iterations
peak_restaurant_view   [  44% ] 299/300 VUs  05m43.8s/13m0s  063.06 iters/s

running (05m46.0s), 300/300 VUs, 10760 complete and 0 interrupted iterations
peak_restaurant_view   [  44% ] 300/300 VUs  05m44.8s/13m0s  063.28 iters/s

running (05m47.0s), 298/300 VUs, 10802 complete and 0 interrupted iterations
peak_restaurant_view   [  44% ] 298/300 VUs  05m45.8s/13m0s  063.50 iters/s

running (05m48.0s), 300/300 VUs, 10844 complete and 0 interrupted iterations
peak_restaurant_view   [  44% ] 300/300 VUs  05m46.8s/13m0s  063.72 iters/s

running (05m49.0s), 297/300 VUs, 10886 complete and 0 interrupted iterations
peak_restaurant_view   [  45% ] 297/300 VUs  05m47.8s/13m0s  063.95 iters/s

running (05m50.0s), 299/300 VUs, 10929 complete and 0 interrupted iterations
peak_restaurant_view   [  45% ] 299/300 VUs  05m48.8s/13m0s  064.17 iters/s

running (05m51.0s), 300/300 VUs, 10967 complete and 0 interrupted iterations
peak_restaurant_view   [  45% ] 300/300 VUs  05m49.8s/13m0s  064.39 iters/s

running (05m52.0s), 300/300 VUs, 11011 complete and 0 interrupted iterations
peak_restaurant_view   [  45% ] 300/300 VUs  05m50.8s/13m0s  064.61 iters/s

running (05m53.0s), 299/300 VUs, 11054 complete and 0 interrupted iterations
peak_restaurant_view   [  45% ] 299/300 VUs  05m51.8s/13m0s  064.84 iters/s

running (05m54.0s), 300/300 VUs, 11095 complete and 0 interrupted iterations
peak_restaurant_view   [  45% ] 300/300 VUs  05m52.8s/13m0s  065.06 iters/s

running (05m55.0s), 300/300 VUs, 11134 complete and 0 interrupted iterations
peak_restaurant_view   [  45% ] 300/300 VUs  05m53.8s/13m0s  065.28 iters/s

running (05m56.0s), 300/300 VUs, 11180 complete and 0 interrupted iterations
peak_restaurant_view   [  45% ] 300/300 VUs  05m54.8s/13m0s  065.50 iters/s

running (05m57.0s), 300/300 VUs, 11219 complete and 0 interrupted iterations
peak_restaurant_view   [  46% ] 300/300 VUs  05m55.8s/13m0s  065.73 iters/s

running (05m58.0s), 300/300 VUs, 11264 complete and 0 interrupted iterations
peak_restaurant_view   [  46% ] 300/300 VUs  05m56.8s/13m0s  065.95 iters/s

running (05m59.0s), 300/300 VUs, 11304 complete and 0 interrupted iterations
peak_restaurant_view   [  46% ] 300/300 VUs  05m57.8s/13m0s  066.17 iters/s

running (06m00.0s), 299/300 VUs, 11333 complete and 0 interrupted iterations
peak_restaurant_view   [  46% ] 299/300 VUs  05m58.8s/13m0s  066.39 iters/s

running (06m01.0s), 300/300 VUs, 11371 complete and 0 interrupted iterations
peak_restaurant_view   [  46% ] 300/300 VUs  05m59.8s/13m0s  066.61 iters/s

running (06m02.0s), 300/300 VUs, 11410 complete and 0 interrupted iterations
peak_restaurant_view   [  46% ] 300/300 VUs  06m00.8s/13m0s  066.83 iters/s

running (06m03.0s), 297/300 VUs, 11457 complete and 0 interrupted iterations
peak_restaurant_view   [  46% ] 297/300 VUs  06m01.8s/13m0s  067.06 iters/s

running (06m04.0s), 298/300 VUs, 11497 complete and 0 interrupted iterations
peak_restaurant_view   [  47% ] 298/300 VUs  06m02.8s/13m0s  067.28 iters/s

running (06m05.0s), 300/300 VUs, 11540 complete and 0 interrupted iterations
peak_restaurant_view   [  47% ] 300/300 VUs  06m03.8s/13m0s  067.50 iters/s

running (06m06.0s), 297/300 VUs, 11583 complete and 0 interrupted iterations
peak_restaurant_view   [  47% ] 297/300 VUs  06m04.8s/13m0s  067.72 iters/s

running (06m07.0s), 300/300 VUs, 11624 complete and 0 interrupted iterations
peak_restaurant_view   [  47% ] 300/300 VUs  06m05.8s/13m0s  067.95 iters/s

running (06m08.0s), 300/300 VUs, 11668 complete and 0 interrupted iterations
peak_restaurant_view   [  47% ] 300/300 VUs  06m06.8s/13m0s  068.17 iters/s

running (06m09.0s), 299/300 VUs, 11705 complete and 0 interrupted iterations
peak_restaurant_view   [  47% ] 299/300 VUs  06m07.8s/13m0s  068.39 iters/s

running (06m10.0s), 300/300 VUs, 11752 complete and 0 interrupted iterations
peak_restaurant_view   [  47% ] 300/300 VUs  06m08.8s/13m0s  068.61 iters/s

running (06m11.0s), 299/300 VUs, 11789 complete and 0 interrupted iterations
peak_restaurant_view   [  47% ] 299/300 VUs  06m09.8s/13m0s  068.84 iters/s

running (06m12.0s), 300/300 VUs, 11835 complete and 0 interrupted iterations
peak_restaurant_view   [  48% ] 300/300 VUs  06m10.8s/13m0s  069.06 iters/s

running (06m13.0s), 300/300 VUs, 11868 complete and 0 interrupted iterations
peak_restaurant_view   [  48% ] 300/300 VUs  06m11.8s/13m0s  069.28 iters/s

running (06m14.0s), 300/300 VUs, 11906 complete and 0 interrupted iterations
peak_restaurant_view   [  48% ] 300/300 VUs  06m12.8s/13m0s  069.50 iters/s

running (06m15.0s), 300/300 VUs, 11927 complete and 0 interrupted iterations
peak_restaurant_view   [  48% ] 300/300 VUs  06m13.8s/13m0s  069.72 iters/s

running (06m16.0s), 299/300 VUs, 11973 complete and 0 interrupted iterations
peak_restaurant_view   [  48% ] 299/300 VUs  06m14.8s/13m0s  069.95 iters/s

running (06m17.0s), 299/300 VUs, 12018 complete and 0 interrupted iterations
peak_restaurant_view   [  48% ] 299/300 VUs  06m15.8s/13m0s  070.17 iters/s

running (06m18.0s), 300/300 VUs, 12058 complete and 0 interrupted iterations
peak_restaurant_view   [  48% ] 300/300 VUs  06m16.8s/13m0s  070.39 iters/s

running (06m19.0s), 297/300 VUs, 12107 complete and 0 interrupted iterations
peak_restaurant_view   [  48% ] 297/300 VUs  06m17.8s/13m0s  070.61 iters/s

running (06m20.0s), 299/300 VUs, 12147 complete and 0 interrupted iterations
peak_restaurant_view   [  49% ] 299/300 VUs  06m18.8s/13m0s  070.83 iters/s

running (06m21.0s), 299/300 VUs, 12185 complete and 0 interrupted iterations
peak_restaurant_view   [  49% ] 299/300 VUs  06m19.8s/13m0s  071.06 iters/s

running (06m22.0s), 300/300 VUs, 12231 complete and 0 interrupted iterations
peak_restaurant_view   [  49% ] 300/300 VUs  06m20.8s/13m0s  071.28 iters/s

running (06m23.0s), 300/300 VUs, 12269 complete and 0 interrupted iterations
peak_restaurant_view   [  49% ] 300/300 VUs  06m21.8s/13m0s  071.50 iters/s

running (06m24.0s), 299/300 VUs, 12315 complete and 0 interrupted iterations
peak_restaurant_view   [  49% ] 299/300 VUs  06m22.8s/13m0s  071.72 iters/s

running (06m25.0s), 300/300 VUs, 12351 complete and 0 interrupted iterations
peak_restaurant_view   [  49% ] 300/300 VUs  06m23.8s/13m0s  071.95 iters/s

running (06m26.0s), 299/300 VUs, 12398 complete and 0 interrupted iterations
peak_restaurant_view   [  49% ] 299/300 VUs  06m24.8s/13m0s  072.17 iters/s

running (06m27.0s), 299/300 VUs, 12440 complete and 0 interrupted iterations
peak_restaurant_view   [  49% ] 299/300 VUs  06m25.8s/13m0s  072.39 iters/s

running (06m28.0s), 300/300 VUs, 12481 complete and 0 interrupted iterations
peak_restaurant_view   [  50% ] 300/300 VUs  06m26.8s/13m0s  072.61 iters/s

running (06m29.0s), 299/300 VUs, 12523 complete and 0 interrupted iterations
peak_restaurant_view   [  50% ] 299/300 VUs  06m27.8s/13m0s  072.84 iters/s

running (06m30.0s), 299/300 VUs, 12560 complete and 0 interrupted iterations
peak_restaurant_view   [  50% ] 299/300 VUs  06m28.8s/13m0s  073.06 iters/s

running (06m31.0s), 300/300 VUs, 12600 complete and 0 interrupted iterations
peak_restaurant_view   [  50% ] 300/300 VUs  06m29.8s/13m0s  073.28 iters/s

running (06m32.0s), 298/300 VUs, 12640 complete and 0 interrupted iterations
peak_restaurant_view   [  50% ] 298/300 VUs  06m30.8s/13m0s  073.50 iters/s

running (06m33.0s), 300/300 VUs, 12679 complete and 0 interrupted iterations
peak_restaurant_view   [  50% ] 300/300 VUs  06m31.8s/13m0s  073.72 iters/s

running (06m34.0s), 300/300 VUs, 12720 complete and 0 interrupted iterations
peak_restaurant_view   [  50% ] 300/300 VUs  06m32.8s/13m0s  073.95 iters/s

running (06m35.0s), 300/300 VUs, 12761 complete and 0 interrupted iterations
peak_restaurant_view   [  50% ] 300/300 VUs  06m33.8s/13m0s  074.17 iters/s

running (06m36.0s), 295/300 VUs, 12806 complete and 0 interrupted iterations
peak_restaurant_view   [  51% ] 295/300 VUs  06m34.8s/13m0s  074.39 iters/s

running (06m37.0s), 300/300 VUs, 12847 complete and 0 interrupted iterations
peak_restaurant_view   [  51% ] 300/300 VUs  06m35.8s/13m0s  074.61 iters/s

running (06m38.0s), 300/300 VUs, 12889 complete and 0 interrupted iterations
peak_restaurant_view   [  51% ] 300/300 VUs  06m36.8s/13m0s  074.83 iters/s

running (06m39.0s), 300/300 VUs, 12932 complete and 0 interrupted iterations
peak_restaurant_view   [  51% ] 300/300 VUs  06m37.8s/13m0s  075.06 iters/s

running (06m40.0s), 298/300 VUs, 12977 complete and 0 interrupted iterations
peak_restaurant_view   [  51% ] 298/300 VUs  06m38.8s/13m0s  075.28 iters/s

running (06m41.0s), 300/300 VUs, 13014 complete and 0 interrupted iterations
peak_restaurant_view   [  51% ] 300/300 VUs  06m39.8s/13m0s  075.50 iters/s

running (06m42.0s), 299/300 VUs, 13063 complete and 0 interrupted iterations
peak_restaurant_view   [  51% ] 299/300 VUs  06m40.8s/13m0s  075.72 iters/s

running (06m43.0s), 298/300 VUs, 13103 complete and 0 interrupted iterations
peak_restaurant_view   [  52% ] 298/300 VUs  06m41.8s/13m0s  075.95 iters/s

running (06m44.0s), 299/300 VUs, 13142 complete and 0 interrupted iterations
peak_restaurant_view   [  52% ] 299/300 VUs  06m42.8s/13m0s  076.17 iters/s

running (06m45.0s), 300/300 VUs, 13175 complete and 0 interrupted iterations
peak_restaurant_view   [  52% ] 300/300 VUs  06m43.8s/13m0s  076.39 iters/s

running (06m46.0s), 300/300 VUs, 13218 complete and 0 interrupted iterations
peak_restaurant_view   [  52% ] 300/300 VUs  06m44.8s/13m0s  076.61 iters/s

running (06m47.0s), 300/300 VUs, 13262 complete and 0 interrupted iterations
peak_restaurant_view   [  52% ] 300/300 VUs  06m45.8s/13m0s  076.84 iters/s

running (06m48.0s), 299/300 VUs, 13297 complete and 0 interrupted iterations
peak_restaurant_view   [  52% ] 299/300 VUs  06m46.8s/13m0s  077.06 iters/s

running (06m49.0s), 300/300 VUs, 13348 complete and 0 interrupted iterations
peak_restaurant_view   [  52% ] 300/300 VUs  06m47.8s/13m0s  077.28 iters/s

running (06m50.0s), 300/300 VUs, 13384 complete and 0 interrupted iterations
peak_restaurant_view   [  52% ] 300/300 VUs  06m48.8s/13m0s  077.50 iters/s

running (06m51.0s), 299/300 VUs, 13431 complete and 0 interrupted iterations
peak_restaurant_view   [  53% ] 299/300 VUs  06m49.8s/13m0s  077.72 iters/s

running (06m52.0s), 300/300 VUs, 13473 complete and 0 interrupted iterations
peak_restaurant_view   [  53% ] 300/300 VUs  06m50.8s/13m0s  077.95 iters/s

running (06m53.0s), 300/300 VUs, 13518 complete and 0 interrupted iterations
peak_restaurant_view   [  53% ] 300/300 VUs  06m51.8s/13m0s  078.17 iters/s

running (06m54.0s), 300/300 VUs, 13558 complete and 0 interrupted iterations
peak_restaurant_view   [  53% ] 300/300 VUs  06m52.8s/13m0s  078.39 iters/s

running (06m55.0s), 300/300 VUs, 13603 complete and 0 interrupted iterations
peak_restaurant_view   [  53% ] 300/300 VUs  06m53.8s/13m0s  078.61 iters/s

running (06m56.0s), 297/300 VUs, 13642 complete and 0 interrupted iterations
peak_restaurant_view   [  53% ] 297/300 VUs  06m54.8s/13m0s  078.83 iters/s

running (06m57.0s), 299/300 VUs, 13689 complete and 0 interrupted iterations
peak_restaurant_view   [  53% ] 299/300 VUs  06m55.8s/13m0s  079.06 iters/s

running (06m58.0s), 300/300 VUs, 13725 complete and 0 interrupted iterations
peak_restaurant_view   [  53% ] 300/300 VUs  06m56.8s/13m0s  079.28 iters/s

running (06m59.0s), 299/300 VUs, 13771 complete and 0 interrupted iterations
peak_restaurant_view   [  54% ] 299/300 VUs  06m57.8s/13m0s  079.50 iters/s

running (07m00.0s), 300/300 VUs, 13796 complete and 0 interrupted iterations
peak_restaurant_view   [  54% ] 300/300 VUs  06m58.8s/13m0s  079.72 iters/s

running (07m01.0s), 299/300 VUs, 13838 complete and 0 interrupted iterations
peak_restaurant_view   [  54% ] 299/300 VUs  06m59.8s/13m0s  079.95 iters/s

running (07m02.0s), 300/300 VUs, 13881 complete and 0 interrupted iterations
peak_restaurant_view   [  54% ] 300/300 VUs  07m00.8s/13m0s  080.34 iters/s

running (07m03.0s), 300/300 VUs, 13919 complete and 0 interrupted iterations
peak_restaurant_view   [  54% ] 300/300 VUs  07m01.8s/13m0s  080.78 iters/s

running (07m04.0s), 300/300 VUs, 13959 complete and 0 interrupted iterations
peak_restaurant_view   [  54% ] 300/300 VUs  07m02.8s/13m0s  081.23 iters/s

running (07m05.0s), 298/300 VUs, 14005 complete and 0 interrupted iterations
peak_restaurant_view   [  54% ] 298/300 VUs  07m03.8s/13m0s  081.67 iters/s

running (07m06.0s), 300/300 VUs, 14047 complete and 0 interrupted iterations
peak_restaurant_view   [  54% ] 300/300 VUs  07m04.8s/13m0s  082.11 iters/s

running (07m07.0s), 300/300 VUs, 14090 complete and 0 interrupted iterations
peak_restaurant_view   [  55% ] 300/300 VUs  07m05.8s/13m0s  082.56 iters/s

running (07m08.0s), 297/300 VUs, 14147 complete and 0 interrupted iterations
peak_restaurant_view   [  55% ] 297/300 VUs  07m06.8s/13m0s  083.00 iters/s

running (07m09.0s), 300/300 VUs, 14192 complete and 0 interrupted iterations
peak_restaurant_view   [  55% ] 300/300 VUs  07m07.8s/13m0s  083.45 iters/s

running (07m10.0s), 300/300 VUs, 14236 complete and 0 interrupted iterations
peak_restaurant_view   [  55% ] 300/300 VUs  07m08.8s/13m0s  083.89 iters/s

running (07m11.0s), 299/300 VUs, 14276 complete and 0 interrupted iterations
peak_restaurant_view   [  55% ] 299/300 VUs  07m09.8s/13m0s  084.34 iters/s

running (07m12.0s), 300/300 VUs, 14323 complete and 0 interrupted iterations
peak_restaurant_view   [  55% ] 300/300 VUs  07m10.8s/13m0s  084.78 iters/s

running (07m13.0s), 300/300 VUs, 14358 complete and 0 interrupted iterations
peak_restaurant_view   [  55% ] 300/300 VUs  07m11.8s/13m0s  085.23 iters/s

running (07m14.0s), 300/300 VUs, 14394 complete and 0 interrupted iterations
peak_restaurant_view   [  55% ] 300/300 VUs  07m12.8s/13m0s  085.67 iters/s

running (07m15.0s), 300/300 VUs, 14418 complete and 0 interrupted iterations
peak_restaurant_view   [  56% ] 300/300 VUs  07m13.8s/13m0s  086.11 iters/s

running (07m16.0s), 300/300 VUs, 14459 complete and 0 interrupted iterations
peak_restaurant_view   [  56% ] 300/300 VUs  07m14.8s/13m0s  086.56 iters/s

running (07m17.0s), 300/300 VUs, 14497 complete and 0 interrupted iterations
peak_restaurant_view   [  56% ] 300/300 VUs  07m15.8s/13m0s  087.00 iters/s

running (07m18.0s), 300/300 VUs, 14544 complete and 0 interrupted iterations
peak_restaurant_view   [  56% ] 300/300 VUs  07m16.8s/13m0s  087.45 iters/s

running (07m19.0s), 299/300 VUs, 14587 complete and 0 interrupted iterations
peak_restaurant_view   [  56% ] 299/300 VUs  07m17.8s/13m0s  087.89 iters/s

running (07m20.0s), 300/300 VUs, 14629 complete and 0 interrupted iterations
peak_restaurant_view   [  56% ] 300/300 VUs  07m18.8s/13m0s  088.34 iters/s

running (07m21.0s), 299/300 VUs, 14674 complete and 0 interrupted iterations
peak_restaurant_view   [  56% ] 299/300 VUs  07m19.8s/13m0s  088.78 iters/s

running (07m22.0s), 300/300 VUs, 14717 complete and 0 interrupted iterations
peak_restaurant_view   [  57% ] 300/300 VUs  07m20.8s/13m0s  089.23 iters/s

running (07m23.0s), 300/300 VUs, 14760 complete and 0 interrupted iterations
peak_restaurant_view   [  57% ] 300/300 VUs  07m21.8s/13m0s  089.67 iters/s

running (07m24.0s), 299/300 VUs, 14804 complete and 0 interrupted iterations
peak_restaurant_view   [  57% ] 299/300 VUs  07m22.8s/13m0s  090.11 iters/s

running (07m25.0s), 300/300 VUs, 14845 complete and 0 interrupted iterations
peak_restaurant_view   [  57% ] 300/300 VUs  07m23.8s/13m0s  090.56 iters/s

running (07m26.0s), 299/300 VUs, 14891 complete and 0 interrupted iterations
peak_restaurant_view   [  57% ] 299/300 VUs  07m24.8s/13m0s  091.00 iters/s

running (07m27.0s), 300/300 VUs, 14932 complete and 0 interrupted iterations
peak_restaurant_view   [  57% ] 300/300 VUs  07m25.8s/13m0s  091.45 iters/s

running (07m28.0s), 299/300 VUs, 14975 complete and 0 interrupted iterations
peak_restaurant_view   [  57% ] 299/300 VUs  07m26.8s/13m0s  091.89 iters/s

running (07m29.0s), 298/300 VUs, 15021 complete and 0 interrupted iterations
peak_restaurant_view   [  57% ] 298/300 VUs  07m27.8s/13m0s  092.34 iters/s

running (07m30.0s), 300/300 VUs, 15051 complete and 0 interrupted iterations
peak_restaurant_view   [  58% ] 300/300 VUs  07m28.8s/13m0s  092.78 iters/s

running (07m31.0s), 300/300 VUs, 15085 complete and 0 interrupted iterations
peak_restaurant_view   [  58% ] 300/300 VUs  07m29.8s/13m0s  093.23 iters/s

running (07m32.0s), 300/300 VUs, 15127 complete and 0 interrupted iterations
peak_restaurant_view   [  58% ] 300/300 VUs  07m30.8s/13m0s  093.67 iters/s

running (07m33.0s), 300/300 VUs, 15172 complete and 0 interrupted iterations
peak_restaurant_view   [  58% ] 300/300 VUs  07m31.8s/13m0s  094.11 iters/s

running (07m34.0s), 300/300 VUs, 15216 complete and 0 interrupted iterations
peak_restaurant_view   [  58% ] 300/300 VUs  07m32.8s/13m0s  094.56 iters/s

running (07m35.0s), 300/300 VUs, 15258 complete and 0 interrupted iterations
peak_restaurant_view   [  58% ] 300/300 VUs  07m33.8s/13m0s  095.00 iters/s

running (07m36.0s), 300/300 VUs, 15302 complete and 0 interrupted iterations
peak_restaurant_view   [  58% ] 300/300 VUs  07m34.8s/13m0s  095.45 iters/s

running (07m37.0s), 300/300 VUs, 15345 complete and 0 interrupted iterations
peak_restaurant_view   [  58% ] 300/300 VUs  07m35.8s/13m0s  095.89 iters/s

running (07m38.0s), 299/300 VUs, 15388 complete and 0 interrupted iterations
peak_restaurant_view   [  59% ] 299/300 VUs  07m36.8s/13m0s  096.34 iters/s

running (07m39.0s), 300/300 VUs, 15431 complete and 0 interrupted iterations
peak_restaurant_view   [  59% ] 300/300 VUs  07m37.8s/13m0s  096.78 iters/s

running (07m40.0s), 300/300 VUs, 15470 complete and 0 interrupted iterations
peak_restaurant_view   [  59% ] 300/300 VUs  07m38.8s/13m0s  097.23 iters/s

running (07m41.0s), 300/300 VUs, 15516 complete and 0 interrupted iterations
peak_restaurant_view   [  59% ] 300/300 VUs  07m39.8s/13m0s  097.67 iters/s

running (07m42.0s), 300/300 VUs, 15559 complete and 0 interrupted iterations
peak_restaurant_view   [  59% ] 300/300 VUs  07m40.8s/13m0s  098.11 iters/s

running (07m43.0s), 300/300 VUs, 15598 complete and 0 interrupted iterations
peak_restaurant_view   [  59% ] 300/300 VUs  07m41.8s/13m0s  098.56 iters/s

running (07m44.0s), 300/300 VUs, 15634 complete and 0 interrupted iterations
peak_restaurant_view   [  59% ] 300/300 VUs  07m42.8s/13m0s  099.01 iters/s

running (07m45.0s), 300/300 VUs, 15668 complete and 0 interrupted iterations
peak_restaurant_view   [  59% ] 300/300 VUs  07m43.8s/13m0s  099.45 iters/s

running (07m46.0s), 300/300 VUs, 15712 complete and 0 interrupted iterations
peak_restaurant_view   [  60% ] 300/300 VUs  07m44.8s/13m0s  099.89 iters/s

running (07m47.0s), 299/300 VUs, 15755 complete and 0 interrupted iterations
peak_restaurant_view   [  60% ] 299/300 VUs  07m45.8s/13m0s  100.33 iters/s

running (07m48.0s), 300/300 VUs, 15796 complete and 0 interrupted iterations
peak_restaurant_view   [  60% ] 300/300 VUs  07m46.8s/13m0s  100.78 iters/s

running (07m49.0s), 299/300 VUs, 15845 complete and 0 interrupted iterations
peak_restaurant_view   [  60% ] 299/300 VUs  07m47.8s/13m0s  101.23 iters/s

running (07m50.0s), 299/300 VUs, 15884 complete and 0 interrupted iterations
peak_restaurant_view   [  60% ] 299/300 VUs  07m48.8s/13m0s  101.67 iters/s

running (07m51.0s), 300/300 VUs, 15924 complete and 0 interrupted iterations
peak_restaurant_view   [  60% ] 300/300 VUs  07m49.8s/13m0s  102.11 iters/s

running (07m52.0s), 300/300 VUs, 15961 complete and 0 interrupted iterations
peak_restaurant_view   [  60% ] 300/300 VUs  07m50.8s/13m0s  102.56 iters/s

running (07m53.0s), 300/300 VUs, 16004 complete and 0 interrupted iterations
peak_restaurant_view   [  60% ] 300/300 VUs  07m51.8s/13m0s  103.01 iters/s

running (07m54.0s), 300/300 VUs, 16045 complete and 0 interrupted iterations
peak_restaurant_view   [  61% ] 300/300 VUs  07m52.8s/13m0s  103.45 iters/s

running (07m55.0s), 300/300 VUs, 16094 complete and 0 interrupted iterations
peak_restaurant_view   [  61% ] 300/300 VUs  07m53.8s/13m0s  103.89 iters/s

running (07m56.0s), 299/300 VUs, 16136 complete and 0 interrupted iterations
peak_restaurant_view   [  61% ] 299/300 VUs  07m54.8s/13m0s  104.33 iters/s

running (07m57.0s), 300/300 VUs, 16176 complete and 0 interrupted iterations
peak_restaurant_view   [  61% ] 300/300 VUs  07m55.8s/13m0s  104.78 iters/s

running (07m58.0s), 299/300 VUs, 16221 complete and 0 interrupted iterations
peak_restaurant_view   [  61% ] 299/300 VUs  07m56.8s/13m0s  105.23 iters/s

running (07m59.0s), 300/300 VUs, 16259 complete and 0 interrupted iterations
peak_restaurant_view   [  61% ] 300/300 VUs  07m57.8s/13m0s  105.67 iters/s

running (08m00.0s), 300/300 VUs, 16289 complete and 0 interrupted iterations
peak_restaurant_view   [  61% ] 300/300 VUs  07m58.8s/13m0s  106.11 iters/s

running (08m01.0s), 300/300 VUs, 16325 complete and 0 interrupted iterations
peak_restaurant_view   [  62% ] 300/300 VUs  07m59.8s/13m0s  106.56 iters/s

running (08m02.0s), 298/300 VUs, 16369 complete and 0 interrupted iterations
peak_restaurant_view   [  62% ] 298/300 VUs  08m00.8s/13m0s  107.00 iters/s

running (08m03.0s), 299/300 VUs, 16412 complete and 0 interrupted iterations
peak_restaurant_view   [  62% ] 299/300 VUs  08m01.8s/13m0s  107.45 iters/s

running (08m04.0s), 300/300 VUs, 16452 complete and 0 interrupted iterations
peak_restaurant_view   [  62% ] 300/300 VUs  08m02.8s/13m0s  107.89 iters/s

running (08m05.0s), 300/300 VUs, 16494 complete and 0 interrupted iterations
peak_restaurant_view   [  62% ] 300/300 VUs  08m03.8s/13m0s  108.34 iters/s

running (08m06.0s), 299/300 VUs, 16539 complete and 0 interrupted iterations
peak_restaurant_view   [  62% ] 299/300 VUs  08m04.8s/13m0s  108.78 iters/s

running (08m07.0s), 300/300 VUs, 16580 complete and 0 interrupted iterations
peak_restaurant_view   [  62% ] 300/300 VUs  08m05.8s/13m0s  109.23 iters/s

running (08m08.0s), 300/300 VUs, 16621 complete and 0 interrupted iterations
peak_restaurant_view   [  62% ] 300/300 VUs  08m06.8s/13m0s  109.67 iters/s

running (08m09.0s), 299/300 VUs, 16666 complete and 0 interrupted iterations
peak_restaurant_view   [  63% ] 299/300 VUs  08m07.8s/13m0s  110.11 iters/s

running (08m10.0s), 300/300 VUs, 16705 complete and 0 interrupted iterations
peak_restaurant_view   [  63% ] 300/300 VUs  08m08.8s/13m0s  110.56 iters/s

running (08m11.0s), 299/300 VUs, 16742 complete and 0 interrupted iterations
peak_restaurant_view   [  63% ] 299/300 VUs  08m09.8s/13m0s  111.00 iters/s

running (08m12.0s), 300/300 VUs, 16784 complete and 0 interrupted iterations
peak_restaurant_view   [  63% ] 300/300 VUs  08m10.8s/13m0s  111.45 iters/s

running (08m13.0s), 300/300 VUs, 16821 complete and 0 interrupted iterations
peak_restaurant_view   [  63% ] 300/300 VUs  08m11.8s/13m0s  111.89 iters/s

running (08m14.0s), 300/300 VUs, 16856 complete and 0 interrupted iterations
peak_restaurant_view   [  63% ] 300/300 VUs  08m12.8s/13m0s  112.34 iters/s

running (08m15.0s), 300/300 VUs, 16870 complete and 0 interrupted iterations
peak_restaurant_view   [  63% ] 300/300 VUs  08m13.8s/13m0s  112.78 iters/s

running (08m16.0s), 299/300 VUs, 16885 complete and 0 interrupted iterations
peak_restaurant_view   [  63% ] 299/300 VUs  08m14.8s/13m0s  113.23 iters/s

running (08m17.0s), 300/300 VUs, 16926 complete and 0 interrupted iterations
peak_restaurant_view   [  64% ] 300/300 VUs  08m15.8s/13m0s  113.67 iters/s

running (08m18.0s), 298/300 VUs, 16970 complete and 0 interrupted iterations
peak_restaurant_view   [  64% ] 298/300 VUs  08m16.8s/13m0s  114.11 iters/s

running (08m19.0s), 298/300 VUs, 17013 complete and 0 interrupted iterations
peak_restaurant_view   [  64% ] 298/300 VUs  08m17.8s/13m0s  114.56 iters/s

running (08m20.0s), 298/300 VUs, 17053 complete and 0 interrupted iterations
peak_restaurant_view   [  64% ] 298/300 VUs  08m18.8s/13m0s  115.01 iters/s

running (08m21.0s), 300/300 VUs, 17095 complete and 0 interrupted iterations
peak_restaurant_view   [  64% ] 300/300 VUs  08m19.8s/13m0s  115.45 iters/s

running (08m22.0s), 299/300 VUs, 17136 complete and 0 interrupted iterations
peak_restaurant_view   [  64% ] 299/300 VUs  08m20.8s/13m0s  115.89 iters/s

running (08m23.0s), 300/300 VUs, 17179 complete and 0 interrupted iterations
peak_restaurant_view   [  64% ] 300/300 VUs  08m21.8s/13m0s  116.34 iters/s

running (08m24.0s), 300/300 VUs, 17224 complete and 0 interrupted iterations
peak_restaurant_view   [  64% ] 300/300 VUs  08m22.8s/13m0s  116.78 iters/s

running (08m25.0s), 299/300 VUs, 17264 complete and 0 interrupted iterations
peak_restaurant_view   [  65% ] 299/300 VUs  08m23.8s/13m0s  117.23 iters/s

running (08m26.0s), 300/300 VUs, 17307 complete and 0 interrupted iterations
peak_restaurant_view   [  65% ] 300/300 VUs  08m24.8s/13m0s  117.67 iters/s

running (08m27.0s), 299/300 VUs, 17350 complete and 0 interrupted iterations
peak_restaurant_view   [  65% ] 299/300 VUs  08m25.8s/13m0s  118.11 iters/s

running (08m28.0s), 300/300 VUs, 17390 complete and 0 interrupted iterations
peak_restaurant_view   [  65% ] 300/300 VUs  08m26.8s/13m0s  118.56 iters/s

running (08m29.0s), 300/300 VUs, 17436 complete and 0 interrupted iterations
peak_restaurant_view   [  65% ] 300/300 VUs  08m27.8s/13m0s  119.01 iters/s

running (08m30.0s), 300/300 VUs, 17474 complete and 0 interrupted iterations
peak_restaurant_view   [  65% ] 300/300 VUs  08m28.8s/13m0s  119.45 iters/s

running (08m31.0s), 300/300 VUs, 17510 complete and 0 interrupted iterations
peak_restaurant_view   [  65% ] 300/300 VUs  08m29.8s/13m0s  119.89 iters/s

running (08m32.0s), 298/300 VUs, 17560 complete and 0 interrupted iterations
peak_restaurant_view   [  65% ] 298/300 VUs  08m30.8s/13m0s  120.34 iters/s

running (08m33.0s), 300/300 VUs, 17602 complete and 0 interrupted iterations
peak_restaurant_view   [  66% ] 300/300 VUs  08m31.8s/13m0s  120.78 iters/s

running (08m34.0s), 299/300 VUs, 17645 complete and 0 interrupted iterations
peak_restaurant_view   [  66% ] 299/300 VUs  08m32.8s/13m0s  121.23 iters/s

running (08m35.0s), 300/300 VUs, 17688 complete and 0 interrupted iterations
peak_restaurant_view   [  66% ] 300/300 VUs  08m33.8s/13m0s  121.67 iters/s

running (08m36.0s), 300/300 VUs, 17729 complete and 0 interrupted iterations
peak_restaurant_view   [  66% ] 300/300 VUs  08m34.8s/13m0s  122.12 iters/s

running (08m37.0s), 300/300 VUs, 17777 complete and 0 interrupted iterations
peak_restaurant_view   [  66% ] 300/300 VUs  08m35.8s/13m0s  122.56 iters/s

running (08m38.0s), 300/300 VUs, 17818 complete and 0 interrupted iterations
peak_restaurant_view   [  66% ] 300/300 VUs  08m36.8s/13m0s  123.00 iters/s

running (08m39.0s), 299/300 VUs, 17862 complete and 0 interrupted iterations
peak_restaurant_view   [  66% ] 299/300 VUs  08m37.8s/13m0s  123.45 iters/s

running (08m40.0s), 300/300 VUs, 17903 complete and 0 interrupted iterations
peak_restaurant_view   [  67% ] 300/300 VUs  08m38.8s/13m0s  123.89 iters/s

running (08m41.0s), 300/300 VUs, 17951 complete and 0 interrupted iterations
peak_restaurant_view   [  67% ] 300/300 VUs  08m39.8s/13m0s  124.34 iters/s

running (08m42.0s), 300/300 VUs, 17993 complete and 0 interrupted iterations
peak_restaurant_view   [  67% ] 300/300 VUs  08m40.8s/13m0s  124.78 iters/s

running (08m43.0s), 300/300 VUs, 18037 complete and 0 interrupted iterations
peak_restaurant_view   [  67% ] 300/300 VUs  08m41.8s/13m0s  125.23 iters/s

running (08m44.0s), 299/300 VUs, 18066 complete and 0 interrupted iterations
peak_restaurant_view   [  67% ] 299/300 VUs  08m42.8s/13m0s  125.67 iters/s

running (08m45.0s), 300/300 VUs, 18108 complete and 0 interrupted iterations
peak_restaurant_view   [  67% ] 300/300 VUs  08m43.8s/13m0s  126.12 iters/s

running (08m46.0s), 299/300 VUs, 18150 complete and 0 interrupted iterations
peak_restaurant_view   [  67% ] 299/300 VUs  08m44.8s/13m0s  126.56 iters/s

running (08m47.0s), 299/300 VUs, 18196 complete and 0 interrupted iterations
peak_restaurant_view   [  67% ] 299/300 VUs  08m45.8s/13m0s  127.00 iters/s

running (08m48.0s), 300/300 VUs, 18235 complete and 0 interrupted iterations
peak_restaurant_view   [  68% ] 300/300 VUs  08m46.8s/13m0s  127.45 iters/s

running (08m49.0s), 300/300 VUs, 18280 complete and 0 interrupted iterations
peak_restaurant_view   [  68% ] 300/300 VUs  08m47.8s/13m0s  127.89 iters/s

running (08m50.0s), 300/300 VUs, 18322 complete and 0 interrupted iterations
peak_restaurant_view   [  68% ] 300/300 VUs  08m48.8s/13m0s  128.34 iters/s

running (08m51.0s), 300/300 VUs, 18362 complete and 0 interrupted iterations
peak_restaurant_view   [  68% ] 300/300 VUs  08m49.8s/13m0s  128.78 iters/s

running (08m52.0s), 300/300 VUs, 18405 complete and 0 interrupted iterations
peak_restaurant_view   [  68% ] 300/300 VUs  08m50.8s/13m0s  129.23 iters/s

running (08m53.0s), 299/300 VUs, 18451 complete and 0 interrupted iterations
peak_restaurant_view   [  68% ] 299/300 VUs  08m51.8s/13m0s  129.67 iters/s

running (08m54.0s), 300/300 VUs, 18493 complete and 0 interrupted iterations
peak_restaurant_view   [  68% ] 300/300 VUs  08m52.8s/13m0s  130.12 iters/s

running (08m55.0s), 300/300 VUs, 18532 complete and 0 interrupted iterations
peak_restaurant_view   [  68% ] 300/300 VUs  08m53.8s/13m0s  130.56 iters/s

running (08m56.0s), 300/300 VUs, 18579 complete and 0 interrupted iterations
peak_restaurant_view   [  69% ] 300/300 VUs  08m54.8s/13m0s  131.00 iters/s

running (08m57.0s), 300/300 VUs, 18620 complete and 0 interrupted iterations
peak_restaurant_view   [  69% ] 300/300 VUs  08m55.8s/13m0s  131.45 iters/s

running (08m58.0s), 300/300 VUs, 18660 complete and 0 interrupted iterations
peak_restaurant_view   [  69% ] 300/300 VUs  08m56.8s/13m0s  131.89 iters/s

running (08m59.0s), 300/300 VUs, 18704 complete and 0 interrupted iterations
peak_restaurant_view   [  69% ] 300/300 VUs  08m57.8s/13m0s  132.34 iters/s

running (09m00.0s), 300/300 VUs, 18740 complete and 0 interrupted iterations
peak_restaurant_view   [  69% ] 300/300 VUs  08m58.8s/13m0s  132.78 iters/s

running (09m01.0s), 300/300 VUs, 18781 complete and 0 interrupted iterations
peak_restaurant_view   [  69% ] 300/300 VUs  08m59.8s/13m0s  133.22 iters/s

running (09m02.0s), 300/300 VUs, 18822 complete and 0 interrupted iterations
peak_restaurant_view   [  69% ] 300/300 VUs  09m00.8s/13m0s  133.67 iters/s

running (09m03.0s), 300/300 VUs, 18866 complete and 0 interrupted iterations
peak_restaurant_view   [  69% ] 300/300 VUs  09m01.8s/13m0s  134.12 iters/s

running (09m04.0s), 300/300 VUs, 18907 complete and 0 interrupted iterations
peak_restaurant_view   [  70% ] 300/300 VUs  09m02.8s/13m0s  134.56 iters/s

running (09m05.0s), 300/300 VUs, 18949 complete and 0 interrupted iterations
peak_restaurant_view   [  70% ] 300/300 VUs  09m03.8s/13m0s  135.00 iters/s

running (09m06.0s), 300/300 VUs, 18993 complete and 0 interrupted iterations
peak_restaurant_view   [  70% ] 300/300 VUs  09m04.8s/13m0s  135.45 iters/s

running (09m07.0s), 300/300 VUs, 19033 complete and 0 interrupted iterations
peak_restaurant_view   [  70% ] 300/300 VUs  09m05.8s/13m0s  135.89 iters/s

running (09m08.0s), 299/300 VUs, 19081 complete and 0 interrupted iterations
peak_restaurant_view   [  70% ] 299/300 VUs  09m06.8s/13m0s  136.34 iters/s

running (09m09.0s), 300/300 VUs, 19125 complete and 0 interrupted iterations
peak_restaurant_view   [  70% ] 300/300 VUs  09m07.8s/13m0s  136.78 iters/s

running (09m10.0s), 298/300 VUs, 19167 complete and 0 interrupted iterations
peak_restaurant_view   [  70% ] 298/300 VUs  09m08.8s/13m0s  137.22 iters/s

running (09m11.0s), 299/300 VUs, 19211 complete and 0 interrupted iterations
peak_restaurant_view   [  70% ] 299/300 VUs  09m09.8s/13m0s  137.67 iters/s

running (09m12.0s), 300/300 VUs, 19252 complete and 0 interrupted iterations
peak_restaurant_view   [  71% ] 300/300 VUs  09m10.8s/13m0s  138.12 iters/s

running (09m13.0s), 299/300 VUs, 19287 complete and 0 interrupted iterations
peak_restaurant_view   [  71% ] 299/300 VUs  09m11.8s/13m0s  138.56 iters/s

running (09m14.0s), 300/300 VUs, 19326 complete and 0 interrupted iterations
peak_restaurant_view   [  71% ] 300/300 VUs  09m12.8s/13m0s  139.00 iters/s

running (09m15.0s), 300/300 VUs, 19346 complete and 0 interrupted iterations
peak_restaurant_view   [  71% ] 300/300 VUs  09m13.8s/13m0s  139.45 iters/s

running (09m16.0s), 300/300 VUs, 19383 complete and 0 interrupted iterations
peak_restaurant_view   [  71% ] 300/300 VUs  09m14.8s/13m0s  139.89 iters/s

running (09m17.0s), 300/300 VUs, 19420 complete and 0 interrupted iterations
peak_restaurant_view   [  71% ] 300/300 VUs  09m15.8s/13m0s  140.34 iters/s

running (09m18.0s), 299/300 VUs, 19462 complete and 0 interrupted iterations
peak_restaurant_view   [  71% ] 299/300 VUs  09m16.8s/13m0s  140.78 iters/s

running (09m19.0s), 300/300 VUs, 19507 complete and 0 interrupted iterations
peak_restaurant_view   [  72% ] 300/300 VUs  09m17.8s/13m0s  141.22 iters/s

running (09m20.0s), 300/300 VUs, 19548 complete and 0 interrupted iterations
peak_restaurant_view   [  72% ] 300/300 VUs  09m18.8s/13m0s  141.67 iters/s

running (09m21.0s), 300/300 VUs, 19591 complete and 0 interrupted iterations
peak_restaurant_view   [  72% ] 300/300 VUs  09m19.8s/13m0s  142.12 iters/s

running (09m22.0s), 300/300 VUs, 19636 complete and 0 interrupted iterations
peak_restaurant_view   [  72% ] 300/300 VUs  09m20.8s/13m0s  142.56 iters/s

running (09m23.0s), 300/300 VUs, 19675 complete and 0 interrupted iterations
peak_restaurant_view   [  72% ] 300/300 VUs  09m21.8s/13m0s  143.00 iters/s

running (09m24.0s), 300/300 VUs, 19720 complete and 0 interrupted iterations
peak_restaurant_view   [  72% ] 300/300 VUs  09m22.8s/13m0s  143.45 iters/s

running (09m25.0s), 300/300 VUs, 19766 complete and 0 interrupted iterations
peak_restaurant_view   [  72% ] 300/300 VUs  09m23.8s/13m0s  143.89 iters/s

running (09m26.0s), 299/300 VUs, 19808 complete and 0 interrupted iterations
peak_restaurant_view   [  72% ] 299/300 VUs  09m24.8s/13m0s  144.34 iters/s

running (09m27.0s), 300/300 VUs, 19849 complete and 0 interrupted iterations
peak_restaurant_view   [  73% ] 300/300 VUs  09m25.8s/13m0s  144.78 iters/s

running (09m28.0s), 299/300 VUs, 19893 complete and 0 interrupted iterations
peak_restaurant_view   [  73% ] 299/300 VUs  09m26.8s/13m0s  145.22 iters/s

running (09m29.0s), 300/300 VUs, 19933 complete and 0 interrupted iterations
peak_restaurant_view   [  73% ] 300/300 VUs  09m27.8s/13m0s  145.67 iters/s

running (09m30.0s), 300/300 VUs, 19971 complete and 0 interrupted iterations
peak_restaurant_view   [  73% ] 300/300 VUs  09m28.8s/13m0s  146.12 iters/s

running (09m31.0s), 300/300 VUs, 20010 complete and 0 interrupted iterations
peak_restaurant_view   [  73% ] 300/300 VUs  09m29.8s/13m0s  146.56 iters/s

running (09m32.0s), 300/300 VUs, 20058 complete and 0 interrupted iterations
peak_restaurant_view   [  73% ] 300/300 VUs  09m30.8s/13m0s  147.00 iters/s

running (09m33.0s), 300/300 VUs, 20096 complete and 0 interrupted iterations
peak_restaurant_view   [  73% ] 300/300 VUs  09m31.8s/13m0s  147.45 iters/s

running (09m34.0s), 300/300 VUs, 20143 complete and 0 interrupted iterations
peak_restaurant_view   [  73% ] 300/300 VUs  09m32.8s/13m0s  147.89 iters/s

running (09m35.0s), 300/300 VUs, 20187 complete and 0 interrupted iterations
peak_restaurant_view   [  74% ] 300/300 VUs  09m33.8s/13m0s  148.34 iters/s

running (09m36.0s), 300/300 VUs, 20225 complete and 0 interrupted iterations
peak_restaurant_view   [  74% ] 300/300 VUs  09m34.8s/13m0s  148.78 iters/s

running (09m37.0s), 300/300 VUs, 20263 complete and 0 interrupted iterations
peak_restaurant_view   [  74% ] 300/300 VUs  09m35.8s/13m0s  149.22 iters/s

running (09m38.0s), 300/300 VUs, 20310 complete and 0 interrupted iterations
peak_restaurant_view   [  74% ] 300/300 VUs  09m36.8s/13m0s  149.67 iters/s

running (09m39.0s), 299/300 VUs, 20350 complete and 0 interrupted iterations
peak_restaurant_view   [  74% ] 299/300 VUs  09m37.8s/13m0s  150.12 iters/s

running (09m40.0s), 300/300 VUs, 20392 complete and 0 interrupted iterations
peak_restaurant_view   [  74% ] 300/300 VUs  09m38.8s/13m0s  150.56 iters/s

running (09m41.0s), 300/300 VUs, 20435 complete and 0 interrupted iterations
peak_restaurant_view   [  74% ] 300/300 VUs  09m39.8s/13m0s  151.00 iters/s

running (09m42.0s), 300/300 VUs, 20476 complete and 0 interrupted iterations
peak_restaurant_view   [  74% ] 300/300 VUs  09m40.8s/13m0s  151.45 iters/s

running (09m43.0s), 300/300 VUs, 20519 complete and 0 interrupted iterations
peak_restaurant_view   [  75% ] 300/300 VUs  09m41.8s/13m0s  151.89 iters/s

running (09m44.0s), 299/300 VUs, 20561 complete and 0 interrupted iterations
peak_restaurant_view   [  75% ] 299/300 VUs  09m42.8s/13m0s  152.34 iters/s

running (09m45.0s), 300/300 VUs, 20598 complete and 0 interrupted iterations
peak_restaurant_view   [  75% ] 300/300 VUs  09m43.8s/13m0s  152.78 iters/s

running (09m46.0s), 300/300 VUs, 20637 complete and 0 interrupted iterations
peak_restaurant_view   [  75% ] 300/300 VUs  09m44.8s/13m0s  153.22 iters/s

running (09m47.0s), 300/300 VUs, 20678 complete and 0 interrupted iterations
peak_restaurant_view   [  75% ] 300/300 VUs  09m45.8s/13m0s  153.67 iters/s

running (09m48.0s), 300/300 VUs, 20723 complete and 0 interrupted iterations
peak_restaurant_view   [  75% ] 300/300 VUs  09m46.8s/13m0s  154.12 iters/s

running (09m49.0s), 300/300 VUs, 20767 complete and 0 interrupted iterations
peak_restaurant_view   [  75% ] 300/300 VUs  09m47.8s/13m0s  154.56 iters/s

running (09m50.0s), 300/300 VUs, 20808 complete and 0 interrupted iterations
peak_restaurant_view   [  75% ] 300/300 VUs  09m48.8s/13m0s  155.00 iters/s

running (09m51.0s), 300/300 VUs, 20852 complete and 0 interrupted iterations
peak_restaurant_view   [  76% ] 300/300 VUs  09m49.8s/13m0s  155.45 iters/s

running (09m52.0s), 300/300 VUs, 20895 complete and 0 interrupted iterations
peak_restaurant_view   [  76% ] 300/300 VUs  09m50.8s/13m0s  155.89 iters/s

running (09m53.0s), 300/300 VUs, 20929 complete and 0 interrupted iterations
peak_restaurant_view   [  76% ] 300/300 VUs  09m51.8s/13m0s  156.34 iters/s

running (09m54.0s), 300/300 VUs, 20976 complete and 0 interrupted iterations
peak_restaurant_view   [  76% ] 300/300 VUs  09m52.8s/13m0s  156.78 iters/s

running (09m55.0s), 300/300 VUs, 21018 complete and 0 interrupted iterations
peak_restaurant_view   [  76% ] 300/300 VUs  09m53.8s/13m0s  157.22 iters/s

running (09m56.0s), 300/300 VUs, 21059 complete and 0 interrupted iterations
peak_restaurant_view   [  76% ] 300/300 VUs  09m54.8s/13m0s  157.67 iters/s

running (09m57.0s), 300/300 VUs, 21103 complete and 0 interrupted iterations
peak_restaurant_view   [  76% ] 300/300 VUs  09m55.8s/13m0s  158.12 iters/s

running (09m58.0s), 300/300 VUs, 21146 complete and 0 interrupted iterations
peak_restaurant_view   [  77% ] 300/300 VUs  09m56.8s/13m0s  158.56 iters/s

running (09m59.0s), 300/300 VUs, 21193 complete and 0 interrupted iterations
peak_restaurant_view   [  77% ] 300/300 VUs  09m57.8s/13m0s  159.00 iters/s

running (10m00.0s), 300/300 VUs, 21218 complete and 0 interrupted iterations
peak_restaurant_view   [  77% ] 300/300 VUs  09m58.8s/13m0s  159.45 iters/s

running (10m01.0s), 299/300 VUs, 21259 complete and 0 interrupted iterations
peak_restaurant_view   [  77% ] 299/300 VUs  09m59.8s/13m0s  159.89 iters/s

running (10m02.0s), 300/300 VUs, 21297 complete and 0 interrupted iterations
peak_restaurant_view   [  77% ] 300/300 VUs  10m00.8s/13m0s  160.67 iters/s

running (10m03.0s), 300/300 VUs, 21335 complete and 0 interrupted iterations
peak_restaurant_view   [  77% ] 300/300 VUs  10m01.8s/13m0s  161.56 iters/s

running (10m04.0s), 300/300 VUs, 21375 complete and 0 interrupted iterations
peak_restaurant_view   [  77% ] 300/300 VUs  10m02.8s/13m0s  162.45 iters/s

running (10m05.0s), 300/300 VUs, 21409 complete and 0 interrupted iterations
peak_restaurant_view   [  77% ] 300/300 VUs  10m03.8s/13m0s  163.34 iters/s

running (10m06.0s), 300/300 VUs, 21449 complete and 0 interrupted iterations
peak_restaurant_view   [  78% ] 300/300 VUs  10m04.8s/13m0s  164.23 iters/s

running (10m07.0s), 300/300 VUs, 21493 complete and 0 interrupted iterations
peak_restaurant_view   [  78% ] 300/300 VUs  10m05.8s/13m0s  165.12 iters/s

running (10m08.0s), 300/300 VUs, 21531 complete and 0 interrupted iterations
peak_restaurant_view   [  78% ] 300/300 VUs  10m06.8s/13m0s  166.01 iters/s

running (10m09.0s), 300/300 VUs, 21572 complete and 0 interrupted iterations
peak_restaurant_view   [  78% ] 300/300 VUs  10m07.8s/13m0s  166.90 iters/s

running (10m10.0s), 300/300 VUs, 21613 complete and 0 interrupted iterations
peak_restaurant_view   [  78% ] 300/300 VUs  10m08.8s/13m0s  167.79 iters/s

running (10m11.0s), 300/300 VUs, 21657 complete and 0 interrupted iterations
peak_restaurant_view   [  78% ] 300/300 VUs  10m09.8s/13m0s  168.67 iters/s

running (10m12.0s), 300/300 VUs, 21700 complete and 0 interrupted iterations
peak_restaurant_view   [  78% ] 300/300 VUs  10m10.8s/13m0s  169.56 iters/s

running (10m13.0s), 300/300 VUs, 21733 complete and 0 interrupted iterations
peak_restaurant_view   [  78% ] 300/300 VUs  10m11.8s/13m0s  170.45 iters/s

running (10m14.0s), 299/300 VUs, 21772 complete and 0 interrupted iterations
peak_restaurant_view   [  79% ] 299/300 VUs  10m12.8s/13m0s  171.34 iters/s

running (10m15.0s), 300/300 VUs, 21788 complete and 0 interrupted iterations
peak_restaurant_view   [  79% ] 300/300 VUs  10m13.8s/13m0s  172.23 iters/s

running (10m16.0s), 300/300 VUs, 21798 complete and 0 interrupted iterations
peak_restaurant_view   [  79% ] 300/300 VUs  10m14.8s/13m0s  173.12 iters/s

running (10m17.0s), 300/300 VUs, 21838 complete and 0 interrupted iterations
peak_restaurant_view   [  79% ] 300/300 VUs  10m15.8s/13m0s  174.01 iters/s

running (10m18.0s), 300/300 VUs, 21880 complete and 0 interrupted iterations
peak_restaurant_view   [  79% ] 300/300 VUs  10m16.8s/13m0s  174.90 iters/s

running (10m19.0s), 299/300 VUs, 21924 complete and 0 interrupted iterations
peak_restaurant_view   [  79% ] 299/300 VUs  10m17.8s/13m0s  175.79 iters/s

running (10m20.0s), 300/300 VUs, 21962 complete and 0 interrupted iterations
peak_restaurant_view   [  79% ] 300/300 VUs  10m18.8s/13m0s  176.67 iters/s

running (10m21.0s), 300/300 VUs, 22007 complete and 0 interrupted iterations
peak_restaurant_view   [  79% ] 300/300 VUs  10m19.8s/13m0s  177.56 iters/s

running (10m22.0s), 300/300 VUs, 22049 complete and 0 interrupted iterations
peak_restaurant_view   [  80% ] 300/300 VUs  10m20.8s/13m0s  178.45 iters/s

running (10m23.0s), 300/300 VUs, 22095 complete and 0 interrupted iterations
peak_restaurant_view   [  80% ] 300/300 VUs  10m21.8s/13m0s  179.34 iters/s

running (10m24.0s), 300/300 VUs, 22144 complete and 0 interrupted iterations
peak_restaurant_view   [  80% ] 300/300 VUs  10m22.8s/13m0s  180.23 iters/s

running (10m25.0s), 300/300 VUs, 22186 complete and 0 interrupted iterations
peak_restaurant_view   [  80% ] 300/300 VUs  10m23.8s/13m0s  181.12 iters/s

running (10m26.0s), 300/300 VUs, 22229 complete and 0 interrupted iterations
peak_restaurant_view   [  80% ] 300/300 VUs  10m24.8s/13m0s  182.01 iters/s

running (10m27.0s), 300/300 VUs, 22270 complete and 0 interrupted iterations
peak_restaurant_view   [  80% ] 300/300 VUs  10m25.8s/13m0s  182.90 iters/s

running (10m28.0s), 300/300 VUs, 22307 complete and 0 interrupted iterations
peak_restaurant_view   [  80% ] 300/300 VUs  10m26.8s/13m0s  183.78 iters/s

running (10m29.0s), 300/300 VUs, 22343 complete and 0 interrupted iterations
peak_restaurant_view   [  80% ] 300/300 VUs  10m27.8s/13m0s  184.67 iters/s

running (10m30.0s), 300/300 VUs, 22368 complete and 0 interrupted iterations
peak_restaurant_view   [  81% ] 300/300 VUs  10m28.8s/13m0s  185.56 iters/s

running (10m31.0s), 300/300 VUs, 22409 complete and 0 interrupted iterations
peak_restaurant_view   [  81% ] 300/300 VUs  10m29.8s/13m0s  186.45 iters/s

running (10m32.0s), 300/300 VUs, 22446 complete and 0 interrupted iterations
peak_restaurant_view   [  81% ] 300/300 VUs  10m30.8s/13m0s  187.34 iters/s

running (10m33.0s), 299/300 VUs, 22492 complete and 0 interrupted iterations
peak_restaurant_view   [  81% ] 299/300 VUs  10m31.8s/13m0s  188.23 iters/s

running (10m34.0s), 300/300 VUs, 22537 complete and 0 interrupted iterations
peak_restaurant_view   [  81% ] 300/300 VUs  10m32.8s/13m0s  189.12 iters/s

running (10m35.0s), 299/300 VUs, 22580 complete and 0 interrupted iterations
peak_restaurant_view   [  81% ] 299/300 VUs  10m33.8s/13m0s  190.01 iters/s

running (10m36.0s), 300/300 VUs, 22624 complete and 0 interrupted iterations
peak_restaurant_view   [  81% ] 300/300 VUs  10m34.8s/13m0s  190.90 iters/s

running (10m37.0s), 300/300 VUs, 22666 complete and 0 interrupted iterations
peak_restaurant_view   [  82% ] 300/300 VUs  10m35.8s/13m0s  191.78 iters/s

running (10m38.0s), 300/300 VUs, 22697 complete and 0 interrupted iterations
peak_restaurant_view   [  82% ] 300/300 VUs  10m36.8s/13m0s  192.67 iters/s

running (10m39.0s), 300/300 VUs, 22743 complete and 0 interrupted iterations
peak_restaurant_view   [  82% ] 300/300 VUs  10m37.8s/13m0s  193.57 iters/s

running (10m40.0s), 300/300 VUs, 22784 complete and 0 interrupted iterations
peak_restaurant_view   [  82% ] 300/300 VUs  10m38.8s/13m0s  194.45 iters/s

running (10m41.0s), 300/300 VUs, 22825 complete and 0 interrupted iterations
peak_restaurant_view   [  82% ] 300/300 VUs  10m39.8s/13m0s  195.34 iters/s

running (10m42.0s), 300/300 VUs, 22871 complete and 0 interrupted iterations
peak_restaurant_view   [  82% ] 300/300 VUs  10m40.8s/13m0s  196.23 iters/s

running (10m43.0s), 300/300 VUs, 22911 complete and 0 interrupted iterations
peak_restaurant_view   [  82% ] 300/300 VUs  10m41.8s/13m0s  197.12 iters/s

running (10m44.0s), 300/300 VUs, 22949 complete and 0 interrupted iterations
peak_restaurant_view   [  82% ] 300/300 VUs  10m42.8s/13m0s  198.01 iters/s

running (10m45.0s), 300/300 VUs, 22984 complete and 0 interrupted iterations
peak_restaurant_view   [  83% ] 300/300 VUs  10m43.8s/13m0s  198.90 iters/s

running (10m46.0s), 300/300 VUs, 23031 complete and 0 interrupted iterations
peak_restaurant_view   [  83% ] 300/300 VUs  10m44.8s/13m0s  199.78 iters/s

running (10m47.0s), 299/300 VUs, 23082 complete and 0 interrupted iterations
peak_restaurant_view   [  83% ] 299/300 VUs  10m45.8s/13m0s  200.67 iters/s

running (10m48.0s), 300/300 VUs, 23124 complete and 0 interrupted iterations
peak_restaurant_view   [  83% ] 300/300 VUs  10m46.8s/13m0s  201.56 iters/s

running (10m49.0s), 300/300 VUs, 23167 complete and 0 interrupted iterations
peak_restaurant_view   [  83% ] 300/300 VUs  10m47.8s/13m0s  202.45 iters/s

running (10m50.0s), 300/300 VUs, 23212 complete and 0 interrupted iterations
peak_restaurant_view   [  83% ] 300/300 VUs  10m48.8s/13m0s  203.34 iters/s

running (10m51.0s), 300/300 VUs, 23252 complete and 0 interrupted iterations
peak_restaurant_view   [  83% ] 300/300 VUs  10m49.8s/13m0s  204.23 iters/s

running (10m52.0s), 300/300 VUs, 23296 complete and 0 interrupted iterations
peak_restaurant_view   [  83% ] 300/300 VUs  10m50.8s/13m0s  205.12 iters/s

running (10m53.0s), 300/300 VUs, 23333 complete and 0 interrupted iterations
peak_restaurant_view   [  84% ] 300/300 VUs  10m51.8s/13m0s  206.01 iters/s

running (10m54.0s), 300/300 VUs, 23378 complete and 0 interrupted iterations
peak_restaurant_view   [  84% ] 300/300 VUs  10m52.8s/13m0s  206.90 iters/s

running (10m55.0s), 300/300 VUs, 23418 complete and 0 interrupted iterations
peak_restaurant_view   [  84% ] 300/300 VUs  10m53.8s/13m0s  207.78 iters/s

running (10m56.0s), 299/300 VUs, 23465 complete and 0 interrupted iterations
peak_restaurant_view   [  84% ] 299/300 VUs  10m54.8s/13m0s  208.67 iters/s

running (10m57.0s), 300/300 VUs, 23506 complete and 0 interrupted iterations
peak_restaurant_view   [  84% ] 300/300 VUs  10m55.8s/13m0s  209.56 iters/s

running (10m58.0s), 300/300 VUs, 23551 complete and 0 interrupted iterations
peak_restaurant_view   [  84% ] 300/300 VUs  10m56.8s/13m0s  210.45 iters/s

running (10m59.0s), 300/300 VUs, 23591 complete and 0 interrupted iterations
peak_restaurant_view   [  84% ] 300/300 VUs  10m57.8s/13m0s  211.34 iters/s

running (11m00.0s), 300/300 VUs, 23627 complete and 0 interrupted iterations
peak_restaurant_view   [  84% ] 300/300 VUs  10m58.8s/13m0s  212.23 iters/s

running (11m01.0s), 300/300 VUs, 23668 complete and 0 interrupted iterations
peak_restaurant_view   [  85% ] 300/300 VUs  10m59.8s/13m0s  213.12 iters/s

running (11m02.0s), 300/300 VUs, 23706 complete and 0 interrupted iterations
peak_restaurant_view   [  85% ] 300/300 VUs  11m00.8s/13m0s  214.01 iters/s

running (11m03.0s), 300/300 VUs, 23755 complete and 0 interrupted iterations
peak_restaurant_view   [  85% ] 300/300 VUs  11m01.8s/13m0s  214.90 iters/s

running (11m04.0s), 300/300 VUs, 23797 complete and 0 interrupted iterations
peak_restaurant_view   [  85% ] 300/300 VUs  11m02.8s/13m0s  215.78 iters/s

running (11m05.0s), 300/300 VUs, 23838 complete and 0 interrupted iterations
peak_restaurant_view   [  85% ] 300/300 VUs  11m03.8s/13m0s  216.68 iters/s

running (11m06.0s), 300/300 VUs, 23885 complete and 0 interrupted iterations
peak_restaurant_view   [  85% ] 300/300 VUs  11m04.8s/13m0s  217.56 iters/s

running (11m07.0s), 300/300 VUs, 23925 complete and 0 interrupted iterations
peak_restaurant_view   [  85% ] 300/300 VUs  11m05.8s/13m0s  218.45 iters/s

running (11m08.0s), 300/300 VUs, 23969 complete and 0 interrupted iterations
peak_restaurant_view   [  85% ] 300/300 VUs  11m06.8s/13m0s  219.34 iters/s

running (11m09.0s), 300/300 VUs, 24013 complete and 0 interrupted iterations
peak_restaurant_view   [  86% ] 300/300 VUs  11m07.8s/13m0s  220.23 iters/s

running (11m10.0s), 300/300 VUs, 24056 complete and 0 interrupted iterations
peak_restaurant_view   [  86% ] 300/300 VUs  11m08.8s/13m0s  221.12 iters/s

running (11m11.0s), 299/300 VUs, 24098 complete and 0 interrupted iterations
peak_restaurant_view   [  86% ] 299/300 VUs  11m09.8s/13m0s  222.01 iters/s

running (11m12.0s), 299/300 VUs, 24141 complete and 0 interrupted iterations
peak_restaurant_view   [  86% ] 299/300 VUs  11m10.8s/13m0s  222.90 iters/s

running (11m13.0s), 300/300 VUs, 24176 complete and 0 interrupted iterations
peak_restaurant_view   [  86% ] 300/300 VUs  11m11.8s/13m0s  223.78 iters/s

running (11m14.0s), 299/300 VUs, 24215 complete and 0 interrupted iterations
peak_restaurant_view   [  86% ] 299/300 VUs  11m12.8s/13m0s  224.67 iters/s

running (11m15.0s), 300/300 VUs, 24248 complete and 0 interrupted iterations
peak_restaurant_view   [  86% ] 300/300 VUs  11m13.8s/13m0s  225.56 iters/s

running (11m16.0s), 299/300 VUs, 24287 complete and 0 interrupted iterations
peak_restaurant_view   [  87% ] 299/300 VUs  11m14.8s/13m0s  226.45 iters/s

running (11m17.0s), 300/300 VUs, 24330 complete and 0 interrupted iterations
peak_restaurant_view   [  87% ] 300/300 VUs  11m15.8s/13m0s  227.34 iters/s

running (11m18.0s), 300/300 VUs, 24372 complete and 0 interrupted iterations
peak_restaurant_view   [  87% ] 300/300 VUs  11m16.8s/13m0s  228.23 iters/s

running (11m19.0s), 300/300 VUs, 24414 complete and 0 interrupted iterations
peak_restaurant_view   [  87% ] 300/300 VUs  11m17.8s/13m0s  229.12 iters/s

running (11m20.0s), 300/300 VUs, 24453 complete and 0 interrupted iterations
peak_restaurant_view   [  87% ] 300/300 VUs  11m18.8s/13m0s  230.01 iters/s

running (11m21.0s), 300/300 VUs, 24501 complete and 0 interrupted iterations
peak_restaurant_view   [  87% ] 300/300 VUs  11m19.8s/13m0s  230.90 iters/s

running (11m22.0s), 299/300 VUs, 24540 complete and 0 interrupted iterations
peak_restaurant_view   [  87% ] 299/300 VUs  11m20.8s/13m0s  231.78 iters/s

running (11m23.0s), 300/300 VUs, 24591 complete and 0 interrupted iterations
peak_restaurant_view   [  87% ] 300/300 VUs  11m21.8s/13m0s  232.68 iters/s

running (11m24.0s), 299/300 VUs, 24636 complete and 0 interrupted iterations
peak_restaurant_view   [  88% ] 299/300 VUs  11m22.8s/13m0s  233.56 iters/s

running (11m25.0s), 300/300 VUs, 24672 complete and 0 interrupted iterations
peak_restaurant_view   [  88% ] 300/300 VUs  11m23.8s/13m0s  234.45 iters/s

running (11m26.0s), 300/300 VUs, 24716 complete and 0 interrupted iterations
peak_restaurant_view   [  88% ] 300/300 VUs  11m24.8s/13m0s  235.34 iters/s

running (11m27.0s), 300/300 VUs, 24755 complete and 0 interrupted iterations
peak_restaurant_view   [  88% ] 300/300 VUs  11m25.8s/13m0s  236.23 iters/s
time="2026-08-12T19:21:14+09:00" level=warning msg="Request Failed" error="Get \"http://3.34.1.161:8080/api/restaurants/36\": dial: i/o timeout"

running (11m28.0s), 300/300 VUs, 24795 complete and 0 interrupted iterations
peak_restaurant_view   [  88% ] 300/300 VUs  11m26.8s/13m0s  237.12 iters/s

running (11m29.0s), 300/300 VUs, 24835 complete and 0 interrupted iterations
peak_restaurant_view   [  88% ] 300/300 VUs  11m27.8s/13m0s  238.01 iters/s

running (11m30.0s), 300/300 VUs, 24866 complete and 0 interrupted iterations
peak_restaurant_view   [  88% ] 300/300 VUs  11m28.8s/13m0s  238.90 iters/s

running (11m31.0s), 300/300 VUs, 24904 complete and 0 interrupted iterations
peak_restaurant_view   [  88% ] 300/300 VUs  11m29.8s/13m0s  239.79 iters/s

running (11m32.0s), 300/300 VUs, 24948 complete and 0 interrupted iterations
peak_restaurant_view   [  89% ] 300/300 VUs  11m30.8s/13m0s  240.67 iters/s

running (11m33.0s), 300/300 VUs, 24990 complete and 0 interrupted iterations
peak_restaurant_view   [  89% ] 300/300 VUs  11m31.8s/13m0s  241.56 iters/s

running (11m34.0s), 300/300 VUs, 25034 complete and 0 interrupted iterations
peak_restaurant_view   [  89% ] 300/300 VUs  11m32.8s/13m0s  242.45 iters/s

running (11m35.0s), 300/300 VUs, 25076 complete and 0 interrupted iterations
peak_restaurant_view   [  89% ] 300/300 VUs  11m33.8s/13m0s  243.34 iters/s

running (11m36.0s), 300/300 VUs, 25116 complete and 0 interrupted iterations
peak_restaurant_view   [  89% ] 300/300 VUs  11m34.8s/13m0s  244.23 iters/s

running (11m37.0s), 300/300 VUs, 25162 complete and 0 interrupted iterations
peak_restaurant_view   [  89% ] 300/300 VUs  11m35.8s/13m0s  245.12 iters/s

running (11m38.0s), 300/300 VUs, 25201 complete and 0 interrupted iterations
peak_restaurant_view   [  89% ] 300/300 VUs  11m36.8s/13m0s  246.01 iters/s

running (11m39.0s), 299/300 VUs, 25244 complete and 0 interrupted iterations
peak_restaurant_view   [  89% ] 299/300 VUs  11m37.8s/13m0s  246.90 iters/s

running (11m40.0s), 300/300 VUs, 25287 complete and 0 interrupted iterations
peak_restaurant_view   [  90% ] 300/300 VUs  11m38.8s/13m0s  247.79 iters/s

running (11m41.0s), 300/300 VUs, 25331 complete and 0 interrupted iterations
peak_restaurant_view   [  90% ] 300/300 VUs  11m39.8s/13m0s  248.67 iters/s

running (11m42.0s), 300/300 VUs, 25369 complete and 0 interrupted iterations
peak_restaurant_view   [  90% ] 300/300 VUs  11m40.8s/13m0s  249.56 iters/s

running (11m43.0s), 299/300 VUs, 25414 complete and 0 interrupted iterations
peak_restaurant_view   [  90% ] 299/300 VUs  11m41.8s/13m0s  250.45 iters/s

running (11m44.0s), 300/300 VUs, 25460 complete and 0 interrupted iterations
peak_restaurant_view   [  90% ] 300/300 VUs  11m42.8s/13m0s  251.34 iters/s

running (11m45.0s), 300/300 VUs, 25491 complete and 0 interrupted iterations
peak_restaurant_view   [  90% ] 300/300 VUs  11m43.8s/13m0s  252.23 iters/s

running (11m46.0s), 300/300 VUs, 25535 complete and 0 interrupted iterations
peak_restaurant_view   [  90% ] 300/300 VUs  11m44.8s/13m0s  253.12 iters/s

running (11m47.0s), 300/300 VUs, 25580 complete and 0 interrupted iterations
peak_restaurant_view   [  90% ] 300/300 VUs  11m45.8s/13m0s  254.01 iters/s

running (11m48.0s), 300/300 VUs, 25620 complete and 0 interrupted iterations
peak_restaurant_view   [  91% ] 300/300 VUs  11m46.8s/13m0s  254.90 iters/s

running (11m49.0s), 300/300 VUs, 25666 complete and 0 interrupted iterations
peak_restaurant_view   [  91% ] 300/300 VUs  11m47.8s/13m0s  255.79 iters/s

running (11m50.0s), 300/300 VUs, 25708 complete and 0 interrupted iterations
peak_restaurant_view   [  91% ] 300/300 VUs  11m48.8s/13m0s  256.67 iters/s

running (11m51.0s), 300/300 VUs, 25749 complete and 0 interrupted iterations
peak_restaurant_view   [  91% ] 300/300 VUs  11m49.8s/13m0s  257.56 iters/s

running (11m52.0s), 300/300 VUs, 25797 complete and 0 interrupted iterations
peak_restaurant_view   [  91% ] 300/300 VUs  11m50.8s/13m0s  258.45 iters/s

running (11m53.0s), 300/300 VUs, 25836 complete and 0 interrupted iterations
peak_restaurant_view   [  91% ] 300/300 VUs  11m51.8s/13m0s  259.34 iters/s

running (11m54.0s), 300/300 VUs, 25878 complete and 0 interrupted iterations
peak_restaurant_view   [  91% ] 300/300 VUs  11m52.8s/13m0s  260.23 iters/s

running (11m55.0s), 300/300 VUs, 25921 complete and 0 interrupted iterations
peak_restaurant_view   [  92% ] 300/300 VUs  11m53.8s/13m0s  261.12 iters/s

running (11m56.0s), 300/300 VUs, 25963 complete and 0 interrupted iterations
peak_restaurant_view   [  92% ] 300/300 VUs  11m54.8s/13m0s  262.01 iters/s

running (11m57.0s), 300/300 VUs, 26005 complete and 0 interrupted iterations
peak_restaurant_view   [  92% ] 300/300 VUs  11m55.8s/13m0s  262.89 iters/s

running (11m58.0s), 300/300 VUs, 26048 complete and 0 interrupted iterations
peak_restaurant_view   [  92% ] 300/300 VUs  11m56.8s/13m0s  263.79 iters/s

running (11m59.0s), 300/300 VUs, 26089 complete and 0 interrupted iterations
peak_restaurant_view   [  92% ] 300/300 VUs  11m57.8s/13m0s  264.67 iters/s

running (12m00.0s), 300/300 VUs, 26109 complete and 0 interrupted iterations
peak_restaurant_view   [  92% ] 300/300 VUs  11m58.8s/13m0s  265.56 iters/s

running (12m01.0s), 300/300 VUs, 26147 complete and 0 interrupted iterations
peak_restaurant_view   [  92% ] 300/300 VUs  11m59.8s/13m0s  266.45 iters/s

running (12m02.0s), 300/300 VUs, 26185 complete and 0 interrupted iterations
peak_restaurant_view   [  92% ] 300/300 VUs  12m00.8s/13m0s  267.34 iters/s

running (12m03.0s), 300/300 VUs, 26229 complete and 0 interrupted iterations
peak_restaurant_view   [  93% ] 300/300 VUs  12m01.8s/13m0s  268.23 iters/s

running (12m04.0s), 300/300 VUs, 26273 complete and 0 interrupted iterations
peak_restaurant_view   [  93% ] 300/300 VUs  12m02.8s/13m0s  269.12 iters/s

running (12m05.0s), 300/300 VUs, 26316 complete and 0 interrupted iterations
peak_restaurant_view   [  93% ] 300/300 VUs  12m03.8s/13m0s  270.01 iters/s

running (12m06.0s), 300/300 VUs, 26360 complete and 0 interrupted iterations
peak_restaurant_view   [  93% ] 300/300 VUs  12m04.8s/13m0s  270.89 iters/s

running (12m07.0s), 300/300 VUs, 26402 complete and 0 interrupted iterations
peak_restaurant_view   [  93% ] 300/300 VUs  12m05.8s/13m0s  271.79 iters/s

running (12m08.0s), 300/300 VUs, 26445 complete and 0 interrupted iterations
peak_restaurant_view   [  93% ] 300/300 VUs  12m06.8s/13m0s  272.67 iters/s

running (12m09.0s), 298/300 VUs, 26489 complete and 0 interrupted iterations
peak_restaurant_view   [  93% ] 298/300 VUs  12m07.8s/13m0s  273.56 iters/s

running (12m10.0s), 300/300 VUs, 26533 complete and 0 interrupted iterations
peak_restaurant_view   [  93% ] 300/300 VUs  12m08.8s/13m0s  274.45 iters/s

running (12m11.0s), 300/300 VUs, 26570 complete and 0 interrupted iterations
peak_restaurant_view   [  94% ] 300/300 VUs  12m09.8s/13m0s  275.34 iters/s

running (12m12.0s), 300/300 VUs, 26619 complete and 0 interrupted iterations
peak_restaurant_view   [  94% ] 300/300 VUs  12m10.8s/13m0s  276.23 iters/s

running (12m13.0s), 300/300 VUs, 26652 complete and 0 interrupted iterations
peak_restaurant_view   [  94% ] 300/300 VUs  12m11.8s/13m0s  277.12 iters/s

running (12m14.0s), 300/300 VUs, 26688 complete and 0 interrupted iterations
peak_restaurant_view   [  94% ] 300/300 VUs  12m12.8s/13m0s  278.01 iters/s

running (12m15.0s), 300/300 VUs, 26721 complete and 0 interrupted iterations
peak_restaurant_view   [  94% ] 300/300 VUs  12m13.8s/13m0s  278.90 iters/s

running (12m16.0s), 300/300 VUs, 26761 complete and 0 interrupted iterations
peak_restaurant_view   [  94% ] 300/300 VUs  12m14.8s/13m0s  279.79 iters/s

running (12m17.0s), 300/300 VUs, 26805 complete and 0 interrupted iterations
peak_restaurant_view   [  94% ] 300/300 VUs  12m15.8s/13m0s  280.67 iters/s

running (12m18.0s), 300/300 VUs, 26847 complete and 0 interrupted iterations
peak_restaurant_view   [  94% ] 300/300 VUs  12m16.8s/13m0s  281.56 iters/s

running (12m19.0s), 300/300 VUs, 26890 complete and 0 interrupted iterations
peak_restaurant_view   [  95% ] 300/300 VUs  12m17.8s/13m0s  282.45 iters/s

running (12m20.0s), 300/300 VUs, 26933 complete and 0 interrupted iterations
peak_restaurant_view   [  95% ] 300/300 VUs  12m18.8s/13m0s  283.34 iters/s

running (12m21.0s), 300/300 VUs, 26974 complete and 0 interrupted iterations
peak_restaurant_view   [  95% ] 300/300 VUs  12m19.8s/13m0s  284.23 iters/s

running (12m22.0s), 299/300 VUs, 27017 complete and 0 interrupted iterations
peak_restaurant_view   [  95% ] 299/300 VUs  12m20.8s/13m0s  285.12 iters/s

running (12m23.0s), 300/300 VUs, 27064 complete and 0 interrupted iterations
peak_restaurant_view   [  95% ] 300/300 VUs  12m21.8s/13m0s  286.01 iters/s

running (12m24.0s), 299/300 VUs, 27104 complete and 0 interrupted iterations
peak_restaurant_view   [  95% ] 299/300 VUs  12m22.8s/13m0s  286.90 iters/s

running (12m25.0s), 300/300 VUs, 27147 complete and 0 interrupted iterations
peak_restaurant_view   [  95% ] 300/300 VUs  12m23.8s/13m0s  287.79 iters/s

running (12m26.0s), 300/300 VUs, 27193 complete and 0 interrupted iterations
peak_restaurant_view   [  95% ] 300/300 VUs  12m24.8s/13m0s  288.67 iters/s

running (12m27.0s), 300/300 VUs, 27234 complete and 0 interrupted iterations
peak_restaurant_view   [  96% ] 300/300 VUs  12m25.8s/13m0s  289.56 iters/s

running (12m28.0s), 300/300 VUs, 27275 complete and 0 interrupted iterations
peak_restaurant_view   [  96% ] 300/300 VUs  12m26.8s/13m0s  290.45 iters/s

running (12m29.0s), 300/300 VUs, 27319 complete and 0 interrupted iterations
peak_restaurant_view   [  96% ] 300/300 VUs  12m27.8s/13m0s  291.34 iters/s

running (12m30.0s), 300/300 VUs, 27351 complete and 0 interrupted iterations
peak_restaurant_view   [  96% ] 300/300 VUs  12m28.8s/13m0s  292.23 iters/s

running (12m31.0s), 300/300 VUs, 27381 complete and 0 interrupted iterations
peak_restaurant_view   [  96% ] 300/300 VUs  12m29.8s/13m0s  293.12 iters/s

running (12m32.0s), 300/300 VUs, 27421 complete and 0 interrupted iterations
peak_restaurant_view   [  96% ] 300/300 VUs  12m30.8s/13m0s  294.01 iters/s

running (12m33.0s), 300/300 VUs, 27464 complete and 0 interrupted iterations
peak_restaurant_view   [  96% ] 300/300 VUs  12m31.8s/13m0s  294.90 iters/s

running (12m34.0s), 300/300 VUs, 27505 complete and 0 interrupted iterations
peak_restaurant_view   [  97% ] 300/300 VUs  12m32.8s/13m0s  295.79 iters/s

running (12m35.0s), 300/300 VUs, 27552 complete and 0 interrupted iterations
peak_restaurant_view   [  97% ] 300/300 VUs  12m33.8s/13m0s  296.67 iters/s

running (12m36.0s), 300/300 VUs, 27594 complete and 0 interrupted iterations
peak_restaurant_view   [  97% ] 300/300 VUs  12m34.8s/13m0s  297.56 iters/s

running (12m37.0s), 300/300 VUs, 27638 complete and 0 interrupted iterations
peak_restaurant_view   [  97% ] 300/300 VUs  12m35.8s/13m0s  298.45 iters/s

running (12m38.0s), 300/300 VUs, 27683 complete and 0 interrupted iterations
peak_restaurant_view   [  97% ] 300/300 VUs  12m36.8s/13m0s  299.34 iters/s

running (12m39.0s), 300/300 VUs, 27724 complete and 0 interrupted iterations
peak_restaurant_view   [  97% ] 300/300 VUs  12m37.8s/13m0s  300.23 iters/s

running (12m40.0s), 300/300 VUs, 27769 complete and 0 interrupted iterations
peak_restaurant_view   [  97% ] 300/300 VUs  12m38.8s/13m0s  301.12 iters/s

running (12m41.0s), 300/300 VUs, 27809 complete and 0 interrupted iterations
peak_restaurant_view   [  97% ] 300/300 VUs  12m39.8s/13m0s  302.01 iters/s

running (12m42.0s), 300/300 VUs, 27853 complete and 0 interrupted iterations
peak_restaurant_view   [  98% ] 300/300 VUs  12m40.8s/13m0s  302.89 iters/s

running (12m43.0s), 300/300 VUs, 27896 complete and 0 interrupted iterations
peak_restaurant_view   [  98% ] 300/300 VUs  12m41.8s/13m0s  303.79 iters/s

running (12m44.0s), 300/300 VUs, 27935 complete and 0 interrupted iterations
peak_restaurant_view   [  98% ] 300/300 VUs  12m42.8s/13m0s  304.67 iters/s

running (12m45.0s), 300/300 VUs, 27969 complete and 0 interrupted iterations
peak_restaurant_view   [  98% ] 300/300 VUs  12m43.8s/13m0s  305.56 iters/s

running (12m46.0s), 299/300 VUs, 28010 complete and 0 interrupted iterations
peak_restaurant_view   [  98% ] 299/300 VUs  12m44.8s/13m0s  306.45 iters/s

running (12m47.0s), 300/300 VUs, 28054 complete and 0 interrupted iterations
peak_restaurant_view   [  98% ] 300/300 VUs  12m45.8s/13m0s  307.34 iters/s

running (12m48.0s), 300/300 VUs, 28092 complete and 0 interrupted iterations
peak_restaurant_view   [  98% ] 300/300 VUs  12m46.8s/13m0s  308.23 iters/s

running (12m49.0s), 300/300 VUs, 28135 complete and 0 interrupted iterations
peak_restaurant_view   [  98% ] 300/300 VUs  12m47.8s/13m0s  309.12 iters/s

running (12m50.0s), 300/300 VUs, 28177 complete and 0 interrupted iterations
peak_restaurant_view   [  99% ] 300/300 VUs  12m48.8s/13m0s  310.01 iters/s

running (12m51.0s), 300/300 VUs, 28222 complete and 0 interrupted iterations
peak_restaurant_view   [  99% ] 300/300 VUs  12m49.8s/13m0s  310.90 iters/s

running (12m52.0s), 300/300 VUs, 28263 complete and 0 interrupted iterations
peak_restaurant_view   [  99% ] 300/300 VUs  12m50.8s/13m0s  311.78 iters/s

running (12m53.0s), 300/300 VUs, 28308 complete and 0 interrupted iterations
peak_restaurant_view   [  99% ] 300/300 VUs  12m51.8s/13m0s  312.67 iters/s

running (12m54.0s), 300/300 VUs, 28350 complete and 0 interrupted iterations
peak_restaurant_view   [  99% ] 300/300 VUs  12m52.8s/13m0s  313.56 iters/s

running (12m55.0s), 300/300 VUs, 28390 complete and 0 interrupted iterations
peak_restaurant_view   [  99% ] 300/300 VUs  12m53.8s/13m0s  314.45 iters/s

running (12m56.0s), 299/300 VUs, 28435 complete and 0 interrupted iterations
peak_restaurant_view   [  99% ] 299/300 VUs  12m54.8s/13m0s  315.34 iters/s

running (12m57.0s), 300/300 VUs, 28476 complete and 0 interrupted iterations
peak_restaurant_view   [  99% ] 300/300 VUs  12m55.8s/13m0s  316.23 iters/s

running (12m58.0s), 300/300 VUs, 28515 complete and 0 interrupted iterations
peak_restaurant_view   [ 100% ] 300/300 VUs  12m56.8s/13m0s  317.12 iters/s

running (12m59.0s), 300/300 VUs, 28559 complete and 0 interrupted iterations
peak_restaurant_view   [ 100% ] 300/300 VUs  12m57.8s/13m0s  318.01 iters/s

running (13m00.0s), 300/300 VUs, 28594 complete and 0 interrupted iterations
peak_restaurant_view   [ 100% ] 300/300 VUs  12m58.8s/13m0s  318.90 iters/s

running (13m01.0s), 300/300 VUs, 28633 complete and 0 interrupted iterations
peak_restaurant_view   [ 100% ] 300/300 VUs  12m59.8s/13m0s  319.78 iters/s

running (13m02.0s), 271/300 VUs, 28667 complete and 0 interrupted iterations
peak_restaurant_view ↓ [ 100% ] 300/300 VUs  13m0s  320.00 iters/s

running (13m03.0s), 224/300 VUs, 28714 complete and 0 interrupted iterations
peak_restaurant_view ↓ [ 100% ] 300/300 VUs  13m0s  320.00 iters/s

running (13m04.0s), 183/300 VUs, 28755 complete and 0 interrupted iterations
peak_restaurant_view ↓ [ 100% ] 300/300 VUs  13m0s  320.00 iters/s

running (13m05.0s), 141/300 VUs, 28797 complete and 0 interrupted iterations
peak_restaurant_view ↓ [ 100% ] 300/300 VUs  13m0s  320.00 iters/s

running (13m06.0s), 092/300 VUs, 28846 complete and 0 interrupted iterations
peak_restaurant_view ↓ [ 100% ] 300/300 VUs  13m0s  320.00 iters/s

running (13m07.0s), 052/300 VUs, 28886 complete and 0 interrupted iterations
peak_restaurant_view ↓ [ 100% ] 300/300 VUs  13m0s  320.00 iters/s


  █ TOTAL RESULTS 

    checks_total.......: 115752 146.928648/s
    checks_succeeded...: 99.99% 115750 out of 115752
    checks_failed......: 0.00%  2 out of 115752

    ✗ peak_restaurant_detail status is 200
      ↳  99% — ✓ 28937 / ✗ 1
    ✗ peak_restaurant_detail body.success is true
      ↳  99% — ✓ 28937 / ✗ 1
    ✓ peak_dining_sessions status is 200
    ✓ peak_dining_sessions body.success is true

    HTTP
    http_req_duration..............: avg=2.61s min=0s       med=3.24s max=10.76s p(90)=4.17s p(95)=4.44s p(99)=5.62s
      { expected_response:true }...: avg=2.61s min=6.51ms   med=3.24s max=10.76s p(90)=4.17s p(95)=4.44s p(99)=5.62s
    http_req_failed................: 0.00%  1 out of 57881
    http_reqs......................: 57881  73.470671/s

    EXECUTION
    dropped_iterations.............: 53261  67.60632/s
    iteration_duration.............: avg=5.23s min=154.91ms med=7.03s max=13.86s p(90)=7.7s  p(95)=8.51s p(99)=9.49s
    iterations.....................: 28938  36.732162/s
    vus............................: 52     min=0          max=300
    vus_max........................: 300    min=50         max=300

    NETWORK
    data_received..................: 554 MB 704 kB/s
    data_sent......................: 6.1 MB 7.7 kB/s




running (13m07.8s), 000/300 VUs, 28938 complete and 0 interrupted iterations
peak_restaurant_view ✓ [ 100% ] 000/300 VUs  13m0s  320.00 iters/s
