
         /\      Grafana   /‾‾/  
    /\  /  \     |\  __   /  /   
   /  \/    \    | |/ /  /   ‾‾\ 
  /          \   |   (  |  (‾)  |
 / __________ \  |_|\_\  \_____/ 


     execution: local
        script: k6/scenarios/peak-restaurant-view.js
        output: -

     scenarios: (100.00%) 1 scenario, 300 max VUs, 13m30s max duration (incl. graceful stop):
              * peak_restaurant_view: Up to 320.00 iterations/s for 13m0s over 5 stages (maxVUs: 50-300, gracefulStop: 30s)


Run                    [ 100% ] setup()
peak_restaurant_view   [   0% ]

running (00m02.0s), 000/050 VUs, 0 complete and 0 interrupted iterations
peak_restaurant_view   [   0% ] 000/050 VUs  00m00.0s/13m0s  020.00 iters/s

running (00m03.0s), 020/050 VUs, 0 complete and 0 interrupted iterations
peak_restaurant_view   [   0% ] 020/050 VUs  00m01.0s/13m0s  020.00 iters/s

running (00m04.0s), 040/050 VUs, 0 complete and 0 interrupted iterations
peak_restaurant_view   [   0% ] 040/050 VUs  00m02.0s/13m0s  020.00 iters/s

running (00m05.0s), 055/055 VUs, 0 complete and 0 interrupted iterations
peak_restaurant_view   [   0% ] 055/055 VUs  00m03.0s/13m0s  020.00 iters/s

running (00m06.0s), 065/065 VUs, 0 complete and 0 interrupted iterations
peak_restaurant_view   [   1% ] 065/065 VUs  00m04.0s/13m0s  020.00 iters/s

running (00m07.0s), 072/073 VUs, 5 complete and 0 interrupted iterations
peak_restaurant_view   [   1% ] 072/073 VUs  00m05.0s/13m0s  020.00 iters/s

running (00m08.0s), 076/078 VUs, 16 complete and 0 interrupted iterations
peak_restaurant_view   [   1% ] 076/078 VUs  00m06.0s/13m0s  020.00 iters/s

running (00m09.0s), 079/081 VUs, 30 complete and 0 interrupted iterations
peak_restaurant_view   [   1% ] 079/081 VUs  00m07.0s/13m0s  020.00 iters/s

running (00m10.0s), 090/090 VUs, 30 complete and 0 interrupted iterations
peak_restaurant_view   [   1% ] 090/090 VUs  00m08.0s/13m0s  020.00 iters/s

running (00m11.0s), 098/099 VUs, 33 complete and 0 interrupted iterations
peak_restaurant_view   [   1% ] 098/099 VUs  00m09.0s/13m0s  020.00 iters/s

running (00m12.0s), 100/102 VUs, 48 complete and 0 interrupted iterations
peak_restaurant_view   [   1% ] 100/102 VUs  00m10.0s/13m0s  020.00 iters/s

running (00m13.0s), 105/105 VUs, 60 complete and 0 interrupted iterations
peak_restaurant_view   [   1% ] 105/105 VUs  00m11.0s/13m0s  020.00 iters/s

running (00m14.0s), 115/115 VUs, 60 complete and 0 interrupted iterations
peak_restaurant_view   [   2% ] 115/115 VUs  00m12.0s/13m0s  020.00 iters/s

running (00m15.0s), 123/123 VUs, 64 complete and 0 interrupted iterations
peak_restaurant_view   [   2% ] 123/123 VUs  00m13.0s/13m0s  020.00 iters/s

running (00m16.0s), 125/126 VUs, 79 complete and 0 interrupted iterations
peak_restaurant_view   [   2% ] 125/126 VUs  00m14.0s/13m0s  020.00 iters/s

running (00m17.0s), 130/131 VUs, 89 complete and 0 interrupted iterations
peak_restaurant_view   [   2% ] 130/131 VUs  00m15.0s/13m0s  020.00 iters/s

running (00m18.0s), 139/139 VUs, 92 complete and 0 interrupted iterations
peak_restaurant_view   [   2% ] 139/139 VUs  00m16.0s/13m0s  020.00 iters/s

running (00m19.0s), 145/146 VUs, 99 complete and 0 interrupted iterations
peak_restaurant_view   [   2% ] 145/146 VUs  00m17.0s/13m0s  020.00 iters/s

running (00m20.0s), 146/148 VUs, 116 complete and 0 interrupted iterations
peak_restaurant_view   [   2% ] 146/148 VUs  00m18.0s/13m0s  020.00 iters/s

running (00m21.0s), 155/155 VUs, 120 complete and 0 interrupted iterations
peak_restaurant_view   [   2% ] 155/155 VUs  00m19.0s/13m0s  020.00 iters/s

running (00m22.0s), 163/163 VUs, 124 complete and 0 interrupted iterations
peak_restaurant_view   [   3% ] 163/163 VUs  00m20.0s/13m0s  020.00 iters/s

running (00m23.0s), 165/167 VUs, 138 complete and 0 interrupted iterations
peak_restaurant_view   [   3% ] 165/167 VUs  00m21.0s/13m0s  020.00 iters/s

running (00m24.0s), 170/171 VUs, 149 complete and 0 interrupted iterations
peak_restaurant_view   [   3% ] 170/171 VUs  00m22.0s/13m0s  020.00 iters/s

running (00m25.0s), 179/179 VUs, 152 complete and 0 interrupted iterations
peak_restaurant_view   [   3% ] 179/179 VUs  00m23.0s/13m0s  020.00 iters/s

running (00m26.0s), 183/185 VUs, 162 complete and 0 interrupted iterations
peak_restaurant_view   [   3% ] 183/185 VUs  00m24.0s/13m0s  020.00 iters/s

running (00m27.0s), 187/188 VUs, 175 complete and 0 interrupted iterations
peak_restaurant_view   [   3% ] 187/188 VUs  00m25.0s/13m0s  020.00 iters/s

running (00m28.0s), 194/195 VUs, 181 complete and 0 interrupted iterations
peak_restaurant_view   [   3% ] 194/195 VUs  00m26.0s/13m0s  020.00 iters/s

running (00m29.0s), 201/204 VUs, 185 complete and 0 interrupted iterations
peak_restaurant_view   [   3% ] 201/204 VUs  00m27.0s/13m0s  020.00 iters/s

running (00m30.0s), 205/205 VUs, 200 complete and 0 interrupted iterations
peak_restaurant_view   [   4% ] 205/205 VUs  00m28.0s/13m0s  020.00 iters/s

running (00m31.0s), 210/211 VUs, 209 complete and 0 interrupted iterations
peak_restaurant_view   [   4% ] 210/211 VUs  00m29.0s/13m0s  020.00 iters/s

running (00m32.0s), 218/219 VUs, 213 complete and 0 interrupted iterations
peak_restaurant_view   [   4% ] 218/219 VUs  00m30.0s/13m0s  020.00 iters/s

running (00m33.0s), 219/222 VUs, 229 complete and 0 interrupted iterations
peak_restaurant_view   [   4% ] 219/222 VUs  00m31.0s/13m0s  020.00 iters/s

running (00m34.0s), 226/227 VUs, 237 complete and 0 interrupted iterations
peak_restaurant_view   [   4% ] 226/227 VUs  00m32.0s/13m0s  020.00 iters/s

running (00m35.0s), 234/234 VUs, 242 complete and 0 interrupted iterations
peak_restaurant_view   [   4% ] 234/234 VUs  00m33.0s/13m0s  020.00 iters/s

running (00m36.0s), 236/239 VUs, 255 complete and 0 interrupted iterations
peak_restaurant_view   [   4% ] 236/239 VUs  00m34.0s/13m0s  020.00 iters/s

running (00m37.0s), 242/242 VUs, 266 complete and 0 interrupted iterations
peak_restaurant_view   [   4% ] 242/242 VUs  00m35.0s/13m0s  020.00 iters/s

running (00m38.0s), 249/250 VUs, 271 complete and 0 interrupted iterations
peak_restaurant_view   [   5% ] 249/250 VUs  00m36.0s/13m0s  020.00 iters/s

running (00m39.0s), 252/254 VUs, 284 complete and 0 interrupted iterations
peak_restaurant_view   [   5% ] 252/254 VUs  00m37.0s/13m0s  020.00 iters/s

running (00m40.0s), 257/258 VUs, 295 complete and 0 interrupted iterations
peak_restaurant_view   [   5% ] 257/258 VUs  00m38.0s/13m0s  020.00 iters/s

running (00m41.0s), 264/265 VUs, 301 complete and 0 interrupted iterations
peak_restaurant_view   [   5% ] 264/265 VUs  00m39.0s/13m0s  020.00 iters/s

running (00m42.0s), 268/272 VUs, 310 complete and 0 interrupted iterations
peak_restaurant_view   [   5% ] 268/272 VUs  00m40.0s/13m0s  020.00 iters/s

running (00m43.0s), 272/274 VUs, 324 complete and 0 interrupted iterations
peak_restaurant_view   [   5% ] 272/274 VUs  00m41.0s/13m0s  020.00 iters/s

running (00m44.0s), 279/280 VUs, 331 complete and 0 interrupted iterations
peak_restaurant_view   [   5% ] 279/280 VUs  00m42.0s/13m0s  020.00 iters/s

running (00m45.0s), 287/287 VUs, 336 complete and 0 interrupted iterations
peak_restaurant_view   [   6% ] 287/287 VUs  00m43.0s/13m0s  020.00 iters/s

running (00m46.0s), 289/290 VUs, 351 complete and 0 interrupted iterations
peak_restaurant_view   [   6% ] 289/290 VUs  00m44.0s/13m0s  020.00 iters/s

running (00m47.0s), 296/298 VUs, 356 complete and 0 interrupted iterations
peak_restaurant_view   [   6% ] 296/298 VUs  00m45.0s/13m0s  020.00 iters/s
time="2026-08-12T17:44:02+09:00" level=warning msg="Insufficient VUs, reached 300 active VUs and cannot initialize more" executor=ramping-arrival-rate scenario=peak_restaurant_view

running (00m48.0s), 300/300 VUs, 361 complete and 0 interrupted iterations
peak_restaurant_view   [   6% ] 300/300 VUs  00m46.0s/13m0s  020.00 iters/s

running (00m49.0s), 295/300 VUs, 374 complete and 0 interrupted iterations
peak_restaurant_view   [   6% ] 295/300 VUs  00m47.0s/13m0s  020.00 iters/s

running (00m50.0s), 300/300 VUs, 383 complete and 0 interrupted iterations
peak_restaurant_view   [   6% ] 300/300 VUs  00m48.0s/13m0s  020.00 iters/s

running (00m51.0s), 300/300 VUs, 391 complete and 0 interrupted iterations
peak_restaurant_view   [   6% ] 300/300 VUs  00m49.0s/13m0s  020.00 iters/s

running (00m52.0s), 298/300 VUs, 403 complete and 0 interrupted iterations
peak_restaurant_view   [   6% ] 298/300 VUs  00m50.0s/13m0s  020.00 iters/s

running (00m53.0s), 300/300 VUs, 414 complete and 0 interrupted iterations
peak_restaurant_view   [   7% ] 300/300 VUs  00m51.0s/13m0s  020.00 iters/s

running (00m54.0s), 300/300 VUs, 422 complete and 0 interrupted iterations
peak_restaurant_view   [   7% ] 300/300 VUs  00m52.0s/13m0s  020.00 iters/s

running (00m55.0s), 296/300 VUs, 434 complete and 0 interrupted iterations
peak_restaurant_view   [   7% ] 296/300 VUs  00m53.0s/13m0s  020.00 iters/s

running (00m56.0s), 300/300 VUs, 445 complete and 0 interrupted iterations
peak_restaurant_view   [   7% ] 300/300 VUs  00m54.0s/13m0s  020.00 iters/s

running (00m57.0s), 299/300 VUs, 452 complete and 0 interrupted iterations
peak_restaurant_view   [   7% ] 299/300 VUs  00m55.0s/13m0s  020.00 iters/s

running (00m58.0s), 300/300 VUs, 463 complete and 0 interrupted iterations
peak_restaurant_view   [   7% ] 300/300 VUs  00m56.0s/13m0s  020.00 iters/s

running (00m59.0s), 300/300 VUs, 477 complete and 0 interrupted iterations
peak_restaurant_view   [   7% ] 300/300 VUs  00m57.0s/13m0s  020.00 iters/s

running (01m00.0s), 299/300 VUs, 484 complete and 0 interrupted iterations
peak_restaurant_view   [   7% ] 299/300 VUs  00m58.0s/13m0s  020.00 iters/s

running (01m01.0s), 298/300 VUs, 494 complete and 0 interrupted iterations
peak_restaurant_view   [   8% ] 298/300 VUs  00m59.0s/13m0s  020.00 iters/s

running (01m02.0s), 300/300 VUs, 508 complete and 0 interrupted iterations
peak_restaurant_view   [   8% ] 300/300 VUs  01m00.0s/13m0s  020.00 iters/s

running (01m03.0s), 300/300 VUs, 513 complete and 0 interrupted iterations
peak_restaurant_view   [   8% ] 300/300 VUs  01m01.0s/13m0s  020.11 iters/s

running (01m04.0s), 298/300 VUs, 527 complete and 0 interrupted iterations
peak_restaurant_view   [   8% ] 298/300 VUs  01m02.0s/13m0s  020.23 iters/s

running (01m05.0s), 300/300 VUs, 538 complete and 0 interrupted iterations
peak_restaurant_view   [   8% ] 300/300 VUs  01m03.0s/13m0s  020.34 iters/s

running (01m06.0s), 300/300 VUs, 544 complete and 0 interrupted iterations
peak_restaurant_view   [   8% ] 300/300 VUs  01m04.0s/13m0s  020.45 iters/s

running (01m07.0s), 300/300 VUs, 559 complete and 0 interrupted iterations
peak_restaurant_view   [   8% ] 300/300 VUs  01m05.0s/13m0s  020.56 iters/s

running (01m08.0s), 300/300 VUs, 570 complete and 0 interrupted iterations
peak_restaurant_view   [   8% ] 300/300 VUs  01m06.0s/13m0s  020.67 iters/s

running (01m09.0s), 300/300 VUs, 576 complete and 0 interrupted iterations
peak_restaurant_view   [   9% ] 300/300 VUs  01m07.0s/13m0s  020.78 iters/s

running (01m10.0s), 299/300 VUs, 595 complete and 0 interrupted iterations
peak_restaurant_view   [   9% ] 299/300 VUs  01m08.0s/13m0s  020.89 iters/s

running (01m11.0s), 300/300 VUs, 602 complete and 0 interrupted iterations
peak_restaurant_view   [   9% ] 300/300 VUs  01m09.0s/13m0s  021.01 iters/s

running (01m12.0s), 297/300 VUs, 613 complete and 0 interrupted iterations
peak_restaurant_view   [   9% ] 297/300 VUs  01m10.0s/13m0s  021.12 iters/s

running (01m13.0s), 300/300 VUs, 628 complete and 0 interrupted iterations
peak_restaurant_view   [   9% ] 300/300 VUs  01m11.0s/13m0s  021.23 iters/s

running (01m14.0s), 299/300 VUs, 637 complete and 0 interrupted iterations
peak_restaurant_view   [   9% ] 299/300 VUs  01m12.0s/13m0s  021.34 iters/s

running (01m15.0s), 300/300 VUs, 651 complete and 0 interrupted iterations
peak_restaurant_view   [   9% ] 300/300 VUs  01m13.0s/13m0s  021.45 iters/s

running (01m16.0s), 300/300 VUs, 662 complete and 0 interrupted iterations
peak_restaurant_view   [   9% ] 300/300 VUs  01m14.0s/13m0s  021.56 iters/s

running (01m17.0s), 300/300 VUs, 669 complete and 0 interrupted iterations
peak_restaurant_view   [  10% ] 300/300 VUs  01m15.0s/13m0s  021.67 iters/s

running (01m18.0s), 300/300 VUs, 685 complete and 0 interrupted iterations
peak_restaurant_view   [  10% ] 300/300 VUs  01m16.0s/13m0s  021.78 iters/s

running (01m19.0s), 300/300 VUs, 693 complete and 0 interrupted iterations
peak_restaurant_view   [  10% ] 300/300 VUs  01m17.0s/13m0s  021.90 iters/s

running (01m20.0s), 298/300 VUs, 707 complete and 0 interrupted iterations
peak_restaurant_view   [  10% ] 298/300 VUs  01m18.0s/13m0s  022.00 iters/s

running (01m21.0s), 300/300 VUs, 721 complete and 0 interrupted iterations
peak_restaurant_view   [  10% ] 300/300 VUs  01m19.0s/13m0s  022.12 iters/s

running (01m22.0s), 299/300 VUs, 729 complete and 0 interrupted iterations
peak_restaurant_view   [  10% ] 299/300 VUs  01m20.0s/13m0s  022.23 iters/s

running (01m23.0s), 300/300 VUs, 742 complete and 0 interrupted iterations
peak_restaurant_view   [  10% ] 300/300 VUs  01m21.0s/13m0s  022.34 iters/s

running (01m24.0s), 300/300 VUs, 755 complete and 0 interrupted iterations
peak_restaurant_view   [  11% ] 300/300 VUs  01m22.0s/13m0s  022.45 iters/s

running (01m25.0s), 300/300 VUs, 763 complete and 0 interrupted iterations
peak_restaurant_view   [  11% ] 300/300 VUs  01m23.0s/13m0s  022.56 iters/s

running (01m26.0s), 300/300 VUs, 776 complete and 0 interrupted iterations
peak_restaurant_view   [  11% ] 300/300 VUs  01m24.0s/13m0s  022.67 iters/s

running (01m27.0s), 298/300 VUs, 788 complete and 0 interrupted iterations
peak_restaurant_view   [  11% ] 298/300 VUs  01m25.0s/13m0s  022.78 iters/s

running (01m28.0s), 299/300 VUs, 799 complete and 0 interrupted iterations
peak_restaurant_view   [  11% ] 299/300 VUs  01m26.0s/13m0s  022.89 iters/s

running (01m29.0s), 300/300 VUs, 814 complete and 0 interrupted iterations
peak_restaurant_view   [  11% ] 300/300 VUs  01m27.0s/13m0s  023.00 iters/s

running (01m30.0s), 299/300 VUs, 823 complete and 0 interrupted iterations
peak_restaurant_view   [  11% ] 299/300 VUs  01m28.0s/13m0s  023.12 iters/s

running (01m31.0s), 300/300 VUs, 836 complete and 0 interrupted iterations
peak_restaurant_view   [  11% ] 300/300 VUs  01m29.0s/13m0s  023.23 iters/s

running (01m32.0s), 300/300 VUs, 847 complete and 0 interrupted iterations
peak_restaurant_view   [  12% ] 300/300 VUs  01m30.0s/13m0s  023.34 iters/s

running (01m33.0s), 300/300 VUs, 854 complete and 0 interrupted iterations
peak_restaurant_view   [  12% ] 300/300 VUs  01m31.0s/13m0s  023.45 iters/s

running (01m34.0s), 299/300 VUs, 869 complete and 0 interrupted iterations
peak_restaurant_view   [  12% ] 299/300 VUs  01m32.0s/13m0s  023.56 iters/s

running (01m35.0s), 300/300 VUs, 878 complete and 0 interrupted iterations
peak_restaurant_view   [  12% ] 300/300 VUs  01m33.0s/13m0s  023.67 iters/s

running (01m36.0s), 300/300 VUs, 887 complete and 0 interrupted iterations
peak_restaurant_view   [  12% ] 300/300 VUs  01m34.0s/13m0s  023.78 iters/s

running (01m37.0s), 300/300 VUs, 902 complete and 0 interrupted iterations
peak_restaurant_view   [  12% ] 300/300 VUs  01m35.0s/13m0s  023.90 iters/s

running (01m38.0s), 300/300 VUs, 908 complete and 0 interrupted iterations
peak_restaurant_view   [  12% ] 300/300 VUs  01m36.0s/13m0s  024.01 iters/s

running (01m39.0s), 300/300 VUs, 921 complete and 0 interrupted iterations
peak_restaurant_view   [  12% ] 300/300 VUs  01m37.0s/13m0s  024.12 iters/s

running (01m40.0s), 300/300 VUs, 934 complete and 0 interrupted iterations
peak_restaurant_view   [  13% ] 300/300 VUs  01m38.0s/13m0s  024.23 iters/s

running (01m41.0s), 300/300 VUs, 943 complete and 0 interrupted iterations
peak_restaurant_view   [  13% ] 300/300 VUs  01m39.0s/13m0s  024.34 iters/s

running (01m42.0s), 299/300 VUs, 958 complete and 0 interrupted iterations
peak_restaurant_view   [  13% ] 299/300 VUs  01m40.0s/13m0s  024.45 iters/s

running (01m43.0s), 300/300 VUs, 967 complete and 0 interrupted iterations
peak_restaurant_view   [  13% ] 300/300 VUs  01m41.0s/13m0s  024.56 iters/s

running (01m44.0s), 300/300 VUs, 976 complete and 0 interrupted iterations
peak_restaurant_view   [  13% ] 300/300 VUs  01m42.0s/13m0s  024.67 iters/s

running (01m45.0s), 300/300 VUs, 984 complete and 0 interrupted iterations
peak_restaurant_view   [  13% ] 300/300 VUs  01m43.0s/13m0s  024.78 iters/s

running (01m46.0s), 299/300 VUs, 994 complete and 0 interrupted iterations
peak_restaurant_view   [  13% ] 299/300 VUs  01m44.0s/13m0s  024.89 iters/s

running (01m47.0s), 300/300 VUs, 996 complete and 0 interrupted iterations
peak_restaurant_view   [  13% ] 300/300 VUs  01m45.0s/13m0s  025.00 iters/s

running (01m48.0s), 300/300 VUs, 1004 complete and 0 interrupted iterations
peak_restaurant_view   [  14% ] 300/300 VUs  01m46.0s/13m0s  025.12 iters/s

running (01m49.0s), 298/300 VUs, 1020 complete and 0 interrupted iterations
peak_restaurant_view   [  14% ] 298/300 VUs  01m47.0s/13m0s  025.23 iters/s

running (01m50.0s), 300/300 VUs, 1028 complete and 0 interrupted iterations
peak_restaurant_view   [  14% ] 300/300 VUs  01m48.0s/13m0s  025.34 iters/s

running (01m51.0s), 300/300 VUs, 1037 complete and 0 interrupted iterations
peak_restaurant_view   [  14% ] 300/300 VUs  01m49.0s/13m0s  025.45 iters/s

running (01m52.0s), 300/300 VUs, 1053 complete and 0 interrupted iterations
peak_restaurant_view   [  14% ] 300/300 VUs  01m50.0s/13m0s  025.56 iters/s

running (01m53.0s), 300/300 VUs, 1061 complete and 0 interrupted iterations
peak_restaurant_view   [  14% ] 300/300 VUs  01m51.0s/13m0s  025.67 iters/s

running (01m54.0s), 300/300 VUs, 1075 complete and 0 interrupted iterations
peak_restaurant_view   [  14% ] 300/300 VUs  01m52.0s/13m0s  025.78 iters/s

running (01m55.0s), 300/300 VUs, 1090 complete and 0 interrupted iterations
peak_restaurant_view   [  14% ] 300/300 VUs  01m53.0s/13m0s  025.90 iters/s

running (01m56.0s), 300/300 VUs, 1101 complete and 0 interrupted iterations
peak_restaurant_view   [  15% ] 300/300 VUs  01m54.0s/13m0s  026.01 iters/s

running (01m57.0s), 300/300 VUs, 1116 complete and 0 interrupted iterations
peak_restaurant_view   [  15% ] 300/300 VUs  01m55.0s/13m0s  026.12 iters/s

running (01m58.0s), 300/300 VUs, 1129 complete and 0 interrupted iterations
peak_restaurant_view   [  15% ] 300/300 VUs  01m56.0s/13m0s  026.23 iters/s

running (01m59.0s), 299/300 VUs, 1144 complete and 0 interrupted iterations
peak_restaurant_view   [  15% ] 299/300 VUs  01m57.0s/13m0s  026.34 iters/s

running (02m00.0s), 300/300 VUs, 1153 complete and 0 interrupted iterations
peak_restaurant_view   [  15% ] 300/300 VUs  01m58.0s/13m0s  026.45 iters/s

running (02m01.0s), 300/300 VUs, 1161 complete and 0 interrupted iterations
peak_restaurant_view   [  15% ] 300/300 VUs  01m59.0s/13m0s  026.56 iters/s

running (02m02.0s), 300/300 VUs, 1173 complete and 0 interrupted iterations
peak_restaurant_view   [  15% ] 300/300 VUs  02m00.0s/13m0s  026.67 iters/s

running (02m03.0s), 300/300 VUs, 1183 complete and 0 interrupted iterations
peak_restaurant_view   [  16% ] 300/300 VUs  02m01.0s/13m0s  026.78 iters/s

running (02m04.0s), 300/300 VUs, 1197 complete and 0 interrupted iterations
peak_restaurant_view   [  16% ] 300/300 VUs  02m02.0s/13m0s  026.89 iters/s

running (02m05.0s), 300/300 VUs, 1210 complete and 0 interrupted iterations
peak_restaurant_view   [  16% ] 300/300 VUs  02m03.0s/13m0s  027.00 iters/s

running (02m06.0s), 299/300 VUs, 1223 complete and 0 interrupted iterations
peak_restaurant_view   [  16% ] 299/300 VUs  02m04.0s/13m0s  027.11 iters/s

running (02m07.0s), 300/300 VUs, 1234 complete and 0 interrupted iterations
peak_restaurant_view   [  16% ] 300/300 VUs  02m05.0s/13m0s  027.23 iters/s

running (02m08.0s), 300/300 VUs, 1249 complete and 0 interrupted iterations
peak_restaurant_view   [  16% ] 300/300 VUs  02m06.0s/13m0s  027.34 iters/s

running (02m09.0s), 300/300 VUs, 1259 complete and 0 interrupted iterations
peak_restaurant_view   [  16% ] 300/300 VUs  02m07.0s/13m0s  027.45 iters/s

running (02m10.0s), 300/300 VUs, 1274 complete and 0 interrupted iterations
peak_restaurant_view   [  16% ] 300/300 VUs  02m08.0s/13m0s  027.56 iters/s

running (02m11.0s), 299/300 VUs, 1285 complete and 0 interrupted iterations
peak_restaurant_view   [  17% ] 299/300 VUs  02m09.0s/13m0s  027.67 iters/s

running (02m12.0s), 298/300 VUs, 1300 complete and 0 interrupted iterations
peak_restaurant_view   [  17% ] 298/300 VUs  02m10.0s/13m0s  027.78 iters/s

running (02m13.0s), 299/300 VUs, 1310 complete and 0 interrupted iterations
peak_restaurant_view   [  17% ] 299/300 VUs  02m11.0s/13m0s  027.89 iters/s

running (02m14.0s), 300/300 VUs, 1321 complete and 0 interrupted iterations
peak_restaurant_view   [  17% ] 300/300 VUs  02m12.0s/13m0s  028.01 iters/s

running (02m15.0s), 300/300 VUs, 1334 complete and 0 interrupted iterations
peak_restaurant_view   [  17% ] 300/300 VUs  02m13.0s/13m0s  028.12 iters/s

running (02m16.0s), 299/300 VUs, 1347 complete and 0 interrupted iterations
peak_restaurant_view   [  17% ] 299/300 VUs  02m14.0s/13m0s  028.23 iters/s

running (02m17.0s), 300/300 VUs, 1358 complete and 0 interrupted iterations
peak_restaurant_view   [  17% ] 300/300 VUs  02m15.0s/13m0s  028.34 iters/s

running (02m18.0s), 298/300 VUs, 1372 complete and 0 interrupted iterations
peak_restaurant_view   [  17% ] 298/300 VUs  02m16.0s/13m0s  028.45 iters/s

running (02m19.0s), 300/300 VUs, 1387 complete and 0 interrupted iterations
peak_restaurant_view   [  18% ] 300/300 VUs  02m17.0s/13m0s  028.56 iters/s

running (02m20.0s), 300/300 VUs, 1397 complete and 0 interrupted iterations
peak_restaurant_view   [  18% ] 300/300 VUs  02m18.0s/13m0s  028.67 iters/s

running (02m21.0s), 298/300 VUs, 1411 complete and 0 interrupted iterations
peak_restaurant_view   [  18% ] 298/300 VUs  02m19.0s/13m0s  028.78 iters/s

running (02m22.0s), 300/300 VUs, 1423 complete and 0 interrupted iterations
peak_restaurant_view   [  18% ] 300/300 VUs  02m20.0s/13m0s  028.89 iters/s

running (02m23.0s), 300/300 VUs, 1435 complete and 0 interrupted iterations
peak_restaurant_view   [  18% ] 300/300 VUs  02m21.0s/13m0s  029.00 iters/s

running (02m24.0s), 298/300 VUs, 1450 complete and 0 interrupted iterations
peak_restaurant_view   [  18% ] 298/300 VUs  02m22.0s/13m0s  029.11 iters/s

running (02m25.0s), 300/300 VUs, 1460 complete and 0 interrupted iterations
peak_restaurant_view   [  18% ] 300/300 VUs  02m23.0s/13m0s  029.23 iters/s

running (02m26.0s), 299/300 VUs, 1477 complete and 0 interrupted iterations
peak_restaurant_view   [  18% ] 299/300 VUs  02m24.0s/13m0s  029.34 iters/s

running (02m27.0s), 299/300 VUs, 1487 complete and 0 interrupted iterations
peak_restaurant_view   [  19% ] 299/300 VUs  02m25.0s/13m0s  029.45 iters/s

running (02m28.0s), 299/300 VUs, 1502 complete and 0 interrupted iterations
peak_restaurant_view   [  19% ] 299/300 VUs  02m26.0s/13m0s  029.56 iters/s

running (02m29.0s), 300/300 VUs, 1513 complete and 0 interrupted iterations
peak_restaurant_view   [  19% ] 300/300 VUs  02m27.0s/13m0s  029.67 iters/s

running (02m30.0s), 300/300 VUs, 1524 complete and 0 interrupted iterations
peak_restaurant_view   [  19% ] 300/300 VUs  02m28.0s/13m0s  029.78 iters/s

running (02m31.0s), 300/300 VUs, 1538 complete and 0 interrupted iterations
peak_restaurant_view   [  19% ] 300/300 VUs  02m29.0s/13m0s  029.89 iters/s

running (02m32.0s), 300/300 VUs, 1550 complete and 0 interrupted iterations
peak_restaurant_view   [  19% ] 300/300 VUs  02m30.0s/13m0s  030.01 iters/s

running (02m33.0s), 300/300 VUs, 1566 complete and 0 interrupted iterations
peak_restaurant_view   [  19% ] 300/300 VUs  02m31.0s/13m0s  030.12 iters/s

running (02m34.0s), 300/300 VUs, 1575 complete and 0 interrupted iterations
peak_restaurant_view   [  19% ] 300/300 VUs  02m32.0s/13m0s  030.23 iters/s

running (02m35.0s), 300/300 VUs, 1591 complete and 0 interrupted iterations
peak_restaurant_view   [  20% ] 300/300 VUs  02m33.0s/13m0s  030.34 iters/s

running (02m36.0s), 300/300 VUs, 1603 complete and 0 interrupted iterations
peak_restaurant_view   [  20% ] 300/300 VUs  02m34.0s/13m0s  030.45 iters/s

running (02m37.0s), 299/300 VUs, 1617 complete and 0 interrupted iterations
peak_restaurant_view   [  20% ] 299/300 VUs  02m35.0s/13m0s  030.56 iters/s

running (02m38.0s), 300/300 VUs, 1633 complete and 0 interrupted iterations
peak_restaurant_view   [  20% ] 300/300 VUs  02m36.0s/13m0s  030.67 iters/s

running (02m39.0s), 300/300 VUs, 1642 complete and 0 interrupted iterations
peak_restaurant_view   [  20% ] 300/300 VUs  02m37.0s/13m0s  030.78 iters/s

running (02m40.0s), 298/300 VUs, 1660 complete and 0 interrupted iterations
peak_restaurant_view   [  20% ] 298/300 VUs  02m38.0s/13m0s  030.89 iters/s

running (02m41.0s), 300/300 VUs, 1668 complete and 0 interrupted iterations
peak_restaurant_view   [  20% ] 300/300 VUs  02m39.0s/13m0s  031.00 iters/s

running (02m42.0s), 298/300 VUs, 1687 complete and 0 interrupted iterations
peak_restaurant_view   [  21% ] 298/300 VUs  02m40.0s/13m0s  031.11 iters/s

running (02m43.0s), 300/300 VUs, 1697 complete and 0 interrupted iterations
peak_restaurant_view   [  21% ] 300/300 VUs  02m41.0s/13m0s  031.23 iters/s

running (02m44.0s), 300/300 VUs, 1712 complete and 0 interrupted iterations
peak_restaurant_view   [  21% ] 300/300 VUs  02m42.0s/13m0s  031.34 iters/s

running (02m45.0s), 300/300 VUs, 1724 complete and 0 interrupted iterations
peak_restaurant_view   [  21% ] 300/300 VUs  02m43.0s/13m0s  031.45 iters/s

running (02m46.0s), 300/300 VUs, 1732 complete and 0 interrupted iterations
peak_restaurant_view   [  21% ] 300/300 VUs  02m44.0s/13m0s  031.56 iters/s

running (02m47.0s), 300/300 VUs, 1741 complete and 0 interrupted iterations
peak_restaurant_view   [  21% ] 300/300 VUs  02m45.0s/13m0s  031.67 iters/s

running (02m48.0s), 300/300 VUs, 1752 complete and 0 interrupted iterations
peak_restaurant_view   [  21% ] 300/300 VUs  02m46.0s/13m0s  031.78 iters/s

running (02m49.0s), 299/300 VUs, 1763 complete and 0 interrupted iterations
peak_restaurant_view   [  21% ] 299/300 VUs  02m47.0s/13m0s  031.89 iters/s

running (02m50.0s), 300/300 VUs, 1778 complete and 0 interrupted iterations
peak_restaurant_view   [  22% ] 300/300 VUs  02m48.0s/13m0s  032.01 iters/s

running (02m51.0s), 300/300 VUs, 1787 complete and 0 interrupted iterations
peak_restaurant_view   [  22% ] 300/300 VUs  02m49.0s/13m0s  032.12 iters/s

running (02m52.0s), 299/300 VUs, 1808 complete and 0 interrupted iterations
peak_restaurant_view   [  22% ] 299/300 VUs  02m50.0s/13m0s  032.23 iters/s

running (02m53.0s), 300/300 VUs, 1817 complete and 0 interrupted iterations
peak_restaurant_view   [  22% ] 300/300 VUs  02m51.0s/13m0s  032.34 iters/s

running (02m54.0s), 299/300 VUs, 1836 complete and 0 interrupted iterations
peak_restaurant_view   [  22% ] 299/300 VUs  02m52.0s/13m0s  032.45 iters/s

running (02m55.0s), 299/300 VUs, 1847 complete and 0 interrupted iterations
peak_restaurant_view   [  22% ] 299/300 VUs  02m53.0s/13m0s  032.56 iters/s

running (02m56.0s), 300/300 VUs, 1862 complete and 0 interrupted iterations
peak_restaurant_view   [  22% ] 300/300 VUs  02m54.0s/13m0s  032.67 iters/s

running (02m57.0s), 300/300 VUs, 1874 complete and 0 interrupted iterations
peak_restaurant_view   [  22% ] 300/300 VUs  02m55.0s/13m0s  032.78 iters/s

running (02m58.0s), 300/300 VUs, 1887 complete and 0 interrupted iterations
peak_restaurant_view   [  23% ] 300/300 VUs  02m56.0s/13m0s  032.90 iters/s

running (02m59.0s), 300/300 VUs, 1904 complete and 0 interrupted iterations
peak_restaurant_view   [  23% ] 300/300 VUs  02m57.0s/13m0s  033.00 iters/s

running (03m00.0s), 300/300 VUs, 1916 complete and 0 interrupted iterations
peak_restaurant_view   [  23% ] 300/300 VUs  02m58.0s/13m0s  033.11 iters/s

running (03m01.0s), 300/300 VUs, 1933 complete and 0 interrupted iterations
peak_restaurant_view   [  23% ] 300/300 VUs  02m59.0s/13m0s  033.23 iters/s

running (03m02.0s), 300/300 VUs, 1939 complete and 0 interrupted iterations
peak_restaurant_view   [  23% ] 300/300 VUs  03m00.0s/13m0s  033.34 iters/s

running (03m03.0s), 300/300 VUs, 1961 complete and 0 interrupted iterations
peak_restaurant_view   [  23% ] 300/300 VUs  03m01.0s/13m0s  033.45 iters/s

running (03m04.0s), 300/300 VUs, 1969 complete and 0 interrupted iterations
peak_restaurant_view   [  23% ] 300/300 VUs  03m02.0s/13m0s  033.56 iters/s

running (03m05.0s), 299/300 VUs, 1991 complete and 0 interrupted iterations
peak_restaurant_view   [  23% ] 299/300 VUs  03m03.0s/13m0s  033.67 iters/s

running (03m06.0s), 300/300 VUs, 1998 complete and 0 interrupted iterations
peak_restaurant_view   [  24% ] 300/300 VUs  03m04.0s/13m0s  033.78 iters/s

running (03m07.0s), 300/300 VUs, 2017 complete and 0 interrupted iterations
peak_restaurant_view   [  24% ] 300/300 VUs  03m05.0s/13m0s  033.89 iters/s

running (03m08.0s), 300/300 VUs, 2029 complete and 0 interrupted iterations
peak_restaurant_view   [  24% ] 300/300 VUs  03m06.0s/13m0s  034.00 iters/s

running (03m09.0s), 299/300 VUs, 2049 complete and 0 interrupted iterations
peak_restaurant_view   [  24% ] 299/300 VUs  03m07.0s/13m0s  034.12 iters/s

running (03m10.0s), 300/300 VUs, 2059 complete and 0 interrupted iterations
peak_restaurant_view   [  24% ] 300/300 VUs  03m08.0s/13m0s  034.23 iters/s

running (03m11.0s), 300/300 VUs, 2074 complete and 0 interrupted iterations
peak_restaurant_view   [  24% ] 300/300 VUs  03m09.0s/13m0s  034.34 iters/s

running (03m12.0s), 300/300 VUs, 2088 complete and 0 interrupted iterations
peak_restaurant_view   [  24% ] 300/300 VUs  03m10.0s/13m0s  034.45 iters/s

running (03m13.0s), 298/300 VUs, 2104 complete and 0 interrupted iterations
peak_restaurant_view   [  24% ] 298/300 VUs  03m11.0s/13m0s  034.56 iters/s

running (03m14.0s), 300/300 VUs, 2117 complete and 0 interrupted iterations
peak_restaurant_view   [  25% ] 300/300 VUs  03m12.0s/13m0s  034.67 iters/s

running (03m15.0s), 300/300 VUs, 2131 complete and 0 interrupted iterations
peak_restaurant_view   [  25% ] 300/300 VUs  03m13.0s/13m0s  034.78 iters/s

running (03m16.0s), 300/300 VUs, 2147 complete and 0 interrupted iterations
peak_restaurant_view   [  25% ] 300/300 VUs  03m14.0s/13m0s  034.90 iters/s

running (03m17.0s), 300/300 VUs, 2158 complete and 0 interrupted iterations
peak_restaurant_view   [  25% ] 300/300 VUs  03m15.0s/13m0s  035.01 iters/s

running (03m18.0s), 300/300 VUs, 2175 complete and 0 interrupted iterations
peak_restaurant_view   [  25% ] 300/300 VUs  03m16.0s/13m0s  035.12 iters/s

running (03m19.0s), 300/300 VUs, 2189 complete and 0 interrupted iterations
peak_restaurant_view   [  25% ] 300/300 VUs  03m17.0s/13m0s  035.23 iters/s

running (03m20.0s), 300/300 VUs, 2205 complete and 0 interrupted iterations
peak_restaurant_view   [  25% ] 300/300 VUs  03m18.0s/13m0s  035.34 iters/s

running (03m21.0s), 298/300 VUs, 2221 complete and 0 interrupted iterations
peak_restaurant_view   [  26% ] 298/300 VUs  03m19.0s/13m0s  035.45 iters/s

running (03m22.0s), 300/300 VUs, 2234 complete and 0 interrupted iterations
peak_restaurant_view   [  26% ] 300/300 VUs  03m20.0s/13m0s  035.56 iters/s

running (03m23.0s), 299/300 VUs, 2250 complete and 0 interrupted iterations
peak_restaurant_view   [  26% ] 299/300 VUs  03m21.0s/13m0s  035.67 iters/s

running (03m24.0s), 300/300 VUs, 2265 complete and 0 interrupted iterations
peak_restaurant_view   [  26% ] 300/300 VUs  03m22.0s/13m0s  035.78 iters/s

running (03m25.0s), 300/300 VUs, 2280 complete and 0 interrupted iterations
peak_restaurant_view   [  26% ] 300/300 VUs  03m23.0s/13m0s  035.89 iters/s

running (03m26.0s), 297/300 VUs, 2297 complete and 0 interrupted iterations
peak_restaurant_view   [  26% ] 297/300 VUs  03m24.0s/13m0s  036.00 iters/s

running (03m27.0s), 299/300 VUs, 2312 complete and 0 interrupted iterations
peak_restaurant_view   [  26% ] 299/300 VUs  03m25.0s/13m0s  036.12 iters/s

running (03m28.0s), 300/300 VUs, 2327 complete and 0 interrupted iterations
peak_restaurant_view   [  26% ] 300/300 VUs  03m26.0s/13m0s  036.23 iters/s

running (03m29.0s), 300/300 VUs, 2344 complete and 0 interrupted iterations
peak_restaurant_view   [  27% ] 300/300 VUs  03m27.0s/13m0s  036.34 iters/s

running (03m30.0s), 300/300 VUs, 2358 complete and 0 interrupted iterations
peak_restaurant_view   [  27% ] 300/300 VUs  03m28.0s/13m0s  036.45 iters/s

running (03m31.0s), 299/300 VUs, 2377 complete and 0 interrupted iterations
peak_restaurant_view   [  27% ] 299/300 VUs  03m29.0s/13m0s  036.56 iters/s

running (03m32.0s), 299/300 VUs, 2387 complete and 0 interrupted iterations
peak_restaurant_view   [  27% ] 299/300 VUs  03m30.0s/13m0s  036.67 iters/s

running (03m33.0s), 299/300 VUs, 2403 complete and 0 interrupted iterations
peak_restaurant_view   [  27% ] 299/300 VUs  03m31.0s/13m0s  036.78 iters/s

running (03m34.0s), 300/300 VUs, 2414 complete and 0 interrupted iterations
peak_restaurant_view   [  27% ] 300/300 VUs  03m32.0s/13m0s  036.89 iters/s

running (03m35.0s), 299/300 VUs, 2432 complete and 0 interrupted iterations
peak_restaurant_view   [  27% ] 299/300 VUs  03m33.0s/13m0s  037.01 iters/s

running (03m36.0s), 300/300 VUs, 2444 complete and 0 interrupted iterations
peak_restaurant_view   [  27% ] 300/300 VUs  03m34.0s/13m0s  037.12 iters/s

running (03m37.0s), 300/300 VUs, 2460 complete and 0 interrupted iterations
peak_restaurant_view   [  28% ] 300/300 VUs  03m35.0s/13m0s  037.23 iters/s

running (03m38.0s), 299/300 VUs, 2475 complete and 0 interrupted iterations
peak_restaurant_view   [  28% ] 299/300 VUs  03m36.0s/13m0s  037.34 iters/s

running (03m39.0s), 300/300 VUs, 2491 complete and 0 interrupted iterations
peak_restaurant_view   [  28% ] 300/300 VUs  03m37.0s/13m0s  037.45 iters/s

running (03m40.0s), 300/300 VUs, 2505 complete and 0 interrupted iterations
peak_restaurant_view   [  28% ] 300/300 VUs  03m38.0s/13m0s  037.56 iters/s

running (03m41.0s), 299/300 VUs, 2525 complete and 0 interrupted iterations
peak_restaurant_view   [  28% ] 299/300 VUs  03m39.0s/13m0s  037.67 iters/s

running (03m42.0s), 300/300 VUs, 2536 complete and 0 interrupted iterations
peak_restaurant_view   [  28% ] 300/300 VUs  03m40.0s/13m0s  037.78 iters/s

running (03m43.0s), 300/300 VUs, 2557 complete and 0 interrupted iterations
peak_restaurant_view   [  28% ] 300/300 VUs  03m41.0s/13m0s  037.89 iters/s

running (03m44.0s), 300/300 VUs, 2567 complete and 0 interrupted iterations
peak_restaurant_view   [  28% ] 300/300 VUs  03m42.0s/13m0s  038.00 iters/s

running (03m45.0s), 299/300 VUs, 2582 complete and 0 interrupted iterations
peak_restaurant_view   [  29% ] 299/300 VUs  03m43.0s/13m0s  038.12 iters/s

running (03m46.0s), 300/300 VUs, 2594 complete and 0 interrupted iterations
peak_restaurant_view   [  29% ] 300/300 VUs  03m44.0s/13m0s  038.23 iters/s

running (03m47.0s), 300/300 VUs, 2602 complete and 0 interrupted iterations
peak_restaurant_view   [  29% ] 300/300 VUs  03m45.0s/13m0s  038.34 iters/s

running (03m48.0s), 300/300 VUs, 2619 complete and 0 interrupted iterations
peak_restaurant_view   [  29% ] 300/300 VUs  03m46.0s/13m0s  038.45 iters/s

running (03m49.0s), 300/300 VUs, 2632 complete and 0 interrupted iterations
peak_restaurant_view   [  29% ] 300/300 VUs  03m47.0s/13m0s  038.56 iters/s

running (03m50.0s), 298/300 VUs, 2653 complete and 0 interrupted iterations
peak_restaurant_view   [  29% ] 298/300 VUs  03m48.0s/13m0s  038.67 iters/s

running (03m51.0s), 299/300 VUs, 2667 complete and 0 interrupted iterations
peak_restaurant_view   [  29% ] 299/300 VUs  03m49.0s/13m0s  038.78 iters/s

running (03m52.0s), 300/300 VUs, 2684 complete and 0 interrupted iterations
peak_restaurant_view   [  29% ] 300/300 VUs  03m50.0s/13m0s  038.89 iters/s

running (03m53.0s), 299/300 VUs, 2700 complete and 0 interrupted iterations
peak_restaurant_view   [  30% ] 299/300 VUs  03m51.0s/13m0s  039.01 iters/s

running (03m54.0s), 299/300 VUs, 2717 complete and 0 interrupted iterations
peak_restaurant_view   [  30% ] 299/300 VUs  03m52.0s/13m0s  039.12 iters/s

running (03m55.0s), 298/300 VUs, 2734 complete and 0 interrupted iterations
peak_restaurant_view   [  30% ] 298/300 VUs  03m53.0s/13m0s  039.23 iters/s

running (03m56.0s), 300/300 VUs, 2747 complete and 0 interrupted iterations
peak_restaurant_view   [  30% ] 300/300 VUs  03m54.0s/13m0s  039.34 iters/s

running (03m57.0s), 300/300 VUs, 2766 complete and 0 interrupted iterations
peak_restaurant_view   [  30% ] 300/300 VUs  03m55.0s/13m0s  039.45 iters/s

running (03m58.0s), 300/300 VUs, 2779 complete and 0 interrupted iterations
peak_restaurant_view   [  30% ] 300/300 VUs  03m56.0s/13m0s  039.56 iters/s

running (03m59.0s), 300/300 VUs, 2801 complete and 0 interrupted iterations
peak_restaurant_view   [  30% ] 300/300 VUs  03m57.0s/13m0s  039.67 iters/s

running (04m00.0s), 299/300 VUs, 2812 complete and 0 interrupted iterations
peak_restaurant_view   [  31% ] 299/300 VUs  03m58.0s/13m0s  039.78 iters/s

running (04m01.0s), 300/300 VUs, 2833 complete and 0 interrupted iterations
peak_restaurant_view   [  31% ] 300/300 VUs  03m59.0s/13m0s  039.89 iters/s

running (04m02.0s), 300/300 VUs, 2842 complete and 0 interrupted iterations
peak_restaurant_view   [  31% ] 300/300 VUs  04m00.0s/13m0s  040.01 iters/s

running (04m03.0s), 300/300 VUs, 2862 complete and 0 interrupted iterations
peak_restaurant_view   [  31% ] 300/300 VUs  04m01.0s/13m0s  040.23 iters/s

running (04m04.0s), 299/300 VUs, 2875 complete and 0 interrupted iterations
peak_restaurant_view   [  31% ] 299/300 VUs  04m02.0s/13m0s  040.46 iters/s

running (04m05.0s), 299/300 VUs, 2895 complete and 0 interrupted iterations
peak_restaurant_view   [  31% ] 299/300 VUs  04m03.0s/13m0s  040.67 iters/s

running (04m06.0s), 298/300 VUs, 2908 complete and 0 interrupted iterations
peak_restaurant_view   [  31% ] 298/300 VUs  04m04.0s/13m0s  040.90 iters/s

running (04m07.0s), 300/300 VUs, 2928 complete and 0 interrupted iterations
peak_restaurant_view   [  31% ] 300/300 VUs  04m05.0s/13m0s  041.12 iters/s

running (04m08.0s), 299/300 VUs, 2942 complete and 0 interrupted iterations
peak_restaurant_view   [  32% ] 299/300 VUs  04m06.0s/13m0s  041.34 iters/s

running (04m09.0s), 300/300 VUs, 2960 complete and 0 interrupted iterations
peak_restaurant_view   [  32% ] 300/300 VUs  04m07.0s/13m0s  041.57 iters/s

running (04m10.0s), 300/300 VUs, 2974 complete and 0 interrupted iterations
peak_restaurant_view   [  32% ] 300/300 VUs  04m08.0s/13m0s  041.79 iters/s

running (04m11.0s), 300/300 VUs, 2991 complete and 0 interrupted iterations
peak_restaurant_view   [  32% ] 300/300 VUs  04m09.0s/13m0s  042.01 iters/s

running (04m12.0s), 299/300 VUs, 3006 complete and 0 interrupted iterations
peak_restaurant_view   [  32% ] 299/300 VUs  04m10.0s/13m0s  042.23 iters/s

running (04m13.0s), 300/300 VUs, 3021 complete and 0 interrupted iterations
peak_restaurant_view   [  32% ] 300/300 VUs  04m11.0s/13m0s  042.46 iters/s

running (04m14.0s), 299/300 VUs, 3036 complete and 0 interrupted iterations
peak_restaurant_view   [  32% ] 299/300 VUs  04m12.0s/13m0s  042.67 iters/s

running (04m15.0s), 300/300 VUs, 3051 complete and 0 interrupted iterations
peak_restaurant_view   [  32% ] 300/300 VUs  04m13.0s/13m0s  042.90 iters/s

running (04m16.0s), 300/300 VUs, 3068 complete and 0 interrupted iterations
peak_restaurant_view   [  33% ] 300/300 VUs  04m14.0s/13m0s  043.12 iters/s

running (04m17.0s), 300/300 VUs, 3081 complete and 0 interrupted iterations
peak_restaurant_view   [  33% ] 300/300 VUs  04m15.0s/13m0s  043.34 iters/s

running (04m18.0s), 300/300 VUs, 3101 complete and 0 interrupted iterations
peak_restaurant_view   [  33% ] 300/300 VUs  04m16.0s/13m0s  043.57 iters/s

running (04m19.0s), 300/300 VUs, 3114 complete and 0 interrupted iterations
peak_restaurant_view   [  33% ] 300/300 VUs  04m17.0s/13m0s  043.79 iters/s

running (04m20.0s), 300/300 VUs, 3134 complete and 0 interrupted iterations
peak_restaurant_view   [  33% ] 300/300 VUs  04m18.0s/13m0s  044.01 iters/s

running (04m21.0s), 300/300 VUs, 3150 complete and 0 interrupted iterations
peak_restaurant_view   [  33% ] 300/300 VUs  04m19.0s/13m0s  044.23 iters/s

running (04m22.0s), 300/300 VUs, 3166 complete and 0 interrupted iterations
peak_restaurant_view   [  33% ] 300/300 VUs  04m20.0s/13m0s  044.45 iters/s

running (04m23.0s), 300/300 VUs, 3181 complete and 0 interrupted iterations
peak_restaurant_view   [  33% ] 300/300 VUs  04m21.0s/13m0s  044.67 iters/s

running (04m24.0s), 299/300 VUs, 3200 complete and 0 interrupted iterations
peak_restaurant_view   [  34% ] 299/300 VUs  04m22.0s/13m0s  044.90 iters/s

running (04m25.0s), 300/300 VUs, 3218 complete and 0 interrupted iterations
peak_restaurant_view   [  34% ] 300/300 VUs  04m23.0s/13m0s  045.12 iters/s

running (04m26.0s), 300/300 VUs, 3233 complete and 0 interrupted iterations
peak_restaurant_view   [  34% ] 300/300 VUs  04m24.0s/13m0s  045.34 iters/s

running (04m27.0s), 299/300 VUs, 3251 complete and 0 interrupted iterations
peak_restaurant_view   [  34% ] 299/300 VUs  04m25.0s/13m0s  045.57 iters/s

running (04m28.0s), 300/300 VUs, 3267 complete and 0 interrupted iterations
peak_restaurant_view   [  34% ] 300/300 VUs  04m26.0s/13m0s  045.79 iters/s

running (04m29.0s), 299/300 VUs, 3285 complete and 0 interrupted iterations
peak_restaurant_view   [  34% ] 299/300 VUs  04m27.0s/13m0s  046.01 iters/s

running (04m30.0s), 300/300 VUs, 3300 complete and 0 interrupted iterations
peak_restaurant_view   [  34% ] 300/300 VUs  04m28.0s/13m0s  046.23 iters/s

running (04m31.0s), 300/300 VUs, 3316 complete and 0 interrupted iterations
peak_restaurant_view   [  34% ] 300/300 VUs  04m29.0s/13m0s  046.45 iters/s

running (04m32.0s), 300/300 VUs, 3332 complete and 0 interrupted iterations
peak_restaurant_view   [  35% ] 300/300 VUs  04m30.0s/13m0s  046.68 iters/s

running (04m33.0s), 300/300 VUs, 3347 complete and 0 interrupted iterations
peak_restaurant_view   [  35% ] 300/300 VUs  04m31.0s/13m0s  046.90 iters/s

running (04m34.0s), 299/300 VUs, 3367 complete and 0 interrupted iterations
peak_restaurant_view   [  35% ] 299/300 VUs  04m32.0s/13m0s  047.12 iters/s

running (04m35.0s), 300/300 VUs, 3383 complete and 0 interrupted iterations
peak_restaurant_view   [  35% ] 300/300 VUs  04m33.0s/13m0s  047.34 iters/s

running (04m36.0s), 299/300 VUs, 3405 complete and 0 interrupted iterations
peak_restaurant_view   [  35% ] 299/300 VUs  04m34.0s/13m0s  047.57 iters/s

running (04m37.0s), 298/300 VUs, 3418 complete and 0 interrupted iterations
peak_restaurant_view   [  35% ] 298/300 VUs  04m35.0s/13m0s  047.79 iters/s

running (04m38.0s), 300/300 VUs, 3437 complete and 0 interrupted iterations
peak_restaurant_view   [  35% ] 300/300 VUs  04m36.0s/13m0s  048.01 iters/s

running (04m39.0s), 300/300 VUs, 3457 complete and 0 interrupted iterations
peak_restaurant_view   [  36% ] 300/300 VUs  04m37.0s/13m0s  048.23 iters/s

running (04m40.0s), 300/300 VUs, 3470 complete and 0 interrupted iterations
peak_restaurant_view   [  36% ] 300/300 VUs  04m38.0s/13m0s  048.45 iters/s

running (04m41.0s), 300/300 VUs, 3491 complete and 0 interrupted iterations
peak_restaurant_view   [  36% ] 300/300 VUs  04m39.0s/13m0s  048.68 iters/s

running (04m42.0s), 299/300 VUs, 3505 complete and 0 interrupted iterations
peak_restaurant_view   [  36% ] 299/300 VUs  04m40.0s/13m0s  048.90 iters/s

running (04m43.0s), 300/300 VUs, 3526 complete and 0 interrupted iterations
peak_restaurant_view   [  36% ] 300/300 VUs  04m41.0s/13m0s  049.12 iters/s

running (04m44.0s), 300/300 VUs, 3542 complete and 0 interrupted iterations
peak_restaurant_view   [  36% ] 300/300 VUs  04m42.0s/13m0s  049.34 iters/s

running (04m45.0s), 300/300 VUs, 3557 complete and 0 interrupted iterations
peak_restaurant_view   [  36% ] 300/300 VUs  04m43.0s/13m0s  049.56 iters/s

running (04m46.0s), 300/300 VUs, 3569 complete and 0 interrupted iterations
peak_restaurant_view   [  36% ] 300/300 VUs  04m44.0s/13m0s  049.79 iters/s

running (04m47.0s), 300/300 VUs, 3579 complete and 0 interrupted iterations
peak_restaurant_view   [  37% ] 300/300 VUs  04m45.0s/13m0s  050.01 iters/s

running (04m48.0s), 300/300 VUs, 3587 complete and 0 interrupted iterations
peak_restaurant_view   [  37% ] 300/300 VUs  04m46.0s/13m0s  050.23 iters/s

running (04m49.0s), 300/300 VUs, 3609 complete and 0 interrupted iterations
peak_restaurant_view   [  37% ] 300/300 VUs  04m47.0s/13m0s  050.45 iters/s

running (04m50.0s), 300/300 VUs, 3627 complete and 0 interrupted iterations
peak_restaurant_view   [  37% ] 300/300 VUs  04m48.0s/13m0s  050.68 iters/s

running (04m51.0s), 298/300 VUs, 3645 complete and 0 interrupted iterations
peak_restaurant_view   [  37% ] 298/300 VUs  04m49.0s/13m0s  050.90 iters/s

running (04m52.0s), 298/300 VUs, 3668 complete and 0 interrupted iterations
peak_restaurant_view   [  37% ] 298/300 VUs  04m50.0s/13m0s  051.12 iters/s

running (04m53.0s), 300/300 VUs, 3685 complete and 0 interrupted iterations
peak_restaurant_view   [  37% ] 300/300 VUs  04m51.0s/13m0s  051.34 iters/s

running (04m54.0s), 300/300 VUs, 3703 complete and 0 interrupted iterations
peak_restaurant_view   [  37% ] 300/300 VUs  04m52.0s/13m0s  051.56 iters/s

running (04m55.0s), 300/300 VUs, 3724 complete and 0 interrupted iterations
peak_restaurant_view   [  38% ] 300/300 VUs  04m53.0s/13m0s  051.79 iters/s

running (04m56.0s), 300/300 VUs, 3744 complete and 0 interrupted iterations
peak_restaurant_view   [  38% ] 300/300 VUs  04m54.0s/13m0s  052.01 iters/s

running (04m57.0s), 300/300 VUs, 3761 complete and 0 interrupted iterations
peak_restaurant_view   [  38% ] 300/300 VUs  04m55.0s/13m0s  052.23 iters/s

running (04m58.0s), 300/300 VUs, 3785 complete and 0 interrupted iterations
peak_restaurant_view   [  38% ] 300/300 VUs  04m56.0s/13m0s  052.45 iters/s

running (04m59.0s), 300/300 VUs, 3802 complete and 0 interrupted iterations
peak_restaurant_view   [  38% ] 300/300 VUs  04m57.0s/13m0s  052.68 iters/s

running (05m00.0s), 300/300 VUs, 3820 complete and 0 interrupted iterations
peak_restaurant_view   [  38% ] 300/300 VUs  04m58.0s/13m0s  052.90 iters/s

running (05m01.0s), 300/300 VUs, 3843 complete and 0 interrupted iterations
peak_restaurant_view   [  38% ] 300/300 VUs  04m59.0s/13m0s  053.12 iters/s

running (05m02.0s), 300/300 VUs, 3859 complete and 0 interrupted iterations
peak_restaurant_view   [  38% ] 300/300 VUs  05m00.0s/13m0s  053.34 iters/s

running (05m03.0s), 300/300 VUs, 3879 complete and 0 interrupted iterations
peak_restaurant_view   [  39% ] 300/300 VUs  05m01.0s/13m0s  053.56 iters/s

running (05m04.0s), 299/300 VUs, 3901 complete and 0 interrupted iterations
peak_restaurant_view   [  39% ] 299/300 VUs  05m02.0s/13m0s  053.79 iters/s

running (05m05.0s), 300/300 VUs, 3916 complete and 0 interrupted iterations
peak_restaurant_view   [  39% ] 300/300 VUs  05m03.0s/13m0s  054.01 iters/s

running (05m06.0s), 299/300 VUs, 3939 complete and 0 interrupted iterations
peak_restaurant_view   [  39% ] 299/300 VUs  05m04.0s/13m0s  054.23 iters/s

running (05m07.0s), 299/300 VUs, 3960 complete and 0 interrupted iterations
peak_restaurant_view   [  39% ] 299/300 VUs  05m05.0s/13m0s  054.45 iters/s

running (05m08.0s), 300/300 VUs, 3979 complete and 0 interrupted iterations
peak_restaurant_view   [  39% ] 300/300 VUs  05m06.0s/13m0s  054.68 iters/s

running (05m09.0s), 300/300 VUs, 3999 complete and 0 interrupted iterations
peak_restaurant_view   [  39% ] 300/300 VUs  05m07.0s/13m0s  054.90 iters/s

running (05m10.0s), 300/300 VUs, 4021 complete and 0 interrupted iterations
peak_restaurant_view   [  39% ] 300/300 VUs  05m08.0s/13m0s  055.12 iters/s

running (05m11.0s), 300/300 VUs, 4037 complete and 0 interrupted iterations
peak_restaurant_view   [  40% ] 300/300 VUs  05m09.0s/13m0s  055.34 iters/s

running (05m12.0s), 300/300 VUs, 4058 complete and 0 interrupted iterations
peak_restaurant_view   [  40% ] 300/300 VUs  05m10.0s/13m0s  055.56 iters/s

running (05m13.0s), 300/300 VUs, 4078 complete and 0 interrupted iterations
peak_restaurant_view   [  40% ] 300/300 VUs  05m11.0s/13m0s  055.79 iters/s

running (05m14.0s), 300/300 VUs, 4097 complete and 0 interrupted iterations
peak_restaurant_view   [  40% ] 300/300 VUs  05m12.0s/13m0s  056.01 iters/s

running (05m15.0s), 300/300 VUs, 4117 complete and 0 interrupted iterations
peak_restaurant_view   [  40% ] 300/300 VUs  05m13.0s/13m0s  056.23 iters/s

running (05m16.0s), 299/300 VUs, 4140 complete and 0 interrupted iterations
peak_restaurant_view   [  40% ] 299/300 VUs  05m14.0s/13m0s  056.45 iters/s

running (05m17.0s), 299/300 VUs, 4156 complete and 0 interrupted iterations
peak_restaurant_view   [  40% ] 299/300 VUs  05m15.0s/13m0s  056.68 iters/s

running (05m18.0s), 300/300 VUs, 4175 complete and 0 interrupted iterations
peak_restaurant_view   [  41% ] 300/300 VUs  05m16.0s/13m0s  056.90 iters/s

running (05m19.0s), 300/300 VUs, 4198 complete and 0 interrupted iterations
peak_restaurant_view   [  41% ] 300/300 VUs  05m17.0s/13m0s  057.12 iters/s

running (05m20.0s), 300/300 VUs, 4215 complete and 0 interrupted iterations
peak_restaurant_view   [  41% ] 300/300 VUs  05m18.0s/13m0s  057.34 iters/s

running (05m21.0s), 300/300 VUs, 4231 complete and 0 interrupted iterations
peak_restaurant_view   [  41% ] 300/300 VUs  05m19.0s/13m0s  057.57 iters/s

running (05m22.0s), 299/300 VUs, 4253 complete and 0 interrupted iterations
peak_restaurant_view   [  41% ] 299/300 VUs  05m20.0s/13m0s  057.79 iters/s

running (05m23.0s), 299/300 VUs, 4268 complete and 0 interrupted iterations
peak_restaurant_view   [  41% ] 299/300 VUs  05m21.0s/13m0s  058.01 iters/s

running (05m24.0s), 299/300 VUs, 4290 complete and 0 interrupted iterations
peak_restaurant_view   [  41% ] 299/300 VUs  05m22.0s/13m0s  058.23 iters/s

running (05m25.0s), 300/300 VUs, 4310 complete and 0 interrupted iterations
peak_restaurant_view   [  41% ] 300/300 VUs  05m23.0s/13m0s  058.46 iters/s

running (05m26.0s), 300/300 VUs, 4326 complete and 0 interrupted iterations
peak_restaurant_view   [  42% ] 300/300 VUs  05m24.0s/13m0s  058.68 iters/s

running (05m27.0s), 300/300 VUs, 4349 complete and 0 interrupted iterations
peak_restaurant_view   [  42% ] 300/300 VUs  05m25.0s/13m0s  058.90 iters/s

running (05m28.0s), 300/300 VUs, 4370 complete and 0 interrupted iterations
peak_restaurant_view   [  42% ] 300/300 VUs  05m26.0s/13m0s  059.12 iters/s

running (05m29.0s), 300/300 VUs, 4388 complete and 0 interrupted iterations
peak_restaurant_view   [  42% ] 300/300 VUs  05m27.0s/13m0s  059.34 iters/s

running (05m30.0s), 300/300 VUs, 4407 complete and 0 interrupted iterations
peak_restaurant_view   [  42% ] 300/300 VUs  05m28.0s/13m0s  059.57 iters/s

running (05m31.0s), 300/300 VUs, 4427 complete and 0 interrupted iterations
peak_restaurant_view   [  42% ] 300/300 VUs  05m29.0s/13m0s  059.79 iters/s

running (05m32.0s), 300/300 VUs, 4444 complete and 0 interrupted iterations
peak_restaurant_view   [  42% ] 300/300 VUs  05m30.0s/13m0s  060.01 iters/s

running (05m33.0s), 300/300 VUs, 4466 complete and 0 interrupted iterations
peak_restaurant_view   [  42% ] 300/300 VUs  05m31.0s/13m0s  060.23 iters/s

running (05m34.0s), 298/300 VUs, 4485 complete and 0 interrupted iterations
peak_restaurant_view   [  43% ] 298/300 VUs  05m32.0s/13m0s  060.45 iters/s

running (05m35.0s), 299/300 VUs, 4502 complete and 0 interrupted iterations
peak_restaurant_view   [  43% ] 299/300 VUs  05m33.0s/13m0s  060.68 iters/s

running (05m36.0s), 300/300 VUs, 4526 complete and 0 interrupted iterations
peak_restaurant_view   [  43% ] 300/300 VUs  05m34.0s/13m0s  060.90 iters/s

running (05m37.0s), 299/300 VUs, 4546 complete and 0 interrupted iterations
peak_restaurant_view   [  43% ] 299/300 VUs  05m35.0s/13m0s  061.12 iters/s

running (05m38.0s), 300/300 VUs, 4563 complete and 0 interrupted iterations
peak_restaurant_view   [  43% ] 300/300 VUs  05m36.0s/13m0s  061.34 iters/s

running (05m39.0s), 300/300 VUs, 4585 complete and 0 interrupted iterations
peak_restaurant_view   [  43% ] 300/300 VUs  05m37.0s/13m0s  061.57 iters/s

running (05m40.0s), 300/300 VUs, 4603 complete and 0 interrupted iterations
peak_restaurant_view   [  43% ] 300/300 VUs  05m38.0s/13m0s  061.79 iters/s

running (05m41.0s), 299/300 VUs, 4624 complete and 0 interrupted iterations
peak_restaurant_view   [  43% ] 299/300 VUs  05m39.0s/13m0s  062.01 iters/s

running (05m42.0s), 300/300 VUs, 4643 complete and 0 interrupted iterations
peak_restaurant_view   [  44% ] 300/300 VUs  05m40.0s/13m0s  062.23 iters/s

running (05m43.0s), 300/300 VUs, 4663 complete and 0 interrupted iterations
peak_restaurant_view   [  44% ] 300/300 VUs  05m41.0s/13m0s  062.45 iters/s

running (05m44.0s), 299/300 VUs, 4684 complete and 0 interrupted iterations
peak_restaurant_view   [  44% ] 299/300 VUs  05m42.0s/13m0s  062.68 iters/s

running (05m45.0s), 300/300 VUs, 4698 complete and 0 interrupted iterations
peak_restaurant_view   [  44% ] 300/300 VUs  05m43.0s/13m0s  062.90 iters/s

running (05m46.0s), 300/300 VUs, 4716 complete and 0 interrupted iterations
peak_restaurant_view   [  44% ] 300/300 VUs  05m44.0s/13m0s  063.12 iters/s

running (05m47.0s), 300/300 VUs, 4728 complete and 0 interrupted iterations
peak_restaurant_view   [  44% ] 300/300 VUs  05m45.0s/13m0s  063.34 iters/s

running (05m48.0s), 300/300 VUs, 4738 complete and 0 interrupted iterations
peak_restaurant_view   [  44% ] 300/300 VUs  05m46.0s/13m0s  063.57 iters/s

running (05m49.0s), 300/300 VUs, 4758 complete and 0 interrupted iterations
peak_restaurant_view   [  44% ] 300/300 VUs  05m47.0s/13m0s  063.79 iters/s

running (05m50.0s), 300/300 VUs, 4778 complete and 0 interrupted iterations
peak_restaurant_view   [  45% ] 300/300 VUs  05m48.0s/13m0s  064.01 iters/s

running (05m51.0s), 299/300 VUs, 4797 complete and 0 interrupted iterations
peak_restaurant_view   [  45% ] 299/300 VUs  05m49.0s/13m0s  064.23 iters/s

running (05m52.0s), 300/300 VUs, 4820 complete and 0 interrupted iterations
peak_restaurant_view   [  45% ] 300/300 VUs  05m50.0s/13m0s  064.45 iters/s

running (05m53.0s), 300/300 VUs, 4838 complete and 0 interrupted iterations
peak_restaurant_view   [  45% ] 300/300 VUs  05m51.0s/13m0s  064.68 iters/s

running (05m54.0s), 300/300 VUs, 4859 complete and 0 interrupted iterations
peak_restaurant_view   [  45% ] 300/300 VUs  05m52.0s/13m0s  064.90 iters/s

running (05m55.0s), 300/300 VUs, 4880 complete and 0 interrupted iterations
peak_restaurant_view   [  45% ] 300/300 VUs  05m53.0s/13m0s  065.12 iters/s

running (05m56.0s), 300/300 VUs, 4898 complete and 0 interrupted iterations
peak_restaurant_view   [  45% ] 300/300 VUs  05m54.0s/13m0s  065.34 iters/s

running (05m57.0s), 300/300 VUs, 4917 complete and 0 interrupted iterations
peak_restaurant_view   [  46% ] 300/300 VUs  05m55.0s/13m0s  065.57 iters/s

running (05m58.0s), 300/300 VUs, 4939 complete and 0 interrupted iterations
peak_restaurant_view   [  46% ] 300/300 VUs  05m56.0s/13m0s  065.79 iters/s

running (05m59.0s), 300/300 VUs, 4959 complete and 0 interrupted iterations
peak_restaurant_view   [  46% ] 300/300 VUs  05m57.0s/13m0s  066.01 iters/s

running (06m00.0s), 300/300 VUs, 4980 complete and 0 interrupted iterations
peak_restaurant_view   [  46% ] 300/300 VUs  05m58.0s/13m0s  066.23 iters/s

running (06m01.0s), 300/300 VUs, 4998 complete and 0 interrupted iterations
peak_restaurant_view   [  46% ] 300/300 VUs  05m59.0s/13m0s  066.45 iters/s

running (06m02.0s), 300/300 VUs, 5018 complete and 0 interrupted iterations
peak_restaurant_view   [  46% ] 300/300 VUs  06m00.0s/13m0s  066.68 iters/s

running (06m03.0s), 300/300 VUs, 5038 complete and 0 interrupted iterations
peak_restaurant_view   [  46% ] 300/300 VUs  06m01.0s/13m0s  066.90 iters/s

running (06m04.0s), 300/300 VUs, 5061 complete and 0 interrupted iterations
peak_restaurant_view   [  46% ] 300/300 VUs  06m02.0s/13m0s  067.12 iters/s

running (06m05.0s), 299/300 VUs, 5083 complete and 0 interrupted iterations
peak_restaurant_view   [  47% ] 299/300 VUs  06m03.0s/13m0s  067.34 iters/s

running (06m06.0s), 300/300 VUs, 5100 complete and 0 interrupted iterations
peak_restaurant_view   [  47% ] 300/300 VUs  06m04.0s/13m0s  067.57 iters/s

running (06m07.0s), 300/300 VUs, 5121 complete and 0 interrupted iterations
peak_restaurant_view   [  47% ] 300/300 VUs  06m05.0s/13m0s  067.79 iters/s

running (06m08.0s), 300/300 VUs, 5144 complete and 0 interrupted iterations
peak_restaurant_view   [  47% ] 300/300 VUs  06m06.0s/13m0s  068.01 iters/s

running (06m09.0s), 300/300 VUs, 5164 complete and 0 interrupted iterations
peak_restaurant_view   [  47% ] 300/300 VUs  06m07.0s/13m0s  068.23 iters/s

running (06m10.0s), 300/300 VUs, 5186 complete and 0 interrupted iterations
peak_restaurant_view   [  47% ] 300/300 VUs  06m08.0s/13m0s  068.45 iters/s

running (06m11.0s), 300/300 VUs, 5206 complete and 0 interrupted iterations
peak_restaurant_view   [  47% ] 300/300 VUs  06m09.0s/13m0s  068.67 iters/s

running (06m12.0s), 299/300 VUs, 5228 complete and 0 interrupted iterations
peak_restaurant_view   [  47% ] 299/300 VUs  06m10.0s/13m0s  068.90 iters/s

running (06m13.0s), 300/300 VUs, 5251 complete and 0 interrupted iterations
peak_restaurant_view   [  48% ] 300/300 VUs  06m11.0s/13m0s  069.12 iters/s

running (06m14.0s), 300/300 VUs, 5270 complete and 0 interrupted iterations
peak_restaurant_view   [  48% ] 300/300 VUs  06m12.0s/13m0s  069.34 iters/s

running (06m15.0s), 299/300 VUs, 5290 complete and 0 interrupted iterations
peak_restaurant_view   [  48% ] 299/300 VUs  06m13.0s/13m0s  069.57 iters/s

running (06m16.0s), 300/300 VUs, 5310 complete and 0 interrupted iterations
peak_restaurant_view   [  48% ] 300/300 VUs  06m14.0s/13m0s  069.79 iters/s

running (06m17.0s), 300/300 VUs, 5328 complete and 0 interrupted iterations
peak_restaurant_view   [  48% ] 300/300 VUs  06m15.0s/13m0s  070.01 iters/s

running (06m18.0s), 300/300 VUs, 5349 complete and 0 interrupted iterations
peak_restaurant_view   [  48% ] 300/300 VUs  06m16.0s/13m0s  070.23 iters/s

running (06m19.0s), 299/300 VUs, 5373 complete and 0 interrupted iterations
peak_restaurant_view   [  48% ] 299/300 VUs  06m17.0s/13m0s  070.45 iters/s

running (06m20.0s), 300/300 VUs, 5393 complete and 0 interrupted iterations
peak_restaurant_view   [  48% ] 300/300 VUs  06m18.0s/13m0s  070.68 iters/s

running (06m21.0s), 299/300 VUs, 5415 complete and 0 interrupted iterations
peak_restaurant_view   [  49% ] 299/300 VUs  06m19.0s/13m0s  070.90 iters/s

running (06m22.0s), 300/300 VUs, 5432 complete and 0 interrupted iterations
peak_restaurant_view   [  49% ] 300/300 VUs  06m20.0s/13m0s  071.12 iters/s

running (06m23.0s), 300/300 VUs, 5457 complete and 0 interrupted iterations
peak_restaurant_view   [  49% ] 300/300 VUs  06m21.0s/13m0s  071.34 iters/s

running (06m24.0s), 300/300 VUs, 5478 complete and 0 interrupted iterations
peak_restaurant_view   [  49% ] 300/300 VUs  06m22.0s/13m0s  071.57 iters/s

running (06m25.0s), 300/300 VUs, 5497 complete and 0 interrupted iterations
peak_restaurant_view   [  49% ] 300/300 VUs  06m23.0s/13m0s  071.79 iters/s

running (06m26.0s), 300/300 VUs, 5518 complete and 0 interrupted iterations
peak_restaurant_view   [  49% ] 300/300 VUs  06m24.0s/13m0s  072.01 iters/s

running (06m27.0s), 300/300 VUs, 5542 complete and 0 interrupted iterations
peak_restaurant_view   [  49% ] 300/300 VUs  06m25.0s/13m0s  072.23 iters/s

running (06m28.0s), 300/300 VUs, 5560 complete and 0 interrupted iterations
peak_restaurant_view   [  49% ] 300/300 VUs  06m26.0s/13m0s  072.45 iters/s

running (06m29.0s), 300/300 VUs, 5581 complete and 0 interrupted iterations
peak_restaurant_view   [  50% ] 300/300 VUs  06m27.0s/13m0s  072.68 iters/s

running (06m30.0s), 299/300 VUs, 5605 complete and 0 interrupted iterations
peak_restaurant_view   [  50% ] 299/300 VUs  06m28.0s/13m0s  072.90 iters/s

running (06m31.0s), 300/300 VUs, 5625 complete and 0 interrupted iterations
peak_restaurant_view   [  50% ] 300/300 VUs  06m29.0s/13m0s  073.12 iters/s

running (06m32.0s), 300/300 VUs, 5642 complete and 0 interrupted iterations
peak_restaurant_view   [  50% ] 300/300 VUs  06m30.0s/13m0s  073.34 iters/s

running (06m33.0s), 300/300 VUs, 5665 complete and 0 interrupted iterations
peak_restaurant_view   [  50% ] 300/300 VUs  06m31.0s/13m0s  073.56 iters/s

running (06m34.0s), 300/300 VUs, 5686 complete and 0 interrupted iterations
peak_restaurant_view   [  50% ] 300/300 VUs  06m32.0s/13m0s  073.79 iters/s

running (06m35.0s), 300/300 VUs, 5708 complete and 0 interrupted iterations
peak_restaurant_view   [  50% ] 300/300 VUs  06m33.0s/13m0s  074.01 iters/s

running (06m36.0s), 300/300 VUs, 5731 complete and 0 interrupted iterations
peak_restaurant_view   [  51% ] 300/300 VUs  06m34.0s/13m0s  074.23 iters/s

running (06m37.0s), 300/300 VUs, 5752 complete and 0 interrupted iterations
peak_restaurant_view   [  51% ] 300/300 VUs  06m35.0s/13m0s  074.45 iters/s

running (06m38.0s), 300/300 VUs, 5771 complete and 0 interrupted iterations
peak_restaurant_view   [  51% ] 300/300 VUs  06m36.0s/13m0s  074.68 iters/s

running (06m39.0s), 300/300 VUs, 5795 complete and 0 interrupted iterations
peak_restaurant_view   [  51% ] 300/300 VUs  06m37.0s/13m0s  074.90 iters/s

running (06m40.0s), 300/300 VUs, 5818 complete and 0 interrupted iterations
peak_restaurant_view   [  51% ] 300/300 VUs  06m38.0s/13m0s  075.12 iters/s

running (06m41.0s), 300/300 VUs, 5839 complete and 0 interrupted iterations
peak_restaurant_view   [  51% ] 300/300 VUs  06m39.0s/13m0s  075.34 iters/s

running (06m42.0s), 299/300 VUs, 5861 complete and 0 interrupted iterations
peak_restaurant_view   [  51% ] 299/300 VUs  06m40.0s/13m0s  075.56 iters/s

running (06m43.0s), 300/300 VUs, 5884 complete and 0 interrupted iterations
peak_restaurant_view   [  51% ] 300/300 VUs  06m41.0s/13m0s  075.79 iters/s

running (06m44.0s), 300/300 VUs, 5907 complete and 0 interrupted iterations
peak_restaurant_view   [  52% ] 300/300 VUs  06m42.0s/13m0s  076.01 iters/s

running (06m45.0s), 300/300 VUs, 5919 complete and 0 interrupted iterations
peak_restaurant_view   [  52% ] 300/300 VUs  06m43.0s/13m0s  076.23 iters/s

running (06m46.0s), 300/300 VUs, 5937 complete and 0 interrupted iterations
peak_restaurant_view   [  52% ] 300/300 VUs  06m44.0s/13m0s  076.45 iters/s

running (06m47.0s), 300/300 VUs, 5941 complete and 0 interrupted iterations
peak_restaurant_view   [  52% ] 300/300 VUs  06m45.0s/13m0s  076.68 iters/s

running (06m48.0s), 300/300 VUs, 5947 complete and 0 interrupted iterations
peak_restaurant_view   [  52% ] 300/300 VUs  06m46.0s/13m0s  076.90 iters/s

running (06m49.0s), 300/300 VUs, 5971 complete and 0 interrupted iterations
peak_restaurant_view   [  52% ] 300/300 VUs  06m47.0s/13m0s  077.12 iters/s

running (06m50.0s), 300/300 VUs, 5992 complete and 0 interrupted iterations
peak_restaurant_view   [  52% ] 300/300 VUs  06m48.0s/13m0s  077.34 iters/s

running (06m51.0s), 300/300 VUs, 6010 complete and 0 interrupted iterations
peak_restaurant_view   [  52% ] 300/300 VUs  06m49.0s/13m0s  077.56 iters/s

running (06m52.0s), 300/300 VUs, 6032 complete and 0 interrupted iterations
peak_restaurant_view   [  53% ] 300/300 VUs  06m50.0s/13m0s  077.79 iters/s

running (06m53.0s), 300/300 VUs, 6057 complete and 0 interrupted iterations
peak_restaurant_view   [  53% ] 300/300 VUs  06m51.0s/13m0s  078.01 iters/s

running (06m54.0s), 300/300 VUs, 6074 complete and 0 interrupted iterations
peak_restaurant_view   [  53% ] 300/300 VUs  06m52.0s/13m0s  078.23 iters/s

running (06m55.0s), 300/300 VUs, 6101 complete and 0 interrupted iterations
peak_restaurant_view   [  53% ] 300/300 VUs  06m53.0s/13m0s  078.45 iters/s

running (06m56.0s), 300/300 VUs, 6123 complete and 0 interrupted iterations
peak_restaurant_view   [  53% ] 300/300 VUs  06m54.0s/13m0s  078.68 iters/s

running (06m57.0s), 300/300 VUs, 6140 complete and 0 interrupted iterations
peak_restaurant_view   [  53% ] 300/300 VUs  06m55.0s/13m0s  078.90 iters/s

running (06m58.0s), 300/300 VUs, 6163 complete and 0 interrupted iterations
peak_restaurant_view   [  53% ] 300/300 VUs  06m56.0s/13m0s  079.12 iters/s

running (06m59.0s), 300/300 VUs, 6188 complete and 0 interrupted iterations
peak_restaurant_view   [  53% ] 300/300 VUs  06m57.0s/13m0s  079.34 iters/s

running (07m00.0s), 299/300 VUs, 6210 complete and 0 interrupted iterations
peak_restaurant_view   [  54% ] 299/300 VUs  06m58.0s/13m0s  079.56 iters/s

running (07m01.0s), 300/300 VUs, 6227 complete and 0 interrupted iterations
peak_restaurant_view   [  54% ] 300/300 VUs  06m59.0s/13m0s  079.79 iters/s

running (07m02.0s), 300/300 VUs, 6249 complete and 0 interrupted iterations
peak_restaurant_view   [  54% ] 300/300 VUs  07m00.0s/13m0s  080.02 iters/s

running (07m03.0s), 300/300 VUs, 6273 complete and 0 interrupted iterations
peak_restaurant_view   [  54% ] 300/300 VUs  07m01.0s/13m0s  080.46 iters/s

running (07m04.0s), 300/300 VUs, 6289 complete and 0 interrupted iterations
peak_restaurant_view   [  54% ] 300/300 VUs  07m02.0s/13m0s  080.91 iters/s

running (07m05.0s), 300/300 VUs, 6313 complete and 0 interrupted iterations
peak_restaurant_view   [  54% ] 300/300 VUs  07m03.0s/13m0s  081.35 iters/s

running (07m06.0s), 300/300 VUs, 6336 complete and 0 interrupted iterations
peak_restaurant_view   [  54% ] 300/300 VUs  07m04.0s/13m0s  081.80 iters/s

running (07m07.0s), 300/300 VUs, 6355 complete and 0 interrupted iterations
peak_restaurant_view   [  54% ] 300/300 VUs  07m05.0s/13m0s  082.24 iters/s

running (07m08.0s), 300/300 VUs, 6374 complete and 0 interrupted iterations
peak_restaurant_view   [  55% ] 300/300 VUs  07m06.0s/13m0s  082.69 iters/s

running (07m09.0s), 300/300 VUs, 6400 complete and 0 interrupted iterations
peak_restaurant_view   [  55% ] 300/300 VUs  07m07.0s/13m0s  083.13 iters/s

running (07m10.0s), 300/300 VUs, 6419 complete and 0 interrupted iterations
peak_restaurant_view   [  55% ] 300/300 VUs  07m08.0s/13m0s  083.57 iters/s

running (07m11.0s), 299/300 VUs, 6441 complete and 0 interrupted iterations
peak_restaurant_view   [  55% ] 299/300 VUs  07m09.0s/13m0s  084.02 iters/s

running (07m12.0s), 300/300 VUs, 6462 complete and 0 interrupted iterations
peak_restaurant_view   [  55% ] 300/300 VUs  07m10.0s/13m0s  084.47 iters/s

running (07m13.0s), 300/300 VUs, 6486 complete and 0 interrupted iterations
peak_restaurant_view   [  55% ] 300/300 VUs  07m11.0s/13m0s  084.91 iters/s

running (07m14.0s), 299/300 VUs, 6506 complete and 0 interrupted iterations
peak_restaurant_view   [  55% ] 299/300 VUs  07m12.0s/13m0s  085.35 iters/s

running (07m15.0s), 300/300 VUs, 6526 complete and 0 interrupted iterations
peak_restaurant_view   [  56% ] 300/300 VUs  07m13.0s/13m0s  085.80 iters/s

running (07m16.0s), 300/300 VUs, 6549 complete and 0 interrupted iterations
peak_restaurant_view   [  56% ] 300/300 VUs  07m14.0s/13m0s  086.24 iters/s

running (07m17.0s), 300/300 VUs, 6570 complete and 0 interrupted iterations
peak_restaurant_view   [  56% ] 300/300 VUs  07m15.0s/13m0s  086.68 iters/s

running (07m18.0s), 300/300 VUs, 6591 complete and 0 interrupted iterations
peak_restaurant_view   [  56% ] 300/300 VUs  07m16.0s/13m0s  087.13 iters/s

running (07m19.0s), 298/300 VUs, 6614 complete and 0 interrupted iterations
peak_restaurant_view   [  56% ] 299/300 VUs  07m17.0s/13m0s  087.58 iters/s

running (07m20.0s), 300/300 VUs, 6634 complete and 0 interrupted iterations
peak_restaurant_view   [  56% ] 300/300 VUs  07m18.0s/13m0s  088.02 iters/s

running (07m21.0s), 300/300 VUs, 6657 complete and 0 interrupted iterations
peak_restaurant_view   [  56% ] 300/300 VUs  07m19.0s/13m0s  088.47 iters/s

running (07m22.0s), 300/300 VUs, 6677 complete and 0 interrupted iterations
peak_restaurant_view   [  56% ] 300/300 VUs  07m20.0s/13m0s  088.91 iters/s

running (07m23.0s), 300/300 VUs, 6700 complete and 0 interrupted iterations
peak_restaurant_view   [  57% ] 300/300 VUs  07m21.0s/13m0s  089.35 iters/s

running (07m24.0s), 300/300 VUs, 6723 complete and 0 interrupted iterations
peak_restaurant_view   [  57% ] 300/300 VUs  07m22.0s/13m0s  089.80 iters/s

running (07m25.0s), 299/300 VUs, 6744 complete and 0 interrupted iterations
peak_restaurant_view   [  57% ] 299/300 VUs  07m23.0s/13m0s  090.24 iters/s

running (07m26.0s), 300/300 VUs, 6765 complete and 0 interrupted iterations
peak_restaurant_view   [  57% ] 300/300 VUs  07m24.0s/13m0s  090.69 iters/s

running (07m27.0s), 300/300 VUs, 6787 complete and 0 interrupted iterations
peak_restaurant_view   [  57% ] 300/300 VUs  07m25.0s/13m0s  091.13 iters/s

running (07m28.0s), 300/300 VUs, 6811 complete and 0 interrupted iterations
peak_restaurant_view   [  57% ] 300/300 VUs  07m26.0s/13m0s  091.58 iters/s

running (07m29.0s), 300/300 VUs, 6828 complete and 0 interrupted iterations
peak_restaurant_view   [  57% ] 300/300 VUs  07m27.0s/13m0s  092.02 iters/s

running (07m30.0s), 300/300 VUs, 6853 complete and 0 interrupted iterations
peak_restaurant_view   [  57% ] 300/300 VUs  07m28.0s/13m0s  092.47 iters/s

running (07m31.0s), 300/300 VUs, 6876 complete and 0 interrupted iterations
peak_restaurant_view   [  58% ] 300/300 VUs  07m29.0s/13m0s  092.91 iters/s

running (07m32.0s), 300/300 VUs, 6891 complete and 0 interrupted iterations
peak_restaurant_view   [  58% ] 300/300 VUs  07m30.0s/13m0s  093.35 iters/s

running (07m33.0s), 300/300 VUs, 6915 complete and 0 interrupted iterations
peak_restaurant_view   [  58% ] 300/300 VUs  07m31.0s/13m0s  093.80 iters/s

running (07m34.0s), 300/300 VUs, 6935 complete and 0 interrupted iterations
peak_restaurant_view   [  58% ] 300/300 VUs  07m32.0s/13m0s  094.24 iters/s

running (07m35.0s), 300/300 VUs, 6954 complete and 0 interrupted iterations
peak_restaurant_view   [  58% ] 300/300 VUs  07m33.0s/13m0s  094.68 iters/s

running (07m36.0s), 300/300 VUs, 6976 complete and 0 interrupted iterations
peak_restaurant_view   [  58% ] 300/300 VUs  07m34.0s/13m0s  095.13 iters/s

running (07m37.0s), 300/300 VUs, 6999 complete and 0 interrupted iterations
peak_restaurant_view   [  58% ] 300/300 VUs  07m35.0s/13m0s  095.58 iters/s

running (07m38.0s), 300/300 VUs, 7024 complete and 0 interrupted iterations
peak_restaurant_view   [  58% ] 300/300 VUs  07m36.0s/13m0s  096.02 iters/s

running (07m39.0s), 300/300 VUs, 7044 complete and 0 interrupted iterations
peak_restaurant_view   [  59% ] 300/300 VUs  07m37.0s/13m0s  096.46 iters/s

running (07m40.0s), 300/300 VUs, 7066 complete and 0 interrupted iterations
peak_restaurant_view   [  59% ] 300/300 VUs  07m38.0s/13m0s  096.91 iters/s

running (07m41.0s), 300/300 VUs, 7090 complete and 0 interrupted iterations
peak_restaurant_view   [  59% ] 300/300 VUs  07m39.0s/13m0s  097.35 iters/s

running (07m42.0s), 300/300 VUs, 7115 complete and 0 interrupted iterations
peak_restaurant_view   [  59% ] 300/300 VUs  07m40.0s/13m0s  097.80 iters/s

running (07m43.0s), 300/300 VUs, 7137 complete and 0 interrupted iterations
peak_restaurant_view   [  59% ] 300/300 VUs  07m41.0s/13m0s  098.24 iters/s

running (07m44.0s), 300/300 VUs, 7155 complete and 0 interrupted iterations
peak_restaurant_view   [  59% ] 300/300 VUs  07m42.0s/13m0s  098.69 iters/s

running (07m45.0s), 300/300 VUs, 7175 complete and 0 interrupted iterations
peak_restaurant_view   [  59% ] 300/300 VUs  07m43.0s/13m0s  099.13 iters/s

running (07m46.0s), 300/300 VUs, 7193 complete and 0 interrupted iterations
peak_restaurant_view   [  59% ] 300/300 VUs  07m44.0s/13m0s  099.57 iters/s

running (07m47.0s), 300/300 VUs, 7206 complete and 0 interrupted iterations
peak_restaurant_view   [  60% ] 300/300 VUs  07m45.0s/13m0s  100.02 iters/s

running (07m48.0s), 300/300 VUs, 7225 complete and 0 interrupted iterations
peak_restaurant_view   [  60% ] 300/300 VUs  07m46.0s/13m0s  100.46 iters/s

running (07m49.0s), 300/300 VUs, 7245 complete and 0 interrupted iterations
peak_restaurant_view   [  60% ] 300/300 VUs  07m47.0s/13m0s  100.91 iters/s

running (07m50.0s), 300/300 VUs, 7271 complete and 0 interrupted iterations
peak_restaurant_view   [  60% ] 300/300 VUs  07m48.0s/13m0s  101.35 iters/s

running (07m51.0s), 300/300 VUs, 7296 complete and 0 interrupted iterations
peak_restaurant_view   [  60% ] 300/300 VUs  07m49.0s/13m0s  101.80 iters/s

running (07m52.0s), 300/300 VUs, 7314 complete and 0 interrupted iterations
peak_restaurant_view   [  60% ] 300/300 VUs  07m50.0s/13m0s  102.24 iters/s

running (07m53.0s), 300/300 VUs, 7339 complete and 0 interrupted iterations
peak_restaurant_view   [  60% ] 300/300 VUs  07m51.0s/13m0s  102.69 iters/s

running (07m54.0s), 300/300 VUs, 7363 complete and 0 interrupted iterations
peak_restaurant_view   [  61% ] 300/300 VUs  07m52.0s/13m0s  103.13 iters/s

running (07m55.0s), 300/300 VUs, 7382 complete and 0 interrupted iterations
peak_restaurant_view   [  61% ] 300/300 VUs  07m53.0s/13m0s  103.57 iters/s

running (07m56.0s), 300/300 VUs, 7404 complete and 0 interrupted iterations
peak_restaurant_view   [  61% ] 300/300 VUs  07m54.0s/13m0s  104.02 iters/s

running (07m57.0s), 300/300 VUs, 7425 complete and 0 interrupted iterations
peak_restaurant_view   [  61% ] 300/300 VUs  07m55.0s/13m0s  104.46 iters/s

running (07m58.0s), 300/300 VUs, 7449 complete and 0 interrupted iterations
peak_restaurant_view   [  61% ] 300/300 VUs  07m56.0s/13m0s  104.91 iters/s

running (07m59.0s), 300/300 VUs, 7472 complete and 0 interrupted iterations
peak_restaurant_view   [  61% ] 300/300 VUs  07m57.0s/13m0s  105.35 iters/s

running (08m00.0s), 300/300 VUs, 7494 complete and 0 interrupted iterations
peak_restaurant_view   [  61% ] 300/300 VUs  07m58.0s/13m0s  105.80 iters/s

running (08m01.0s), 300/300 VUs, 7517 complete and 0 interrupted iterations
peak_restaurant_view   [  61% ] 300/300 VUs  07m59.0s/13m0s  106.24 iters/s

running (08m02.0s), 299/300 VUs, 7537 complete and 0 interrupted iterations
peak_restaurant_view   [  62% ] 299/300 VUs  08m00.0s/13m0s  106.69 iters/s

running (08m03.0s), 300/300 VUs, 7559 complete and 0 interrupted iterations
peak_restaurant_view   [  62% ] 300/300 VUs  08m01.0s/13m0s  107.13 iters/s

running (08m04.0s), 300/300 VUs, 7581 complete and 0 interrupted iterations
peak_restaurant_view   [  62% ] 300/300 VUs  08m02.0s/13m0s  107.57 iters/s

running (08m05.0s), 300/300 VUs, 7605 complete and 0 interrupted iterations
peak_restaurant_view   [  62% ] 300/300 VUs  08m03.0s/13m0s  108.02 iters/s

running (08m06.0s), 300/300 VUs, 7627 complete and 0 interrupted iterations
peak_restaurant_view   [  62% ] 300/300 VUs  08m04.0s/13m0s  108.47 iters/s

running (08m07.0s), 300/300 VUs, 7648 complete and 0 interrupted iterations
peak_restaurant_view   [  62% ] 300/300 VUs  08m05.0s/13m0s  108.91 iters/s

running (08m08.0s), 300/300 VUs, 7671 complete and 0 interrupted iterations
peak_restaurant_view   [  62% ] 300/300 VUs  08m06.0s/13m0s  109.35 iters/s

running (08m09.0s), 300/300 VUs, 7695 complete and 0 interrupted iterations
peak_restaurant_view   [  62% ] 300/300 VUs  08m07.0s/13m0s  109.80 iters/s

running (08m10.0s), 300/300 VUs, 7719 complete and 0 interrupted iterations
peak_restaurant_view   [  63% ] 300/300 VUs  08m08.0s/13m0s  110.24 iters/s

running (08m11.0s), 300/300 VUs, 7739 complete and 0 interrupted iterations
peak_restaurant_view   [  63% ] 300/300 VUs  08m09.0s/13m0s  110.68 iters/s

running (08m12.0s), 300/300 VUs, 7762 complete and 0 interrupted iterations
peak_restaurant_view   [  63% ] 300/300 VUs  08m10.0s/13m0s  111.13 iters/s

running (08m13.0s), 300/300 VUs, 7786 complete and 0 interrupted iterations
peak_restaurant_view   [  63% ] 300/300 VUs  08m11.0s/13m0s  111.58 iters/s

running (08m14.0s), 300/300 VUs, 7808 complete and 0 interrupted iterations
peak_restaurant_view   [  63% ] 300/300 VUs  08m12.0s/13m0s  112.02 iters/s

running (08m15.0s), 299/300 VUs, 7828 complete and 0 interrupted iterations
peak_restaurant_view   [  63% ] 299/300 VUs  08m13.0s/13m0s  112.47 iters/s

running (08m16.0s), 300/300 VUs, 7851 complete and 0 interrupted iterations
peak_restaurant_view   [  63% ] 300/300 VUs  08m14.0s/13m0s  112.91 iters/s

running (08m17.0s), 300/300 VUs, 7873 complete and 0 interrupted iterations
peak_restaurant_view   [  63% ] 300/300 VUs  08m15.0s/13m0s  113.35 iters/s

running (08m18.0s), 300/300 VUs, 7895 complete and 0 interrupted iterations
peak_restaurant_view   [  64% ] 300/300 VUs  08m16.0s/13m0s  113.80 iters/s

running (08m19.0s), 300/300 VUs, 7913 complete and 0 interrupted iterations
peak_restaurant_view   [  64% ] 300/300 VUs  08m17.0s/13m0s  114.24 iters/s

running (08m20.0s), 300/300 VUs, 7940 complete and 0 interrupted iterations
peak_restaurant_view   [  64% ] 300/300 VUs  08m18.0s/13m0s  114.68 iters/s

running (08m21.0s), 300/300 VUs, 7963 complete and 0 interrupted iterations
peak_restaurant_view   [  64% ] 300/300 VUs  08m19.0s/13m0s  115.13 iters/s

running (08m22.0s), 300/300 VUs, 7985 complete and 0 interrupted iterations
peak_restaurant_view   [  64% ] 300/300 VUs  08m20.0s/13m0s  115.58 iters/s

running (08m23.0s), 300/300 VUs, 8006 complete and 0 interrupted iterations
peak_restaurant_view   [  64% ] 300/300 VUs  08m21.0s/13m0s  116.02 iters/s

running (08m24.0s), 300/300 VUs, 8029 complete and 0 interrupted iterations
peak_restaurant_view   [  64% ] 300/300 VUs  08m22.0s/13m0s  116.46 iters/s

running (08m25.0s), 300/300 VUs, 8054 complete and 0 interrupted iterations
peak_restaurant_view   [  64% ] 300/300 VUs  08m23.0s/13m0s  116.91 iters/s

running (08m26.0s), 299/300 VUs, 8077 complete and 0 interrupted iterations
peak_restaurant_view   [  65% ] 299/300 VUs  08m24.0s/13m0s  117.35 iters/s

running (08m27.0s), 300/300 VUs, 8096 complete and 0 interrupted iterations
peak_restaurant_view   [  65% ] 300/300 VUs  08m25.0s/13m0s  117.80 iters/s

running (08m28.0s), 299/300 VUs, 8122 complete and 0 interrupted iterations
peak_restaurant_view   [  65% ] 299/300 VUs  08m26.0s/13m0s  118.24 iters/s

running (08m29.0s), 300/300 VUs, 8145 complete and 0 interrupted iterations
peak_restaurant_view   [  65% ] 300/300 VUs  08m27.0s/13m0s  118.69 iters/s

running (08m30.0s), 300/300 VUs, 8161 complete and 0 interrupted iterations
peak_restaurant_view   [  65% ] 300/300 VUs  08m28.0s/13m0s  119.13 iters/s

running (08m31.0s), 300/300 VUs, 8181 complete and 0 interrupted iterations
peak_restaurant_view   [  65% ] 300/300 VUs  08m29.0s/13m0s  119.58 iters/s

running (08m32.0s), 300/300 VUs, 8198 complete and 0 interrupted iterations
peak_restaurant_view   [  65% ] 300/300 VUs  08m30.0s/13m0s  120.02 iters/s

running (08m33.0s), 300/300 VUs, 8217 complete and 0 interrupted iterations
peak_restaurant_view   [  66% ] 300/300 VUs  08m31.0s/13m0s  120.46 iters/s

running (08m34.0s), 300/300 VUs, 8240 complete and 0 interrupted iterations
peak_restaurant_view   [  66% ] 300/300 VUs  08m32.0s/13m0s  120.91 iters/s

running (08m35.0s), 300/300 VUs, 8264 complete and 0 interrupted iterations
peak_restaurant_view   [  66% ] 300/300 VUs  08m33.0s/13m0s  121.35 iters/s

running (08m36.0s), 300/300 VUs, 8288 complete and 0 interrupted iterations
peak_restaurant_view   [  66% ] 300/300 VUs  08m34.0s/13m0s  121.80 iters/s

running (08m37.0s), 300/300 VUs, 8308 complete and 0 interrupted iterations
peak_restaurant_view   [  66% ] 300/300 VUs  08m35.0s/13m0s  122.24 iters/s

running (08m38.0s), 300/300 VUs, 8334 complete and 0 interrupted iterations
peak_restaurant_view   [  66% ] 300/300 VUs  08m36.0s/13m0s  122.69 iters/s

running (08m39.0s), 300/300 VUs, 8354 complete and 0 interrupted iterations
peak_restaurant_view   [  66% ] 300/300 VUs  08m37.0s/13m0s  123.13 iters/s

running (08m40.0s), 300/300 VUs, 8378 complete and 0 interrupted iterations
peak_restaurant_view   [  66% ] 300/300 VUs  08m38.0s/13m0s  123.57 iters/s

running (08m41.0s), 300/300 VUs, 8399 complete and 0 interrupted iterations
peak_restaurant_view   [  67% ] 300/300 VUs  08m39.0s/13m0s  124.02 iters/s

running (08m42.0s), 300/300 VUs, 8420 complete and 0 interrupted iterations
peak_restaurant_view   [  67% ] 300/300 VUs  08m40.0s/13m0s  124.46 iters/s

running (08m43.0s), 300/300 VUs, 8445 complete and 0 interrupted iterations
peak_restaurant_view   [  67% ] 300/300 VUs  08m41.0s/13m0s  124.91 iters/s

running (08m44.0s), 300/300 VUs, 8467 complete and 0 interrupted iterations
peak_restaurant_view   [  67% ] 300/300 VUs  08m42.0s/13m0s  125.35 iters/s

running (08m45.0s), 300/300 VUs, 8484 complete and 0 interrupted iterations
peak_restaurant_view   [  67% ] 300/300 VUs  08m43.0s/13m0s  125.80 iters/s

running (08m46.0s), 300/300 VUs, 8506 complete and 0 interrupted iterations
peak_restaurant_view   [  67% ] 300/300 VUs  08m44.0s/13m0s  126.24 iters/s

running (08m47.0s), 300/300 VUs, 8515 complete and 0 interrupted iterations
peak_restaurant_view   [  67% ] 300/300 VUs  08m45.0s/13m0s  126.69 iters/s

running (08m48.0s), 300/300 VUs, 8536 complete and 0 interrupted iterations
peak_restaurant_view   [  67% ] 300/300 VUs  08m46.0s/13m0s  127.13 iters/s

running (08m49.0s), 300/300 VUs, 8557 complete and 0 interrupted iterations
peak_restaurant_view   [  68% ] 300/300 VUs  08m47.0s/13m0s  127.57 iters/s

running (08m50.0s), 299/300 VUs, 8582 complete and 0 interrupted iterations
peak_restaurant_view   [  68% ] 299/300 VUs  08m48.0s/13m0s  128.02 iters/s

running (08m51.0s), 299/300 VUs, 8601 complete and 0 interrupted iterations
peak_restaurant_view   [  68% ] 299/300 VUs  08m49.0s/13m0s  128.46 iters/s

running (08m52.0s), 300/300 VUs, 8627 complete and 0 interrupted iterations
peak_restaurant_view   [  68% ] 300/300 VUs  08m50.0s/13m0s  128.91 iters/s

running (08m53.0s), 300/300 VUs, 8653 complete and 0 interrupted iterations
peak_restaurant_view   [  68% ] 300/300 VUs  08m51.0s/13m0s  129.35 iters/s

running (08m54.0s), 300/300 VUs, 8671 complete and 0 interrupted iterations
peak_restaurant_view   [  68% ] 300/300 VUs  08m52.0s/13m0s  129.80 iters/s

running (08m55.0s), 300/300 VUs, 8693 complete and 0 interrupted iterations
peak_restaurant_view   [  68% ] 300/300 VUs  08m53.0s/13m0s  130.24 iters/s

running (08m56.0s), 300/300 VUs, 8717 complete and 0 interrupted iterations
peak_restaurant_view   [  68% ] 300/300 VUs  08m54.0s/13m0s  130.69 iters/s

running (08m57.0s), 300/300 VUs, 8745 complete and 0 interrupted iterations
peak_restaurant_view   [  69% ] 300/300 VUs  08m55.0s/13m0s  131.13 iters/s

running (08m58.0s), 300/300 VUs, 8763 complete and 0 interrupted iterations
peak_restaurant_view   [  69% ] 300/300 VUs  08m56.0s/13m0s  131.58 iters/s

running (08m59.0s), 300/300 VUs, 8785 complete and 0 interrupted iterations
peak_restaurant_view   [  69% ] 300/300 VUs  08m57.0s/13m0s  132.02 iters/s

running (09m00.0s), 300/300 VUs, 8806 complete and 0 interrupted iterations
peak_restaurant_view   [  69% ] 300/300 VUs  08m58.0s/13m0s  132.47 iters/s

running (09m01.0s), 300/300 VUs, 8828 complete and 0 interrupted iterations
peak_restaurant_view   [  69% ] 300/300 VUs  08m59.0s/13m0s  132.91 iters/s

running (09m02.0s), 300/300 VUs, 8846 complete and 0 interrupted iterations
peak_restaurant_view   [  69% ] 300/300 VUs  09m00.0s/13m0s  133.35 iters/s

running (09m03.0s), 300/300 VUs, 8869 complete and 0 interrupted iterations
peak_restaurant_view   [  69% ] 300/300 VUs  09m01.0s/13m0s  133.80 iters/s

running (09m04.0s), 300/300 VUs, 8892 complete and 0 interrupted iterations
peak_restaurant_view   [  69% ] 300/300 VUs  09m02.0s/13m0s  134.24 iters/s

running (09m05.0s), 300/300 VUs, 8916 complete and 0 interrupted iterations
peak_restaurant_view   [  70% ] 300/300 VUs  09m03.0s/13m0s  134.68 iters/s

running (09m06.0s), 300/300 VUs, 8941 complete and 0 interrupted iterations
peak_restaurant_view   [  70% ] 300/300 VUs  09m04.0s/13m0s  135.13 iters/s

running (09m07.0s), 300/300 VUs, 8961 complete and 0 interrupted iterations
peak_restaurant_view   [  70% ] 300/300 VUs  09m05.0s/13m0s  135.58 iters/s

running (09m08.0s), 300/300 VUs, 8983 complete and 0 interrupted iterations
peak_restaurant_view   [  70% ] 300/300 VUs  09m06.0s/13m0s  136.02 iters/s

running (09m09.0s), 300/300 VUs, 9007 complete and 0 interrupted iterations
peak_restaurant_view   [  70% ] 300/300 VUs  09m07.0s/13m0s  136.46 iters/s

running (09m10.0s), 300/300 VUs, 9031 complete and 0 interrupted iterations
peak_restaurant_view   [  70% ] 300/300 VUs  09m08.0s/13m0s  136.91 iters/s

running (09m11.0s), 300/300 VUs, 9056 complete and 0 interrupted iterations
peak_restaurant_view   [  70% ] 300/300 VUs  09m09.0s/13m0s  137.35 iters/s

running (09m12.0s), 300/300 VUs, 9077 complete and 0 interrupted iterations
peak_restaurant_view   [  71% ] 300/300 VUs  09m10.0s/13m0s  137.80 iters/s

running (09m13.0s), 300/300 VUs, 9099 complete and 0 interrupted iterations
peak_restaurant_view   [  71% ] 300/300 VUs  09m11.0s/13m0s  138.24 iters/s

running (09m14.0s), 300/300 VUs, 9124 complete and 0 interrupted iterations
peak_restaurant_view   [  71% ] 300/300 VUs  09m12.0s/13m0s  138.68 iters/s

running (09m15.0s), 300/300 VUs, 9149 complete and 0 interrupted iterations
peak_restaurant_view   [  71% ] 300/300 VUs  09m13.0s/13m0s  139.13 iters/s

running (09m16.0s), 300/300 VUs, 9168 complete and 0 interrupted iterations
peak_restaurant_view   [  71% ] 300/300 VUs  09m14.0s/13m0s  139.58 iters/s

running (09m17.0s), 300/300 VUs, 9184 complete and 0 interrupted iterations
peak_restaurant_view   [  71% ] 300/300 VUs  09m15.0s/13m0s  140.02 iters/s

running (09m18.0s), 299/300 VUs, 9212 complete and 0 interrupted iterations
peak_restaurant_view   [  71% ] 299/300 VUs  09m16.0s/13m0s  140.46 iters/s

running (09m19.0s), 300/300 VUs, 9236 complete and 0 interrupted iterations
peak_restaurant_view   [  71% ] 300/300 VUs  09m17.0s/13m0s  140.91 iters/s

running (09m20.0s), 300/300 VUs, 9256 complete and 0 interrupted iterations
peak_restaurant_view   [  72% ] 300/300 VUs  09m18.0s/13m0s  141.35 iters/s

running (09m21.0s), 300/300 VUs, 9280 complete and 0 interrupted iterations
peak_restaurant_view   [  72% ] 300/300 VUs  09m19.0s/13m0s  141.80 iters/s

running (09m22.0s), 300/300 VUs, 9307 complete and 0 interrupted iterations
peak_restaurant_view   [  72% ] 300/300 VUs  09m20.0s/13m0s  142.24 iters/s

running (09m23.0s), 300/300 VUs, 9331 complete and 0 interrupted iterations
peak_restaurant_view   [  72% ] 300/300 VUs  09m21.0s/13m0s  142.68 iters/s

running (09m24.0s), 300/300 VUs, 9357 complete and 0 interrupted iterations
peak_restaurant_view   [  72% ] 300/300 VUs  09m22.0s/13m0s  143.13 iters/s

running (09m25.0s), 300/300 VUs, 9378 complete and 0 interrupted iterations
peak_restaurant_view   [  72% ] 300/300 VUs  09m23.0s/13m0s  143.57 iters/s

running (09m26.0s), 300/300 VUs, 9400 complete and 0 interrupted iterations
peak_restaurant_view   [  72% ] 300/300 VUs  09m24.0s/13m0s  144.02 iters/s

running (09m27.0s), 300/300 VUs, 9422 complete and 0 interrupted iterations
peak_restaurant_view   [  72% ] 300/300 VUs  09m25.0s/13m0s  144.46 iters/s

running (09m28.0s), 300/300 VUs, 9444 complete and 0 interrupted iterations
peak_restaurant_view   [  73% ] 300/300 VUs  09m26.0s/13m0s  144.91 iters/s

running (09m29.0s), 300/300 VUs, 9467 complete and 0 interrupted iterations
peak_restaurant_view   [  73% ] 300/300 VUs  09m27.0s/13m0s  145.35 iters/s

running (09m30.0s), 300/300 VUs, 9487 complete and 0 interrupted iterations
peak_restaurant_view   [  73% ] 300/300 VUs  09m28.0s/13m0s  145.80 iters/s

running (09m31.0s), 300/300 VUs, 9512 complete and 0 interrupted iterations
peak_restaurant_view   [  73% ] 300/300 VUs  09m29.0s/13m0s  146.24 iters/s

running (09m32.0s), 300/300 VUs, 9531 complete and 0 interrupted iterations
peak_restaurant_view   [  73% ] 300/300 VUs  09m30.0s/13m0s  146.69 iters/s

running (09m33.0s), 300/300 VUs, 9555 complete and 0 interrupted iterations
peak_restaurant_view   [  73% ] 300/300 VUs  09m31.0s/13m0s  147.13 iters/s

running (09m34.0s), 300/300 VUs, 9575 complete and 0 interrupted iterations
peak_restaurant_view   [  73% ] 300/300 VUs  09m32.0s/13m0s  147.57 iters/s

running (09m35.0s), 300/300 VUs, 9599 complete and 0 interrupted iterations
peak_restaurant_view   [  73% ] 300/300 VUs  09m33.0s/13m0s  148.02 iters/s

running (09m36.0s), 300/300 VUs, 9621 complete and 0 interrupted iterations
peak_restaurant_view   [  74% ] 300/300 VUs  09m34.0s/13m0s  148.46 iters/s

running (09m37.0s), 300/300 VUs, 9645 complete and 0 interrupted iterations
peak_restaurant_view   [  74% ] 300/300 VUs  09m35.0s/13m0s  148.91 iters/s

running (09m38.0s), 300/300 VUs, 9665 complete and 0 interrupted iterations
peak_restaurant_view   [  74% ] 300/300 VUs  09m36.0s/13m0s  149.35 iters/s

running (09m39.0s), 300/300 VUs, 9692 complete and 0 interrupted iterations
peak_restaurant_view   [  74% ] 300/300 VUs  09m37.0s/13m0s  149.80 iters/s

running (09m40.0s), 300/300 VUs, 9712 complete and 0 interrupted iterations
peak_restaurant_view   [  74% ] 300/300 VUs  09m38.0s/13m0s  150.24 iters/s

running (09m41.0s), 300/300 VUs, 9736 complete and 0 interrupted iterations
peak_restaurant_view   [  74% ] 300/300 VUs  09m39.0s/13m0s  150.69 iters/s

running (09m42.0s), 300/300 VUs, 9759 complete and 0 interrupted iterations
peak_restaurant_view   [  74% ] 300/300 VUs  09m40.0s/13m0s  151.13 iters/s

running (09m43.0s), 300/300 VUs, 9780 complete and 0 interrupted iterations
peak_restaurant_view   [  74% ] 300/300 VUs  09m41.0s/13m0s  151.57 iters/s

running (09m44.0s), 300/300 VUs, 9804 complete and 0 interrupted iterations
peak_restaurant_view   [  75% ] 300/300 VUs  09m42.0s/13m0s  152.02 iters/s

running (09m45.0s), 300/300 VUs, 9822 complete and 0 interrupted iterations
peak_restaurant_view   [  75% ] 300/300 VUs  09m43.0s/13m0s  152.46 iters/s

running (09m46.0s), 300/300 VUs, 9843 complete and 0 interrupted iterations
peak_restaurant_view   [  75% ] 300/300 VUs  09m44.0s/13m0s  152.91 iters/s

running (09m47.0s), 300/300 VUs, 9852 complete and 0 interrupted iterations
peak_restaurant_view   [  75% ] 300/300 VUs  09m45.0s/13m0s  153.35 iters/s

running (09m48.0s), 300/300 VUs, 9871 complete and 0 interrupted iterations
peak_restaurant_view   [  75% ] 300/300 VUs  09m46.0s/13m0s  153.80 iters/s

running (09m49.0s), 299/300 VUs, 9892 complete and 0 interrupted iterations
peak_restaurant_view   [  75% ] 299/300 VUs  09m47.0s/13m0s  154.24 iters/s

running (09m50.0s), 300/300 VUs, 9914 complete and 0 interrupted iterations
peak_restaurant_view   [  75% ] 300/300 VUs  09m48.0s/13m0s  154.69 iters/s

running (09m51.0s), 300/300 VUs, 9937 complete and 0 interrupted iterations
peak_restaurant_view   [  76% ] 300/300 VUs  09m49.0s/13m0s  155.13 iters/s

running (09m52.0s), 300/300 VUs, 9962 complete and 0 interrupted iterations
peak_restaurant_view   [  76% ] 300/300 VUs  09m50.0s/13m0s  155.57 iters/s

running (09m53.0s), 300/300 VUs, 9983 complete and 0 interrupted iterations
peak_restaurant_view   [  76% ] 300/300 VUs  09m51.0s/13m0s  156.02 iters/s

running (09m54.0s), 300/300 VUs, 10007 complete and 0 interrupted iterations
peak_restaurant_view   [  76% ] 300/300 VUs  09m52.0s/13m0s  156.46 iters/s

running (09m55.0s), 300/300 VUs, 10029 complete and 0 interrupted iterations
peak_restaurant_view   [  76% ] 300/300 VUs  09m53.0s/13m0s  156.91 iters/s

running (09m56.0s), 300/300 VUs, 10050 complete and 0 interrupted iterations
peak_restaurant_view   [  76% ] 300/300 VUs  09m54.0s/13m0s  157.35 iters/s

running (09m57.0s), 300/300 VUs, 10073 complete and 0 interrupted iterations
peak_restaurant_view   [  76% ] 300/300 VUs  09m55.0s/13m0s  157.80 iters/s

running (09m58.0s), 299/300 VUs, 10094 complete and 0 interrupted iterations
peak_restaurant_view   [  76% ] 299/300 VUs  09m56.0s/13m0s  158.24 iters/s

running (09m59.0s), 300/300 VUs, 10116 complete and 0 interrupted iterations
peak_restaurant_view   [  77% ] 300/300 VUs  09m57.0s/13m0s  158.68 iters/s

running (10m00.0s), 300/300 VUs, 10139 complete and 0 interrupted iterations
peak_restaurant_view   [  77% ] 300/300 VUs  09m58.0s/13m0s  159.13 iters/s

running (10m01.0s), 300/300 VUs, 10163 complete and 0 interrupted iterations
peak_restaurant_view   [  77% ] 300/300 VUs  09m59.0s/13m0s  159.58 iters/s

running (10m02.0s), 300/300 VUs, 10181 complete and 0 interrupted iterations
peak_restaurant_view   [  77% ] 300/300 VUs  10m00.0s/13m0s  160.04 iters/s

running (10m03.0s), 300/300 VUs, 10203 complete and 0 interrupted iterations
peak_restaurant_view   [  77% ] 300/300 VUs  10m01.0s/13m0s  160.93 iters/s

running (10m04.0s), 300/300 VUs, 10224 complete and 0 interrupted iterations
peak_restaurant_view   [  77% ] 300/300 VUs  10m02.0s/13m0s  161.81 iters/s

running (10m05.0s), 299/300 VUs, 10247 complete and 0 interrupted iterations
peak_restaurant_view   [  77% ] 299/300 VUs  10m03.0s/13m0s  162.70 iters/s

running (10m06.0s), 300/300 VUs, 10268 complete and 0 interrupted iterations
peak_restaurant_view   [  77% ] 300/300 VUs  10m04.0s/13m0s  163.60 iters/s

running (10m07.0s), 300/300 VUs, 10290 complete and 0 interrupted iterations
peak_restaurant_view   [  78% ] 300/300 VUs  10m05.0s/13m0s  164.48 iters/s

running (10m08.0s), 300/300 VUs, 10314 complete and 0 interrupted iterations
peak_restaurant_view   [  78% ] 300/300 VUs  10m06.0s/13m0s  165.37 iters/s

running (10m09.0s), 300/300 VUs, 10338 complete and 0 interrupted iterations
peak_restaurant_view   [  78% ] 300/300 VUs  10m07.0s/13m0s  166.26 iters/s

running (10m10.0s), 300/300 VUs, 10361 complete and 0 interrupted iterations
peak_restaurant_view   [  78% ] 300/300 VUs  10m08.0s/13m0s  167.15 iters/s

running (10m11.0s), 300/300 VUs, 10384 complete and 0 interrupted iterations
peak_restaurant_view   [  78% ] 300/300 VUs  10m09.0s/13m0s  168.04 iters/s

running (10m12.0s), 300/300 VUs, 10407 complete and 0 interrupted iterations
peak_restaurant_view   [  78% ] 300/300 VUs  10m10.0s/13m0s  168.93 iters/s

running (10m13.0s), 300/300 VUs, 10430 complete and 0 interrupted iterations
peak_restaurant_view   [  78% ] 300/300 VUs  10m11.0s/13m0s  169.81 iters/s

running (10m14.0s), 300/300 VUs, 10449 complete and 0 interrupted iterations
peak_restaurant_view   [  78% ] 300/300 VUs  10m12.0s/13m0s  170.71 iters/s

running (10m15.0s), 300/300 VUs, 10470 complete and 0 interrupted iterations
peak_restaurant_view   [  79% ] 300/300 VUs  10m13.0s/13m0s  171.59 iters/s

running (10m16.0s), 300/300 VUs, 10496 complete and 0 interrupted iterations
peak_restaurant_view   [  79% ] 300/300 VUs  10m14.0s/13m0s  172.48 iters/s

running (10m17.0s), 300/300 VUs, 10517 complete and 0 interrupted iterations
peak_restaurant_view   [  79% ] 300/300 VUs  10m15.0s/13m0s  173.37 iters/s

running (10m18.0s), 300/300 VUs, 10540 complete and 0 interrupted iterations
peak_restaurant_view   [  79% ] 300/300 VUs  10m16.0s/13m0s  174.26 iters/s

running (10m19.0s), 300/300 VUs, 10563 complete and 0 interrupted iterations
peak_restaurant_view   [  79% ] 300/300 VUs  10m17.0s/13m0s  175.15 iters/s

running (10m20.0s), 300/300 VUs, 10584 complete and 0 interrupted iterations
peak_restaurant_view   [  79% ] 300/300 VUs  10m18.0s/13m0s  176.04 iters/s

running (10m21.0s), 300/300 VUs, 10608 complete and 0 interrupted iterations
peak_restaurant_view   [  79% ] 300/300 VUs  10m19.0s/13m0s  176.93 iters/s

running (10m22.0s), 300/300 VUs, 10632 complete and 0 interrupted iterations
peak_restaurant_view   [  79% ] 300/300 VUs  10m20.0s/13m0s  177.82 iters/s

running (10m23.0s), 300/300 VUs, 10652 complete and 0 interrupted iterations
peak_restaurant_view   [  80% ] 300/300 VUs  10m21.0s/13m0s  178.70 iters/s

running (10m24.0s), 300/300 VUs, 10675 complete and 0 interrupted iterations
peak_restaurant_view   [  80% ] 300/300 VUs  10m22.0s/13m0s  179.59 iters/s

running (10m25.0s), 299/300 VUs, 10697 complete and 0 interrupted iterations
peak_restaurant_view   [  80% ] 299/300 VUs  10m23.0s/13m0s  180.48 iters/s

running (10m26.0s), 300/300 VUs, 10718 complete and 0 interrupted iterations
peak_restaurant_view   [  80% ] 300/300 VUs  10m24.0s/13m0s  181.37 iters/s

running (10m27.0s), 300/300 VUs, 10741 complete and 0 interrupted iterations
peak_restaurant_view   [  80% ] 300/300 VUs  10m25.0s/13m0s  182.26 iters/s

running (10m28.0s), 300/300 VUs, 10763 complete and 0 interrupted iterations
peak_restaurant_view   [  80% ] 300/300 VUs  10m26.0s/13m0s  183.15 iters/s

running (10m29.0s), 300/300 VUs, 10785 complete and 0 interrupted iterations
peak_restaurant_view   [  80% ] 300/300 VUs  10m27.0s/13m0s  184.04 iters/s

running (10m30.0s), 300/300 VUs, 10807 complete and 0 interrupted iterations
peak_restaurant_view   [  81% ] 300/300 VUs  10m28.0s/13m0s  184.93 iters/s

running (10m31.0s), 300/300 VUs, 10828 complete and 0 interrupted iterations
peak_restaurant_view   [  81% ] 300/300 VUs  10m29.0s/13m0s  185.81 iters/s

running (10m32.0s), 300/300 VUs, 10843 complete and 0 interrupted iterations
peak_restaurant_view   [  81% ] 300/300 VUs  10m30.0s/13m0s  186.70 iters/s

running (10m33.0s), 300/300 VUs, 10866 complete and 0 interrupted iterations
peak_restaurant_view   [  81% ] 300/300 VUs  10m31.0s/13m0s  187.60 iters/s

running (10m34.0s), 300/300 VUs, 10893 complete and 0 interrupted iterations
peak_restaurant_view   [  81% ] 300/300 VUs  10m32.0s/13m0s  188.48 iters/s

running (10m35.0s), 300/300 VUs, 10918 complete and 0 interrupted iterations
peak_restaurant_view   [  81% ] 300/300 VUs  10m33.0s/13m0s  189.37 iters/s

running (10m36.0s), 300/300 VUs, 10941 complete and 0 interrupted iterations
peak_restaurant_view   [  81% ] 300/300 VUs  10m34.0s/13m0s  190.26 iters/s

running (10m37.0s), 299/300 VUs, 10960 complete and 0 interrupted iterations
peak_restaurant_view   [  81% ] 299/300 VUs  10m35.0s/13m0s  191.15 iters/s

running (10m38.0s), 300/300 VUs, 10984 complete and 0 interrupted iterations
peak_restaurant_view   [  82% ] 300/300 VUs  10m36.0s/13m0s  192.04 iters/s

running (10m39.0s), 300/300 VUs, 11009 complete and 0 interrupted iterations
peak_restaurant_view   [  82% ] 300/300 VUs  10m37.0s/13m0s  192.93 iters/s

running (10m40.0s), 299/300 VUs, 11036 complete and 0 interrupted iterations
peak_restaurant_view   [  82% ] 299/300 VUs  10m38.0s/13m0s  193.82 iters/s

running (10m41.0s), 300/300 VUs, 11057 complete and 0 interrupted iterations
peak_restaurant_view   [  82% ] 300/300 VUs  10m39.0s/13m0s  194.71 iters/s

running (10m42.0s), 300/300 VUs, 11078 complete and 0 interrupted iterations
peak_restaurant_view   [  82% ] 300/300 VUs  10m40.0s/13m0s  195.59 iters/s

running (10m43.0s), 300/300 VUs, 11102 complete and 0 interrupted iterations
peak_restaurant_view   [  82% ] 300/300 VUs  10m41.0s/13m0s  196.48 iters/s

running (10m44.0s), 300/300 VUs, 11127 complete and 0 interrupted iterations
peak_restaurant_view   [  82% ] 300/300 VUs  10m42.0s/13m0s  197.37 iters/s

running (10m45.0s), 300/300 VUs, 11142 complete and 0 interrupted iterations
peak_restaurant_view   [  82% ] 300/300 VUs  10m43.0s/13m0s  198.26 iters/s

running (10m46.0s), 300/300 VUs, 11162 complete and 0 interrupted iterations
peak_restaurant_view   [  83% ] 300/300 VUs  10m44.0s/13m0s  199.15 iters/s

running (10m47.0s), 300/300 VUs, 11164 complete and 0 interrupted iterations
peak_restaurant_view   [  83% ] 300/300 VUs  10m45.0s/13m0s  200.04 iters/s

running (10m48.0s), 300/300 VUs, 11184 complete and 0 interrupted iterations
peak_restaurant_view   [  83% ] 300/300 VUs  10m46.0s/13m0s  200.93 iters/s

running (10m49.0s), 300/300 VUs, 11201 complete and 0 interrupted iterations
peak_restaurant_view   [  83% ] 300/300 VUs  10m47.0s/13m0s  201.82 iters/s

running (10m50.0s), 300/300 VUs, 11225 complete and 0 interrupted iterations
peak_restaurant_view   [  83% ] 300/300 VUs  10m48.0s/13m0s  202.70 iters/s

running (10m51.0s), 300/300 VUs, 11249 complete and 0 interrupted iterations
peak_restaurant_view   [  83% ] 300/300 VUs  10m49.0s/13m0s  203.60 iters/s

running (10m52.0s), 300/300 VUs, 11273 complete and 0 interrupted iterations
peak_restaurant_view   [  83% ] 300/300 VUs  10m50.0s/13m0s  204.48 iters/s

running (10m53.0s), 300/300 VUs, 11294 complete and 0 interrupted iterations
peak_restaurant_view   [  83% ] 300/300 VUs  10m51.0s/13m0s  205.37 iters/s

running (10m54.0s), 300/300 VUs, 11316 complete and 0 interrupted iterations
peak_restaurant_view   [  84% ] 300/300 VUs  10m52.0s/13m0s  206.26 iters/s

running (10m55.0s), 300/300 VUs, 11338 complete and 0 interrupted iterations
peak_restaurant_view   [  84% ] 300/300 VUs  10m53.0s/13m0s  207.15 iters/s

running (10m56.0s), 300/300 VUs, 11361 complete and 0 interrupted iterations
peak_restaurant_view   [  84% ] 300/300 VUs  10m54.0s/13m0s  208.04 iters/s

running (10m57.0s), 300/300 VUs, 11384 complete and 0 interrupted iterations
peak_restaurant_view   [  84% ] 300/300 VUs  10m55.0s/13m0s  208.93 iters/s

running (10m58.0s), 300/300 VUs, 11406 complete and 0 interrupted iterations
peak_restaurant_view   [  84% ] 300/300 VUs  10m56.0s/13m0s  209.81 iters/s

running (10m59.0s), 300/300 VUs, 11430 complete and 0 interrupted iterations
peak_restaurant_view   [  84% ] 300/300 VUs  10m57.0s/13m0s  210.71 iters/s

running (11m00.0s), 300/300 VUs, 11451 complete and 0 interrupted iterations
peak_restaurant_view   [  84% ] 300/300 VUs  10m58.0s/13m0s  211.59 iters/s

running (11m01.0s), 300/300 VUs, 11475 complete and 0 interrupted iterations
peak_restaurant_view   [  84% ] 300/300 VUs  10m59.0s/13m0s  212.48 iters/s

running (11m02.0s), 300/300 VUs, 11494 complete and 0 interrupted iterations
peak_restaurant_view   [  85% ] 300/300 VUs  11m00.0s/13m0s  213.37 iters/s

running (11m03.0s), 300/300 VUs, 11514 complete and 0 interrupted iterations
peak_restaurant_view   [  85% ] 300/300 VUs  11m01.0s/13m0s  214.26 iters/s

running (11m04.0s), 300/300 VUs, 11537 complete and 0 interrupted iterations
peak_restaurant_view   [  85% ] 300/300 VUs  11m02.0s/13m0s  215.15 iters/s

running (11m05.0s), 300/300 VUs, 11554 complete and 0 interrupted iterations
peak_restaurant_view   [  85% ] 300/300 VUs  11m03.0s/13m0s  216.04 iters/s

running (11m06.0s), 300/300 VUs, 11574 complete and 0 interrupted iterations
peak_restaurant_view   [  85% ] 300/300 VUs  11m04.0s/13m0s  216.93 iters/s

running (11m07.0s), 300/300 VUs, 11598 complete and 0 interrupted iterations
peak_restaurant_view   [  85% ] 300/300 VUs  11m05.0s/13m0s  217.82 iters/s

running (11m08.0s), 300/300 VUs, 11620 complete and 0 interrupted iterations
peak_restaurant_view   [  85% ] 300/300 VUs  11m06.0s/13m0s  218.71 iters/s

running (11m09.0s), 300/300 VUs, 11645 complete and 0 interrupted iterations
peak_restaurant_view   [  86% ] 300/300 VUs  11m07.0s/13m0s  219.59 iters/s

running (11m10.0s), 300/300 VUs, 11669 complete and 0 interrupted iterations
peak_restaurant_view   [  86% ] 300/300 VUs  11m08.0s/13m0s  220.48 iters/s

running (11m11.0s), 300/300 VUs, 11694 complete and 0 interrupted iterations
peak_restaurant_view   [  86% ] 300/300 VUs  11m09.0s/13m0s  221.37 iters/s

running (11m12.0s), 300/300 VUs, 11722 complete and 0 interrupted iterations
peak_restaurant_view   [  86% ] 300/300 VUs  11m10.0s/13m0s  222.26 iters/s

running (11m13.0s), 300/300 VUs, 11747 complete and 0 interrupted iterations
peak_restaurant_view   [  86% ] 300/300 VUs  11m11.0s/13m0s  223.15 iters/s

running (11m14.0s), 300/300 VUs, 11771 complete and 0 interrupted iterations
peak_restaurant_view   [  86% ] 300/300 VUs  11m12.0s/13m0s  224.04 iters/s

running (11m15.0s), 300/300 VUs, 11789 complete and 0 interrupted iterations
peak_restaurant_view   [  86% ] 300/300 VUs  11m13.0s/13m0s  224.93 iters/s

running (11m16.0s), 300/300 VUs, 11813 complete and 0 interrupted iterations
peak_restaurant_view   [  86% ] 300/300 VUs  11m14.0s/13m0s  225.82 iters/s

running (11m17.0s), 300/300 VUs, 11838 complete and 0 interrupted iterations
peak_restaurant_view   [  87% ] 300/300 VUs  11m15.0s/13m0s  226.70 iters/s

running (11m18.0s), 300/300 VUs, 11862 complete and 0 interrupted iterations
peak_restaurant_view   [  87% ] 300/300 VUs  11m16.0s/13m0s  227.59 iters/s

running (11m19.0s), 300/300 VUs, 11884 complete and 0 interrupted iterations
peak_restaurant_view   [  87% ] 300/300 VUs  11m17.0s/13m0s  228.48 iters/s

running (11m20.0s), 300/300 VUs, 11911 complete and 0 interrupted iterations
peak_restaurant_view   [  87% ] 300/300 VUs  11m18.0s/13m0s  229.37 iters/s

running (11m21.0s), 298/300 VUs, 11936 complete and 0 interrupted iterations
peak_restaurant_view   [  87% ] 298/300 VUs  11m19.0s/13m0s  230.26 iters/s

running (11m22.0s), 300/300 VUs, 11959 complete and 0 interrupted iterations
peak_restaurant_view   [  87% ] 300/300 VUs  11m20.0s/13m0s  231.15 iters/s

running (11m23.0s), 300/300 VUs, 11980 complete and 0 interrupted iterations
peak_restaurant_view   [  87% ] 300/300 VUs  11m21.0s/13m0s  232.04 iters/s

running (11m24.0s), 300/300 VUs, 12001 complete and 0 interrupted iterations
peak_restaurant_view   [  87% ] 300/300 VUs  11m22.0s/13m0s  232.93 iters/s

running (11m25.0s), 300/300 VUs, 12027 complete and 0 interrupted iterations
peak_restaurant_view   [  88% ] 300/300 VUs  11m23.0s/13m0s  233.81 iters/s

running (11m26.0s), 300/300 VUs, 12052 complete and 0 interrupted iterations
peak_restaurant_view   [  88% ] 300/300 VUs  11m24.0s/13m0s  234.71 iters/s

running (11m27.0s), 300/300 VUs, 12074 complete and 0 interrupted iterations
peak_restaurant_view   [  88% ] 300/300 VUs  11m25.0s/13m0s  235.59 iters/s

running (11m28.0s), 300/300 VUs, 12098 complete and 0 interrupted iterations
peak_restaurant_view   [  88% ] 300/300 VUs  11m26.0s/13m0s  236.48 iters/s

running (11m29.0s), 300/300 VUs, 12125 complete and 0 interrupted iterations
peak_restaurant_view   [  88% ] 300/300 VUs  11m27.0s/13m0s  237.37 iters/s

running (11m30.0s), 300/300 VUs, 12151 complete and 0 interrupted iterations
peak_restaurant_view   [  88% ] 300/300 VUs  11m28.0s/13m0s  238.26 iters/s

running (11m31.0s), 300/300 VUs, 12179 complete and 0 interrupted iterations
peak_restaurant_view   [  88% ] 300/300 VUs  11m29.0s/13m0s  239.15 iters/s

running (11m32.0s), 300/300 VUs, 12201 complete and 0 interrupted iterations
peak_restaurant_view   [  88% ] 300/300 VUs  11m30.0s/13m0s  240.04 iters/s

running (11m33.0s), 300/300 VUs, 12223 complete and 0 interrupted iterations
peak_restaurant_view   [  89% ] 300/300 VUs  11m31.0s/13m0s  240.93 iters/s

running (11m34.0s), 300/300 VUs, 12248 complete and 0 interrupted iterations
peak_restaurant_view   [  89% ] 300/300 VUs  11m32.0s/13m0s  241.82 iters/s

running (11m35.0s), 300/300 VUs, 12271 complete and 0 interrupted iterations
peak_restaurant_view   [  89% ] 300/300 VUs  11m33.0s/13m0s  242.71 iters/s

running (11m36.0s), 300/300 VUs, 12295 complete and 0 interrupted iterations
peak_restaurant_view   [  89% ] 300/300 VUs  11m34.0s/13m0s  243.59 iters/s

running (11m37.0s), 300/300 VUs, 12323 complete and 0 interrupted iterations
peak_restaurant_view   [  89% ] 300/300 VUs  11m35.0s/13m0s  244.48 iters/s

running (11m38.0s), 300/300 VUs, 12347 complete and 0 interrupted iterations
peak_restaurant_view   [  89% ] 300/300 VUs  11m36.0s/13m0s  245.37 iters/s

running (11m39.0s), 300/300 VUs, 12371 complete and 0 interrupted iterations
peak_restaurant_view   [  89% ] 300/300 VUs  11m37.0s/13m0s  246.26 iters/s

running (11m40.0s), 300/300 VUs, 12398 complete and 0 interrupted iterations
peak_restaurant_view   [  89% ] 300/300 VUs  11m38.0s/13m0s  247.15 iters/s

running (11m41.0s), 300/300 VUs, 12424 complete and 0 interrupted iterations
peak_restaurant_view   [  90% ] 300/300 VUs  11m39.0s/13m0s  248.04 iters/s

running (11m42.0s), 300/300 VUs, 12450 complete and 0 interrupted iterations
peak_restaurant_view   [  90% ] 300/300 VUs  11m40.0s/13m0s  248.92 iters/s

running (11m43.0s), 299/300 VUs, 12477 complete and 0 interrupted iterations
peak_restaurant_view   [  90% ] 299/300 VUs  11m41.0s/13m0s  249.82 iters/s

running (11m44.0s), 300/300 VUs, 12501 complete and 0 interrupted iterations
peak_restaurant_view   [  90% ] 300/300 VUs  11m42.0s/13m0s  250.70 iters/s

running (11m45.0s), 300/300 VUs, 12519 complete and 0 interrupted iterations
peak_restaurant_view   [  90% ] 300/300 VUs  11m43.0s/13m0s  251.59 iters/s

running (11m46.0s), 300/300 VUs, 12540 complete and 0 interrupted iterations
peak_restaurant_view   [  90% ] 300/300 VUs  11m44.0s/13m0s  252.48 iters/s

running (11m47.0s), 300/300 VUs, 12549 complete and 0 interrupted iterations
peak_restaurant_view   [  90% ] 300/300 VUs  11m45.0s/13m0s  253.37 iters/s

running (11m48.0s), 300/300 VUs, 12569 complete and 0 interrupted iterations
peak_restaurant_view   [  91% ] 300/300 VUs  11m46.0s/13m0s  254.26 iters/s

running (11m49.0s), 300/300 VUs, 12594 complete and 0 interrupted iterations
peak_restaurant_view   [  91% ] 300/300 VUs  11m47.0s/13m0s  255.15 iters/s

running (11m50.0s), 300/300 VUs, 12620 complete and 0 interrupted iterations
peak_restaurant_view   [  91% ] 300/300 VUs  11m48.0s/13m0s  256.04 iters/s

running (11m51.0s), 300/300 VUs, 12642 complete and 0 interrupted iterations
peak_restaurant_view   [  91% ] 300/300 VUs  11m49.0s/13m0s  256.93 iters/s

running (11m52.0s), 300/300 VUs, 12669 complete and 0 interrupted iterations
peak_restaurant_view   [  91% ] 300/300 VUs  11m50.0s/13m0s  257.81 iters/s

running (11m53.0s), 300/300 VUs, 12695 complete and 0 interrupted iterations
peak_restaurant_view   [  91% ] 300/300 VUs  11m51.0s/13m0s  258.71 iters/s

running (11m54.0s), 300/300 VUs, 12723 complete and 0 interrupted iterations
peak_restaurant_view   [  91% ] 300/300 VUs  11m52.0s/13m0s  259.59 iters/s

running (11m55.0s), 300/300 VUs, 12745 complete and 0 interrupted iterations
peak_restaurant_view   [  91% ] 300/300 VUs  11m53.0s/13m0s  260.48 iters/s

running (11m56.0s), 300/300 VUs, 12766 complete and 0 interrupted iterations
peak_restaurant_view   [  92% ] 300/300 VUs  11m54.0s/13m0s  261.37 iters/s

running (11m57.0s), 300/300 VUs, 12792 complete and 0 interrupted iterations
peak_restaurant_view   [  92% ] 300/300 VUs  11m55.0s/13m0s  262.26 iters/s

running (11m58.0s), 300/300 VUs, 12817 complete and 0 interrupted iterations
peak_restaurant_view   [  92% ] 300/300 VUs  11m56.0s/13m0s  263.15 iters/s

running (11m59.0s), 299/300 VUs, 12844 complete and 0 interrupted iterations
peak_restaurant_view   [  92% ] 299/300 VUs  11m57.0s/13m0s  264.04 iters/s

running (12m00.0s), 299/300 VUs, 12863 complete and 0 interrupted iterations
peak_restaurant_view   [  92% ] 299/300 VUs  11m58.0s/13m0s  264.93 iters/s

running (12m01.0s), 300/300 VUs, 12888 complete and 0 interrupted iterations
peak_restaurant_view   [  92% ] 300/300 VUs  11m59.0s/13m0s  265.82 iters/s

running (12m02.0s), 300/300 VUs, 12912 complete and 0 interrupted iterations
peak_restaurant_view   [  92% ] 300/300 VUs  12m00.0s/13m0s  266.71 iters/s

running (12m03.0s), 300/300 VUs, 12938 complete and 0 interrupted iterations
peak_restaurant_view   [  92% ] 300/300 VUs  12m01.0s/13m0s  267.59 iters/s

running (12m04.0s), 299/300 VUs, 12961 complete and 0 interrupted iterations
peak_restaurant_view   [  93% ] 299/300 VUs  12m02.0s/13m0s  268.48 iters/s

running (12m05.0s), 300/300 VUs, 12984 complete and 0 interrupted iterations
peak_restaurant_view   [  93% ] 300/300 VUs  12m03.0s/13m0s  269.37 iters/s

running (12m06.0s), 300/300 VUs, 13006 complete and 0 interrupted iterations
peak_restaurant_view   [  93% ] 300/300 VUs  12m04.0s/13m0s  270.26 iters/s

running (12m07.0s), 300/300 VUs, 13032 complete and 0 interrupted iterations
peak_restaurant_view   [  93% ] 300/300 VUs  12m05.0s/13m0s  271.15 iters/s

running (12m08.0s), 300/300 VUs, 13059 complete and 0 interrupted iterations
peak_restaurant_view   [  93% ] 300/300 VUs  12m06.0s/13m0s  272.04 iters/s

running (12m09.0s), 300/300 VUs, 13084 complete and 0 interrupted iterations
peak_restaurant_view   [  93% ] 300/300 VUs  12m07.0s/13m0s  272.93 iters/s

running (12m10.0s), 300/300 VUs, 13103 complete and 0 interrupted iterations
peak_restaurant_view   [  93% ] 300/300 VUs  12m08.0s/13m0s  273.82 iters/s

running (12m11.0s), 300/300 VUs, 13127 complete and 0 interrupted iterations
peak_restaurant_view   [  93% ] 300/300 VUs  12m09.0s/13m0s  274.70 iters/s

running (12m12.0s), 300/300 VUs, 13153 complete and 0 interrupted iterations
peak_restaurant_view   [  94% ] 300/300 VUs  12m10.0s/13m0s  275.60 iters/s

running (12m13.0s), 300/300 VUs, 13179 complete and 0 interrupted iterations
peak_restaurant_view   [  94% ] 300/300 VUs  12m11.0s/13m0s  276.48 iters/s

running (12m14.0s), 300/300 VUs, 13203 complete and 0 interrupted iterations
peak_restaurant_view   [  94% ] 300/300 VUs  12m12.0s/13m0s  277.37 iters/s

running (12m15.0s), 300/300 VUs, 13227 complete and 0 interrupted iterations
peak_restaurant_view   [  94% ] 300/300 VUs  12m13.0s/13m0s  278.26 iters/s

running (12m16.0s), 300/300 VUs, 13252 complete and 0 interrupted iterations
peak_restaurant_view   [  94% ] 300/300 VUs  12m14.0s/13m0s  279.15 iters/s

running (12m17.0s), 300/300 VUs, 13273 complete and 0 interrupted iterations
peak_restaurant_view   [  94% ] 300/300 VUs  12m15.0s/13m0s  280.04 iters/s

running (12m18.0s), 300/300 VUs, 13296 complete and 0 interrupted iterations
peak_restaurant_view   [  94% ] 300/300 VUs  12m16.0s/13m0s  280.93 iters/s

running (12m19.0s), 300/300 VUs, 13323 complete and 0 interrupted iterations
peak_restaurant_view   [  94% ] 300/300 VUs  12m17.0s/13m0s  281.81 iters/s

running (12m20.0s), 300/300 VUs, 13348 complete and 0 interrupted iterations
peak_restaurant_view   [  95% ] 300/300 VUs  12m18.0s/13m0s  282.70 iters/s

running (12m21.0s), 300/300 VUs, 13374 complete and 0 interrupted iterations
peak_restaurant_view   [  95% ] 300/300 VUs  12m19.0s/13m0s  283.59 iters/s

running (12m22.0s), 300/300 VUs, 13401 complete and 0 interrupted iterations
peak_restaurant_view   [  95% ] 300/300 VUs  12m20.0s/13m0s  284.48 iters/s

running (12m23.0s), 300/300 VUs, 13427 complete and 0 interrupted iterations
peak_restaurant_view   [  95% ] 300/300 VUs  12m21.0s/13m0s  285.37 iters/s

running (12m24.0s), 300/300 VUs, 13451 complete and 0 interrupted iterations
peak_restaurant_view   [  95% ] 300/300 VUs  12m22.0s/13m0s  286.26 iters/s

running (12m25.0s), 300/300 VUs, 13478 complete and 0 interrupted iterations
peak_restaurant_view   [  95% ] 300/300 VUs  12m23.0s/13m0s  287.15 iters/s

running (12m26.0s), 300/300 VUs, 13499 complete and 0 interrupted iterations
peak_restaurant_view   [  95% ] 300/300 VUs  12m24.0s/13m0s  288.04 iters/s

running (12m27.0s), 300/300 VUs, 13528 complete and 0 interrupted iterations
peak_restaurant_view   [  96% ] 300/300 VUs  12m25.0s/13m0s  288.93 iters/s

running (12m28.0s), 300/300 VUs, 13553 complete and 0 interrupted iterations
peak_restaurant_view   [  96% ] 300/300 VUs  12m26.0s/13m0s  289.82 iters/s

running (12m29.0s), 300/300 VUs, 13580 complete and 0 interrupted iterations
peak_restaurant_view   [  96% ] 300/300 VUs  12m27.0s/13m0s  290.70 iters/s

running (12m30.0s), 300/300 VUs, 13601 complete and 0 interrupted iterations
peak_restaurant_view   [  96% ] 300/300 VUs  12m28.0s/13m0s  291.59 iters/s

running (12m31.0s), 300/300 VUs, 13625 complete and 0 interrupted iterations
peak_restaurant_view   [  96% ] 300/300 VUs  12m29.0s/13m0s  292.48 iters/s

running (12m32.0s), 300/300 VUs, 13645 complete and 0 interrupted iterations
peak_restaurant_view   [  96% ] 300/300 VUs  12m30.0s/13m0s  293.37 iters/s

running (12m33.0s), 300/300 VUs, 13670 complete and 0 interrupted iterations
peak_restaurant_view   [  96% ] 300/300 VUs  12m31.0s/13m0s  294.26 iters/s

running (12m34.0s), 300/300 VUs, 13695 complete and 0 interrupted iterations
peak_restaurant_view   [  96% ] 300/300 VUs  12m32.0s/13m0s  295.15 iters/s

running (12m35.0s), 300/300 VUs, 13720 complete and 0 interrupted iterations
peak_restaurant_view   [  97% ] 300/300 VUs  12m33.0s/13m0s  296.04 iters/s

running (12m36.0s), 300/300 VUs, 13746 complete and 0 interrupted iterations
peak_restaurant_view   [  97% ] 300/300 VUs  12m34.0s/13m0s  296.93 iters/s

running (12m37.0s), 300/300 VUs, 13773 complete and 0 interrupted iterations
peak_restaurant_view   [  97% ] 300/300 VUs  12m35.0s/13m0s  297.82 iters/s

running (12m38.0s), 300/300 VUs, 13798 complete and 0 interrupted iterations
peak_restaurant_view   [  97% ] 300/300 VUs  12m36.0s/13m0s  298.70 iters/s

running (12m39.0s), 300/300 VUs, 13823 complete and 0 interrupted iterations
peak_restaurant_view   [  97% ] 300/300 VUs  12m37.0s/13m0s  299.60 iters/s

running (12m40.0s), 300/300 VUs, 13849 complete and 0 interrupted iterations
peak_restaurant_view   [  97% ] 300/300 VUs  12m38.0s/13m0s  300.48 iters/s

running (12m41.0s), 300/300 VUs, 13873 complete and 0 interrupted iterations
peak_restaurant_view   [  97% ] 300/300 VUs  12m39.0s/13m0s  301.37 iters/s

running (12m42.0s), 300/300 VUs, 13904 complete and 0 interrupted iterations
peak_restaurant_view   [  97% ] 300/300 VUs  12m40.0s/13m0s  302.26 iters/s

running (12m43.0s), 300/300 VUs, 13930 complete and 0 interrupted iterations
peak_restaurant_view   [  98% ] 300/300 VUs  12m41.0s/13m0s  303.15 iters/s

running (12m44.0s), 300/300 VUs, 13955 complete and 0 interrupted iterations
peak_restaurant_view   [  98% ] 300/300 VUs  12m42.0s/13m0s  304.04 iters/s

running (12m45.0s), 300/300 VUs, 13973 complete and 0 interrupted iterations
peak_restaurant_view   [  98% ] 300/300 VUs  12m43.0s/13m0s  304.93 iters/s

running (12m46.0s), 300/300 VUs, 13992 complete and 0 interrupted iterations
peak_restaurant_view   [  98% ] 300/300 VUs  12m44.0s/13m0s  305.81 iters/s

running (12m47.0s), 300/300 VUs, 14002 complete and 0 interrupted iterations
peak_restaurant_view   [  98% ] 300/300 VUs  12m45.0s/13m0s  306.70 iters/s

running (12m48.0s), 300/300 VUs, 14021 complete and 0 interrupted iterations
peak_restaurant_view   [  98% ] 300/300 VUs  12m46.0s/13m0s  307.59 iters/s

running (12m49.0s), 300/300 VUs, 14044 complete and 0 interrupted iterations
peak_restaurant_view   [  98% ] 300/300 VUs  12m47.0s/13m0s  308.48 iters/s

running (12m50.0s), 300/300 VUs, 14071 complete and 0 interrupted iterations
peak_restaurant_view   [  98% ] 300/300 VUs  12m48.0s/13m0s  309.37 iters/s

running (12m51.0s), 300/300 VUs, 14097 complete and 0 interrupted iterations
peak_restaurant_view   [  99% ] 300/300 VUs  12m49.0s/13m0s  310.26 iters/s

running (12m52.0s), 300/300 VUs, 14120 complete and 0 interrupted iterations
peak_restaurant_view   [  99% ] 300/300 VUs  12m50.0s/13m0s  311.15 iters/s

running (12m53.0s), 300/300 VUs, 14143 complete and 0 interrupted iterations
peak_restaurant_view   [  99% ] 300/300 VUs  12m51.0s/13m0s  312.04 iters/s

running (12m54.0s), 300/300 VUs, 14172 complete and 0 interrupted iterations
peak_restaurant_view   [  99% ] 300/300 VUs  12m52.0s/13m0s  312.93 iters/s

running (12m55.0s), 300/300 VUs, 14199 complete and 0 interrupted iterations
peak_restaurant_view   [  99% ] 300/300 VUs  12m53.0s/13m0s  313.82 iters/s

running (12m56.0s), 300/300 VUs, 14224 complete and 0 interrupted iterations
peak_restaurant_view   [  99% ] 300/300 VUs  12m54.0s/13m0s  314.70 iters/s

running (12m57.0s), 300/300 VUs, 14248 complete and 0 interrupted iterations
peak_restaurant_view   [  99% ] 300/300 VUs  12m55.0s/13m0s  315.59 iters/s

running (12m58.0s), 300/300 VUs, 14274 complete and 0 interrupted iterations
peak_restaurant_view   [  99% ] 300/300 VUs  12m56.0s/13m0s  316.48 iters/s

running (12m59.0s), 300/300 VUs, 14299 complete and 0 interrupted iterations
peak_restaurant_view   [ 100% ] 300/300 VUs  12m57.0s/13m0s  317.37 iters/s

running (13m00.0s), 300/300 VUs, 14324 complete and 0 interrupted iterations
peak_restaurant_view   [ 100% ] 300/300 VUs  12m58.0s/13m0s  318.26 iters/s

running (13m01.0s), 300/300 VUs, 14348 complete and 0 interrupted iterations
peak_restaurant_view   [ 100% ] 300/300 VUs  12m59.0s/13m0s  319.15 iters/s

running (13m02.0s), 298/300 VUs, 14372 complete and 0 interrupted iterations
peak_restaurant_view ↓ [ 100% ] 300/300 VUs  13m0s  320.00 iters/s

running (13m03.0s), 273/300 VUs, 14397 complete and 0 interrupted iterations
peak_restaurant_view ↓ [ 100% ] 300/300 VUs  13m0s  320.00 iters/s

running (13m04.0s), 248/300 VUs, 14422 complete and 0 interrupted iterations
peak_restaurant_view ↓ [ 100% ] 300/300 VUs  13m0s  320.00 iters/s

running (13m05.0s), 221/300 VUs, 14449 complete and 0 interrupted iterations
peak_restaurant_view ↓ [ 100% ] 300/300 VUs  13m0s  320.00 iters/s

running (13m06.0s), 195/300 VUs, 14475 complete and 0 interrupted iterations
peak_restaurant_view ↓ [ 100% ] 300/300 VUs  13m0s  320.00 iters/s

running (13m07.0s), 170/300 VUs, 14500 complete and 0 interrupted iterations
peak_restaurant_view ↓ [ 100% ] 300/300 VUs  13m0s  320.00 iters/s

running (13m08.0s), 143/300 VUs, 14527 complete and 0 interrupted iterations
peak_restaurant_view ↓ [ 100% ] 300/300 VUs  13m0s  320.00 iters/s

running (13m09.0s), 118/300 VUs, 14552 complete and 0 interrupted iterations
peak_restaurant_view ↓ [ 100% ] 300/300 VUs  13m0s  320.00 iters/s

running (13m10.0s), 093/300 VUs, 14577 complete and 0 interrupted iterations
peak_restaurant_view ↓ [ 100% ] 300/300 VUs  13m0s  320.00 iters/s

running (13m11.0s), 067/300 VUs, 14603 complete and 0 interrupted iterations
peak_restaurant_view ↓ [ 100% ] 300/300 VUs  13m0s  320.00 iters/s

running (13m12.0s), 039/300 VUs, 14631 complete and 0 interrupted iterations
peak_restaurant_view ↓ [ 100% ] 300/300 VUs  13m0s  320.00 iters/s


  █ TOTAL RESULTS 

    checks_total.......: 58680  74.002596/s
    checks_succeeded...: 99.73% 58522 out of 58680
    checks_failed......: 0.26%  158 out of 58680

    ✗ peak_restaurant_detail status is 200
      ↳  99% — ✓ 14629 / ✗ 41
    ✗ peak_restaurant_detail body.success is true
      ↳  99% — ✓ 14629 / ✗ 41
    ✗ peak_dining_sessions status is 200
      ↳  99% — ✓ 14632 / ✗ 38
    ✗ peak_dining_sessions body.success is true
      ↳  99% — ✓ 14632 / ✗ 38

    HTTP
    http_req_duration..............: avg=7.82s  min=17.91ms med=6.27s  max=37.59s p(90)=15.61s p(95)=19.2s  p(99)=26.85s
      { expected_response:true }...: avg=7.75s  min=17.91ms med=6.26s  max=37.59s p(90)=15.51s p(95)=19.01s p(99)=26.04s
    http_req_failed................: 0.26%  79 out of 29345
    http_reqs......................: 29345  37.007604/s

    EXECUTION
    dropped_iterations.............: 67529  85.162258/s
    iteration_duration.............: avg=15.66s min=3.37s   med=14.07s max=1m5s   p(90)=27.17s p(95)=32.09s p(99)=41.96s
    iterations.....................: 14670  18.500649/s
    vus............................: 39     min=0           max=300
    vus_max........................: 300    min=50          max=300

    NETWORK
    data_received..................: 280 MB 354 kB/s
    data_sent......................: 3.1 MB 4.0 kB/s




running (13m12.9s), 000/300 VUs, 14670 complete and 0 interrupted iterations
peak_restaurant_view ✓ [ 100% ] 000/300 VUs  13m0s  320.00 iters/s
