
         /\      Grafana   /‾‾/  
    /\  /  \     |\  __   /  /   
   /  \/    \    | |/ /  /   ‾‾\ 
  /          \   |   (  |  (‾)  |
 / __________ \  |_|\_\  \_____/ 


     execution: local
        script: k6/scenarios/peak-restaurant-view.js
        output: -

     scenarios: (100.00%) 1 scenario, 300 max VUs, 13m30s max duration (incl. graceful stop):
              * peak_restaurant_view: Up to 320.00 iterations/s for 13m0s over 5 stages (maxVUs: 50-300, gracefulStop: 30s)


running (00m01.0s), 004/050 VUs, 5 complete and 0 interrupted iterations
peak_restaurant_view   [   0% ] 004/050 VUs  00m00.5s/13m0s  020.00 iters/s

running (00m02.0s), 004/050 VUs, 25 complete and 0 interrupted iterations
peak_restaurant_view   [   0% ] 004/050 VUs  00m01.5s/13m0s  020.00 iters/s

running (00m03.0s), 006/050 VUs, 43 complete and 0 interrupted iterations
peak_restaurant_view   [   0% ] 006/050 VUs  00m02.5s/13m0s  020.00 iters/s

running (00m04.0s), 004/050 VUs, 65 complete and 0 interrupted iterations
peak_restaurant_view   [   0% ] 004/050 VUs  00m03.5s/13m0s  020.00 iters/s

running (00m05.0s), 004/050 VUs, 85 complete and 0 interrupted iterations
peak_restaurant_view   [   1% ] 004/050 VUs  00m04.5s/13m0s  020.00 iters/s

running (00m06.0s), 004/050 VUs, 105 complete and 0 interrupted iterations
peak_restaurant_view   [   1% ] 004/050 VUs  00m05.5s/13m0s  020.00 iters/s

running (00m07.0s), 004/050 VUs, 125 complete and 0 interrupted iterations
peak_restaurant_view   [   1% ] 004/050 VUs  00m06.5s/13m0s  020.00 iters/s

running (00m08.0s), 004/050 VUs, 145 complete and 0 interrupted iterations
peak_restaurant_view   [   1% ] 004/050 VUs  00m07.5s/13m0s  020.00 iters/s

running (00m09.0s), 004/050 VUs, 165 complete and 0 interrupted iterations
peak_restaurant_view   [   1% ] 004/050 VUs  00m08.5s/13m0s  020.00 iters/s

running (00m10.0s), 004/050 VUs, 185 complete and 0 interrupted iterations
peak_restaurant_view   [   1% ] 004/050 VUs  00m09.5s/13m0s  020.00 iters/s

running (00m11.0s), 004/050 VUs, 205 complete and 0 interrupted iterations
peak_restaurant_view   [   1% ] 004/050 VUs  00m10.5s/13m0s  020.00 iters/s

running (00m12.0s), 004/050 VUs, 225 complete and 0 interrupted iterations
peak_restaurant_view   [   1% ] 004/050 VUs  00m11.5s/13m0s  020.00 iters/s

running (00m13.0s), 004/050 VUs, 245 complete and 0 interrupted iterations
peak_restaurant_view   [   2% ] 004/050 VUs  00m12.5s/13m0s  020.00 iters/s

running (00m14.0s), 004/050 VUs, 265 complete and 0 interrupted iterations
peak_restaurant_view   [   2% ] 004/050 VUs  00m13.5s/13m0s  020.00 iters/s

running (00m15.0s), 004/050 VUs, 285 complete and 0 interrupted iterations
peak_restaurant_view   [   2% ] 004/050 VUs  00m14.5s/13m0s  020.00 iters/s

running (00m16.0s), 010/050 VUs, 299 complete and 0 interrupted iterations
peak_restaurant_view   [   2% ] 010/050 VUs  00m15.5s/13m0s  020.00 iters/s

running (00m17.0s), 017/050 VUs, 312 complete and 0 interrupted iterations
peak_restaurant_view   [   2% ] 017/050 VUs  00m16.5s/13m0s  020.00 iters/s

running (00m18.0s), 030/050 VUs, 319 complete and 0 interrupted iterations
peak_restaurant_view   [   2% ] 030/050 VUs  00m17.5s/13m0s  020.00 iters/s

running (00m19.0s), 045/050 VUs, 324 complete and 0 interrupted iterations
peak_restaurant_view   [   2% ] 045/050 VUs  00m18.5s/13m0s  020.00 iters/s

running (00m20.0s), 038/050 VUs, 351 complete and 0 interrupted iterations
peak_restaurant_view   [   2% ] 038/050 VUs  00m19.5s/13m0s  020.00 iters/s

running (00m21.0s), 028/050 VUs, 381 complete and 0 interrupted iterations
peak_restaurant_view   [   3% ] 028/050 VUs  00m20.5s/13m0s  020.00 iters/s

running (00m22.0s), 018/050 VUs, 411 complete and 0 interrupted iterations
peak_restaurant_view   [   3% ] 018/050 VUs  00m21.5s/13m0s  020.00 iters/s

running (00m23.0s), 014/050 VUs, 435 complete and 0 interrupted iterations
peak_restaurant_view   [   3% ] 014/050 VUs  00m22.5s/13m0s  020.00 iters/s

running (00m24.0s), 005/050 VUs, 464 complete and 0 interrupted iterations
peak_restaurant_view   [   3% ] 005/050 VUs  00m23.5s/13m0s  020.00 iters/s

running (00m25.0s), 004/050 VUs, 485 complete and 0 interrupted iterations
peak_restaurant_view   [   3% ] 004/050 VUs  00m24.5s/13m0s  020.00 iters/s

running (00m26.0s), 004/050 VUs, 505 complete and 0 interrupted iterations
peak_restaurant_view   [   3% ] 004/050 VUs  00m25.5s/13m0s  020.00 iters/s

running (00m27.0s), 004/050 VUs, 525 complete and 0 interrupted iterations
peak_restaurant_view   [   3% ] 004/050 VUs  00m26.5s/13m0s  020.00 iters/s

running (00m28.0s), 004/050 VUs, 545 complete and 0 interrupted iterations
peak_restaurant_view   [   4% ] 004/050 VUs  00m27.5s/13m0s  020.00 iters/s

running (00m29.0s), 005/050 VUs, 564 complete and 0 interrupted iterations
peak_restaurant_view   [   4% ] 005/050 VUs  00m28.5s/13m0s  020.00 iters/s

running (00m30.0s), 005/050 VUs, 584 complete and 0 interrupted iterations
peak_restaurant_view   [   4% ] 005/050 VUs  00m29.5s/13m0s  020.00 iters/s

running (00m31.0s), 004/050 VUs, 605 complete and 0 interrupted iterations
peak_restaurant_view   [   4% ] 004/050 VUs  00m30.5s/13m0s  020.00 iters/s

running (00m32.0s), 004/050 VUs, 625 complete and 0 interrupted iterations
peak_restaurant_view   [   4% ] 004/050 VUs  00m31.5s/13m0s  020.00 iters/s

running (00m33.0s), 005/050 VUs, 644 complete and 0 interrupted iterations
peak_restaurant_view   [   4% ] 005/050 VUs  00m32.5s/13m0s  020.00 iters/s

running (00m34.0s), 004/050 VUs, 665 complete and 0 interrupted iterations
peak_restaurant_view   [   4% ] 004/050 VUs  00m33.5s/13m0s  020.00 iters/s

running (00m35.0s), 003/050 VUs, 686 complete and 0 interrupted iterations
peak_restaurant_view   [   4% ] 003/050 VUs  00m34.5s/13m0s  020.00 iters/s

running (00m36.0s), 003/050 VUs, 706 complete and 0 interrupted iterations
peak_restaurant_view   [   5% ] 003/050 VUs  00m35.5s/13m0s  020.00 iters/s

running (00m37.0s), 004/050 VUs, 725 complete and 0 interrupted iterations
peak_restaurant_view   [   5% ] 004/050 VUs  00m36.5s/13m0s  020.00 iters/s

running (00m38.0s), 004/050 VUs, 745 complete and 0 interrupted iterations
peak_restaurant_view   [   5% ] 004/050 VUs  00m37.5s/13m0s  020.00 iters/s

running (00m39.0s), 004/050 VUs, 765 complete and 0 interrupted iterations
peak_restaurant_view   [   5% ] 004/050 VUs  00m38.5s/13m0s  020.00 iters/s

running (00m40.0s), 004/050 VUs, 785 complete and 0 interrupted iterations
peak_restaurant_view   [   5% ] 004/050 VUs  00m39.5s/13m0s  020.00 iters/s

running (00m41.0s), 008/050 VUs, 801 complete and 0 interrupted iterations
peak_restaurant_view   [   5% ] 008/050 VUs  00m40.5s/13m0s  020.00 iters/s

running (00m42.0s), 004/050 VUs, 825 complete and 0 interrupted iterations
peak_restaurant_view   [   5% ] 004/050 VUs  00m41.5s/13m0s  020.00 iters/s

running (00m43.0s), 004/050 VUs, 845 complete and 0 interrupted iterations
peak_restaurant_view   [   5% ] 004/050 VUs  00m42.5s/13m0s  020.00 iters/s

running (00m44.0s), 003/050 VUs, 866 complete and 0 interrupted iterations
peak_restaurant_view   [   6% ] 003/050 VUs  00m43.5s/13m0s  020.00 iters/s

running (00m45.0s), 004/050 VUs, 885 complete and 0 interrupted iterations
peak_restaurant_view   [   6% ] 004/050 VUs  00m44.5s/13m0s  020.00 iters/s

running (00m46.0s), 004/050 VUs, 905 complete and 0 interrupted iterations
peak_restaurant_view   [   6% ] 004/050 VUs  00m45.5s/13m0s  020.00 iters/s

running (00m47.0s), 004/050 VUs, 925 complete and 0 interrupted iterations
peak_restaurant_view   [   6% ] 004/050 VUs  00m46.5s/13m0s  020.00 iters/s

running (00m48.0s), 006/050 VUs, 943 complete and 0 interrupted iterations
peak_restaurant_view   [   6% ] 006/050 VUs  00m47.5s/13m0s  020.00 iters/s

running (00m49.0s), 004/050 VUs, 965 complete and 0 interrupted iterations
peak_restaurant_view   [   6% ] 004/050 VUs  00m48.5s/13m0s  020.00 iters/s

running (00m50.0s), 005/050 VUs, 984 complete and 0 interrupted iterations
peak_restaurant_view   [   6% ] 005/050 VUs  00m49.5s/13m0s  020.00 iters/s

running (00m51.0s), 003/050 VUs, 1006 complete and 0 interrupted iterations
peak_restaurant_view   [   6% ] 003/050 VUs  00m50.5s/13m0s  020.00 iters/s

running (00m52.0s), 004/050 VUs, 1025 complete and 0 interrupted iterations
peak_restaurant_view   [   7% ] 004/050 VUs  00m51.5s/13m0s  020.00 iters/s

running (00m53.0s), 004/050 VUs, 1045 complete and 0 interrupted iterations
peak_restaurant_view   [   7% ] 004/050 VUs  00m52.5s/13m0s  020.00 iters/s

running (00m54.0s), 004/050 VUs, 1065 complete and 0 interrupted iterations
peak_restaurant_view   [   7% ] 004/050 VUs  00m53.5s/13m0s  020.00 iters/s

running (00m55.0s), 004/050 VUs, 1085 complete and 0 interrupted iterations
peak_restaurant_view   [   7% ] 004/050 VUs  00m54.5s/13m0s  020.00 iters/s

running (00m56.0s), 005/050 VUs, 1104 complete and 0 interrupted iterations
peak_restaurant_view   [   7% ] 005/050 VUs  00m55.5s/13m0s  020.00 iters/s

running (00m57.0s), 004/050 VUs, 1125 complete and 0 interrupted iterations
peak_restaurant_view   [   7% ] 004/050 VUs  00m56.5s/13m0s  020.00 iters/s

running (00m58.0s), 004/050 VUs, 1145 complete and 0 interrupted iterations
peak_restaurant_view   [   7% ] 004/050 VUs  00m57.5s/13m0s  020.00 iters/s

running (00m59.0s), 004/050 VUs, 1165 complete and 0 interrupted iterations
peak_restaurant_view   [   7% ] 004/050 VUs  00m58.5s/13m0s  020.00 iters/s

running (01m00.0s), 004/050 VUs, 1185 complete and 0 interrupted iterations
peak_restaurant_view   [   8% ] 004/050 VUs  00m59.5s/13m0s  020.00 iters/s

running (01m01.0s), 005/050 VUs, 1204 complete and 0 interrupted iterations
peak_restaurant_view   [   8% ] 005/050 VUs  01m00.5s/13m0s  020.05 iters/s

running (01m02.0s), 004/050 VUs, 1225 complete and 0 interrupted iterations
peak_restaurant_view   [   8% ] 004/050 VUs  01m01.5s/13m0s  020.16 iters/s

running (01m03.0s), 006/050 VUs, 1244 complete and 0 interrupted iterations
peak_restaurant_view   [   8% ] 006/050 VUs  01m02.5s/13m0s  020.28 iters/s

running (01m04.0s), 004/050 VUs, 1266 complete and 0 interrupted iterations
peak_restaurant_view   [   8% ] 004/050 VUs  01m03.5s/13m0s  020.39 iters/s

running (01m05.0s), 005/050 VUs, 1286 complete and 0 interrupted iterations
peak_restaurant_view   [   8% ] 005/050 VUs  01m04.5s/13m0s  020.50 iters/s

running (01m06.0s), 006/050 VUs, 1305 complete and 0 interrupted iterations
peak_restaurant_view   [   8% ] 006/050 VUs  01m05.5s/13m0s  020.61 iters/s

running (01m07.0s), 004/050 VUs, 1328 complete and 0 interrupted iterations
peak_restaurant_view   [   9% ] 004/050 VUs  01m06.5s/13m0s  020.72 iters/s

running (01m08.0s), 005/050 VUs, 1348 complete and 0 interrupted iterations
peak_restaurant_view   [   9% ] 005/050 VUs  01m07.5s/13m0s  020.84 iters/s

running (01m09.0s), 004/050 VUs, 1369 complete and 0 interrupted iterations
peak_restaurant_view   [   9% ] 004/050 VUs  01m08.5s/13m0s  020.94 iters/s

running (01m10.0s), 004/050 VUs, 1390 complete and 0 interrupted iterations
peak_restaurant_view   [   9% ] 004/050 VUs  01m09.5s/13m0s  021.05 iters/s

running (01m11.0s), 005/050 VUs, 1411 complete and 0 interrupted iterations
peak_restaurant_view   [   9% ] 005/050 VUs  01m10.5s/13m0s  021.17 iters/s

running (01m12.0s), 005/050 VUs, 1432 complete and 0 interrupted iterations
peak_restaurant_view   [   9% ] 005/050 VUs  01m11.5s/13m0s  021.28 iters/s

running (01m13.0s), 006/050 VUs, 1452 complete and 0 interrupted iterations
peak_restaurant_view   [   9% ] 006/050 VUs  01m12.5s/13m0s  021.39 iters/s

running (01m14.0s), 005/050 VUs, 1475 complete and 0 interrupted iterations
peak_restaurant_view   [   9% ] 005/050 VUs  01m13.5s/13m0s  021.50 iters/s

running (01m15.0s), 005/050 VUs, 1496 complete and 0 interrupted iterations
peak_restaurant_view   [  10% ] 005/050 VUs  01m14.5s/13m0s  021.61 iters/s

running (01m16.0s), 011/050 VUs, 1512 complete and 0 interrupted iterations
peak_restaurant_view   [  10% ] 011/050 VUs  01m15.5s/13m0s  021.72 iters/s

running (01m17.0s), 015/050 VUs, 1529 complete and 0 interrupted iterations
peak_restaurant_view   [  10% ] 015/050 VUs  01m16.5s/13m0s  021.84 iters/s

running (01m18.0s), 022/050 VUs, 1544 complete and 0 interrupted iterations
peak_restaurant_view   [  10% ] 022/050 VUs  01m17.5s/13m0s  021.94 iters/s

running (01m19.0s), 019/050 VUs, 1569 complete and 0 interrupted iterations
peak_restaurant_view   [  10% ] 019/050 VUs  01m18.5s/13m0s  022.05 iters/s

running (01m20.0s), 013/050 VUs, 1598 complete and 0 interrupted iterations
peak_restaurant_view   [  10% ] 013/050 VUs  01m19.5s/13m0s  022.17 iters/s

running (01m21.0s), 007/050 VUs, 1626 complete and 0 interrupted iterations
peak_restaurant_view   [  10% ] 007/050 VUs  01m20.5s/13m0s  022.28 iters/s

running (01m22.0s), 005/050 VUs, 1650 complete and 0 interrupted iterations
peak_restaurant_view   [  10% ] 005/050 VUs  01m21.5s/13m0s  022.39 iters/s

running (01m23.0s), 005/050 VUs, 1672 complete and 0 interrupted iterations
peak_restaurant_view   [  11% ] 005/050 VUs  01m22.5s/13m0s  022.50 iters/s

running (01m24.0s), 005/050 VUs, 1695 complete and 0 interrupted iterations
peak_restaurant_view   [  11% ] 005/050 VUs  01m23.5s/13m0s  022.61 iters/s

running (01m25.0s), 006/050 VUs, 1717 complete and 0 interrupted iterations
peak_restaurant_view   [  11% ] 006/050 VUs  01m24.5s/13m0s  022.72 iters/s

running (01m26.0s), 005/050 VUs, 1741 complete and 0 interrupted iterations
peak_restaurant_view   [  11% ] 005/050 VUs  01m25.5s/13m0s  022.84 iters/s

running (01m27.0s), 005/050 VUs, 1763 complete and 0 interrupted iterations
peak_restaurant_view   [  11% ] 005/050 VUs  01m26.5s/13m0s  022.94 iters/s

running (01m28.0s), 005/050 VUs, 1786 complete and 0 interrupted iterations
peak_restaurant_view   [  11% ] 005/050 VUs  01m27.5s/13m0s  023.05 iters/s

running (01m29.0s), 006/050 VUs, 1809 complete and 0 interrupted iterations
peak_restaurant_view   [  11% ] 006/050 VUs  01m28.5s/13m0s  023.17 iters/s

running (01m30.0s), 005/050 VUs, 1833 complete and 0 interrupted iterations
peak_restaurant_view   [  11% ] 005/050 VUs  01m29.5s/13m0s  023.28 iters/s

running (01m31.0s), 005/050 VUs, 1856 complete and 0 interrupted iterations
peak_restaurant_view   [  12% ] 005/050 VUs  01m30.5s/13m0s  023.39 iters/s

running (01m32.0s), 006/050 VUs, 1879 complete and 0 interrupted iterations
peak_restaurant_view   [  12% ] 006/050 VUs  01m31.5s/13m0s  023.50 iters/s

running (01m33.0s), 009/050 VUs, 1899 complete and 0 interrupted iterations
peak_restaurant_view   [  12% ] 009/050 VUs  01m32.5s/13m0s  023.61 iters/s

running (01m34.0s), 007/050 VUs, 1925 complete and 0 interrupted iterations
peak_restaurant_view   [  12% ] 007/050 VUs  01m33.5s/13m0s  023.72 iters/s

running (01m35.0s), 007/050 VUs, 1949 complete and 0 interrupted iterations
peak_restaurant_view   [  12% ] 007/050 VUs  01m34.5s/13m0s  023.84 iters/s

running (01m36.0s), 005/050 VUs, 1974 complete and 0 interrupted iterations
peak_restaurant_view   [  12% ] 005/050 VUs  01m35.5s/13m0s  023.94 iters/s

running (01m37.0s), 006/050 VUs, 1997 complete and 0 interrupted iterations
peak_restaurant_view   [  12% ] 006/050 VUs  01m36.5s/13m0s  024.05 iters/s

running (01m38.0s), 006/050 VUs, 2022 complete and 0 interrupted iterations
peak_restaurant_view   [  12% ] 006/050 VUs  01m37.5s/13m0s  024.17 iters/s

running (01m39.0s), 007/050 VUs, 2045 complete and 0 interrupted iterations
peak_restaurant_view   [  13% ] 007/050 VUs  01m38.5s/13m0s  024.28 iters/s

running (01m40.0s), 006/050 VUs, 2070 complete and 0 interrupted iterations
peak_restaurant_view   [  13% ] 006/050 VUs  01m39.5s/13m0s  024.39 iters/s

running (01m41.0s), 007/050 VUs, 2094 complete and 0 interrupted iterations
peak_restaurant_view   [  13% ] 007/050 VUs  01m40.5s/13m0s  024.50 iters/s

running (01m42.0s), 005/050 VUs, 2120 complete and 0 interrupted iterations
peak_restaurant_view   [  13% ] 005/050 VUs  01m41.5s/13m0s  024.61 iters/s

running (01m43.0s), 006/050 VUs, 2144 complete and 0 interrupted iterations
peak_restaurant_view   [  13% ] 006/050 VUs  01m42.5s/13m0s  024.72 iters/s

running (01m44.0s), 006/050 VUs, 2168 complete and 0 interrupted iterations
peak_restaurant_view   [  13% ] 006/050 VUs  01m43.5s/13m0s  024.83 iters/s

running (01m45.0s), 007/050 VUs, 2192 complete and 0 interrupted iterations
peak_restaurant_view   [  13% ] 007/050 VUs  01m44.5s/13m0s  024.94 iters/s

running (01m46.0s), 009/050 VUs, 2215 complete and 0 interrupted iterations
peak_restaurant_view   [  14% ] 009/050 VUs  01m45.5s/13m0s  025.05 iters/s

running (01m47.0s), 007/050 VUs, 2242 complete and 0 interrupted iterations
peak_restaurant_view   [  14% ] 007/050 VUs  01m46.5s/13m0s  025.16 iters/s

running (01m48.0s), 015/050 VUs, 2260 complete and 0 interrupted iterations
peak_restaurant_view   [  14% ] 015/050 VUs  01m47.5s/13m0s  025.28 iters/s

running (01m49.0s), 011/050 VUs, 2289 complete and 0 interrupted iterations
peak_restaurant_view   [  14% ] 011/050 VUs  01m48.5s/13m0s  025.39 iters/s

running (01m50.0s), 010/050 VUs, 2316 complete and 0 interrupted iterations
peak_restaurant_view   [  14% ] 010/050 VUs  01m49.5s/13m0s  025.50 iters/s

running (01m51.0s), 007/050 VUs, 2344 complete and 0 interrupted iterations
peak_restaurant_view   [  14% ] 007/050 VUs  01m50.5s/13m0s  025.61 iters/s

running (01m52.0s), 007/050 VUs, 2370 complete and 0 interrupted iterations
peak_restaurant_view   [  14% ] 007/050 VUs  01m51.5s/13m0s  025.72 iters/s

running (01m53.0s), 007/050 VUs, 2395 complete and 0 interrupted iterations
peak_restaurant_view   [  14% ] 007/050 VUs  01m52.5s/13m0s  025.83 iters/s

running (01m54.0s), 007/050 VUs, 2421 complete and 0 interrupted iterations
peak_restaurant_view   [  15% ] 007/050 VUs  01m53.5s/13m0s  025.94 iters/s

running (01m55.0s), 009/050 VUs, 2445 complete and 0 interrupted iterations
peak_restaurant_view   [  15% ] 009/050 VUs  01m54.5s/13m0s  026.05 iters/s

running (01m56.0s), 007/050 VUs, 2473 complete and 0 interrupted iterations
peak_restaurant_view   [  15% ] 007/050 VUs  01m55.5s/13m0s  026.16 iters/s

running (01m57.0s), 008/050 VUs, 2499 complete and 0 interrupted iterations
peak_restaurant_view   [  15% ] 008/050 VUs  01m56.5s/13m0s  026.28 iters/s

running (01m58.0s), 007/050 VUs, 2526 complete and 0 interrupted iterations
peak_restaurant_view   [  15% ] 007/050 VUs  01m57.5s/13m0s  026.39 iters/s

running (01m59.0s), 006/050 VUs, 2553 complete and 0 interrupted iterations
peak_restaurant_view   [  15% ] 006/050 VUs  01m58.5s/13m0s  026.50 iters/s

running (02m00.0s), 008/050 VUs, 2578 complete and 0 interrupted iterations
peak_restaurant_view   [  15% ] 008/050 VUs  01m59.5s/13m0s  026.61 iters/s

running (02m01.0s), 010/050 VUs, 2603 complete and 0 interrupted iterations
peak_restaurant_view   [  15% ] 010/050 VUs  02m00.5s/13m0s  026.72 iters/s

running (02m02.0s), 010/050 VUs, 2629 complete and 0 interrupted iterations
peak_restaurant_view   [  16% ] 010/050 VUs  02m01.5s/13m0s  026.83 iters/s

running (02m03.0s), 019/050 VUs, 2647 complete and 0 interrupted iterations
peak_restaurant_view   [  16% ] 019/050 VUs  02m02.5s/13m0s  026.94 iters/s

running (02m04.0s), 021/050 VUs, 2672 complete and 0 interrupted iterations
peak_restaurant_view   [  16% ] 021/050 VUs  02m03.5s/13m0s  027.05 iters/s

running (02m05.0s), 020/050 VUs, 2701 complete and 0 interrupted iterations
peak_restaurant_view   [  16% ] 020/050 VUs  02m04.5s/13m0s  027.17 iters/s

running (02m06.0s), 019/050 VUs, 2729 complete and 0 interrupted iterations
peak_restaurant_view   [  16% ] 019/050 VUs  02m05.5s/13m0s  027.28 iters/s

running (02m07.0s), 016/050 VUs, 2759 complete and 0 interrupted iterations
peak_restaurant_view   [  16% ] 016/050 VUs  02m06.5s/13m0s  027.39 iters/s

running (02m08.0s), 016/050 VUs, 2786 complete and 0 interrupted iterations
peak_restaurant_view   [  16% ] 016/050 VUs  02m07.5s/13m0s  027.50 iters/s

running (02m09.0s), 017/050 VUs, 2813 complete and 0 interrupted iterations
peak_restaurant_view   [  16% ] 017/050 VUs  02m08.5s/13m0s  027.61 iters/s

running (02m10.0s), 016/050 VUs, 2842 complete and 0 interrupted iterations
peak_restaurant_view   [  17% ] 016/050 VUs  02m09.5s/13m0s  027.72 iters/s

running (02m11.0s), 014/050 VUs, 2871 complete and 0 interrupted iterations
peak_restaurant_view   [  17% ] 014/050 VUs  02m10.5s/13m0s  027.83 iters/s

running (02m12.0s), 017/050 VUs, 2896 complete and 0 interrupted iterations
peak_restaurant_view   [  17% ] 017/050 VUs  02m11.5s/13m0s  027.94 iters/s

running (02m13.0s), 018/050 VUs, 2923 complete and 0 interrupted iterations
peak_restaurant_view   [  17% ] 018/050 VUs  02m12.5s/13m0s  028.05 iters/s

running (02m14.0s), 018/050 VUs, 2952 complete and 0 interrupted iterations
peak_restaurant_view   [  17% ] 018/050 VUs  02m13.5s/13m0s  028.17 iters/s

running (02m15.0s), 017/050 VUs, 2981 complete and 0 interrupted iterations
peak_restaurant_view   [  17% ] 017/050 VUs  02m14.5s/13m0s  028.28 iters/s

running (02m16.0s), 025/050 VUs, 3001 complete and 0 interrupted iterations
peak_restaurant_view   [  17% ] 025/050 VUs  02m15.5s/13m0s  028.39 iters/s

running (02m17.0s), 032/050 VUs, 3023 complete and 0 interrupted iterations
peak_restaurant_view   [  17% ] 032/050 VUs  02m16.5s/13m0s  028.50 iters/s

running (02m18.0s), 049/050 VUs, 3034 complete and 0 interrupted iterations
peak_restaurant_view   [  18% ] 049/050 VUs  02m17.5s/13m0s  028.61 iters/s

running (02m19.0s), 053/055 VUs, 3054 complete and 0 interrupted iterations
peak_restaurant_view   [  18% ] 053/055 VUs  02m18.5s/13m0s  028.72 iters/s

running (02m20.0s), 053/055 VUs, 3083 complete and 0 interrupted iterations
peak_restaurant_view   [  18% ] 053/055 VUs  02m19.5s/13m0s  028.83 iters/s

running (02m21.0s), 050/056 VUs, 3113 complete and 0 interrupted iterations
peak_restaurant_view   [  18% ] 050/056 VUs  02m20.5s/13m0s  028.94 iters/s

running (02m22.0s), 053/056 VUs, 3139 complete and 0 interrupted iterations
peak_restaurant_view   [  18% ] 053/056 VUs  02m21.5s/13m0s  029.05 iters/s

running (02m23.0s), 056/057 VUs, 3165 complete and 0 interrupted iterations
peak_restaurant_view   [  18% ] 056/057 VUs  02m22.5s/13m0s  029.17 iters/s

running (02m24.0s), 056/058 VUs, 3193 complete and 0 interrupted iterations
peak_restaurant_view   [  18% ] 056/058 VUs  02m23.5s/13m0s  029.28 iters/s

running (02m25.0s), 055/059 VUs, 3222 complete and 0 interrupted iterations
peak_restaurant_view   [  19% ] 055/059 VUs  02m24.5s/13m0s  029.39 iters/s

running (02m26.0s), 058/059 VUs, 3248 complete and 0 interrupted iterations
peak_restaurant_view   [  19% ] 058/059 VUs  02m25.5s/13m0s  029.50 iters/s

running (02m27.0s), 057/060 VUs, 3278 complete and 0 interrupted iterations
peak_restaurant_view   [  19% ] 057/060 VUs  02m26.5s/13m0s  029.61 iters/s

running (02m28.0s), 058/061 VUs, 3306 complete and 0 interrupted iterations
peak_restaurant_view   [  19% ] 058/061 VUs  02m27.5s/13m0s  029.72 iters/s

running (02m29.0s), 058/062 VUs, 3334 complete and 0 interrupted iterations
peak_restaurant_view   [  19% ] 058/062 VUs  02m28.5s/13m0s  029.83 iters/s

running (02m30.0s), 060/063 VUs, 3361 complete and 0 interrupted iterations
peak_restaurant_view   [  19% ] 060/063 VUs  02m29.5s/13m0s  029.94 iters/s

running (02m31.0s), 062/064 VUs, 3388 complete and 0 interrupted iterations
peak_restaurant_view   [  19% ] 062/064 VUs  02m30.5s/13m0s  030.05 iters/s

running (02m32.0s), 062/065 VUs, 3417 complete and 0 interrupted iterations
peak_restaurant_view   [  19% ] 062/065 VUs  02m31.5s/13m0s  030.16 iters/s

running (02m33.0s), 069/069 VUs, 3437 complete and 0 interrupted iterations
peak_restaurant_view   [  20% ] 069/069 VUs  02m32.5s/13m0s  030.28 iters/s

running (02m34.0s), 071/072 VUs, 3462 complete and 0 interrupted iterations
peak_restaurant_view   [  20% ] 071/072 VUs  02m33.5s/13m0s  030.39 iters/s

running (02m35.0s), 072/073 VUs, 3490 complete and 0 interrupted iterations
peak_restaurant_view   [  20% ] 072/073 VUs  02m34.5s/13m0s  030.50 iters/s

running (02m36.0s), 071/075 VUs, 3520 complete and 0 interrupted iterations
peak_restaurant_view   [  20% ] 071/075 VUs  02m35.5s/13m0s  030.61 iters/s

running (02m37.0s), 074/077 VUs, 3546 complete and 0 interrupted iterations
peak_restaurant_view   [  20% ] 074/077 VUs  02m36.5s/13m0s  030.72 iters/s

running (02m38.0s), 077/078 VUs, 3572 complete and 0 interrupted iterations
peak_restaurant_view   [  20% ] 077/078 VUs  02m37.5s/13m0s  030.83 iters/s

running (02m39.0s), 077/079 VUs, 3602 complete and 0 interrupted iterations
peak_restaurant_view   [  20% ] 077/079 VUs  02m38.5s/13m0s  030.94 iters/s

running (02m40.0s), 078/080 VUs, 3631 complete and 0 interrupted iterations
peak_restaurant_view   [  20% ] 078/080 VUs  02m39.5s/13m0s  031.05 iters/s

running (02m41.0s), 082/082 VUs, 3656 complete and 0 interrupted iterations
peak_restaurant_view   [  21% ] 082/082 VUs  02m40.5s/13m0s  031.16 iters/s

running (02m42.0s), 083/084 VUs, 3685 complete and 0 interrupted iterations
peak_restaurant_view   [  21% ] 083/084 VUs  02m41.5s/13m0s  031.28 iters/s

running (02m43.0s), 084/086 VUs, 3713 complete and 0 interrupted iterations
peak_restaurant_view   [  21% ] 084/086 VUs  02m42.5s/13m0s  031.39 iters/s

running (02m44.0s), 086/087 VUs, 3741 complete and 0 interrupted iterations
peak_restaurant_view   [  21% ] 086/087 VUs  02m43.5s/13m0s  031.50 iters/s

running (02m45.0s), 088/090 VUs, 3768 complete and 0 interrupted iterations
peak_restaurant_view   [  21% ] 088/090 VUs  02m44.5s/13m0s  031.61 iters/s

running (02m46.0s), 089/092 VUs, 3797 complete and 0 interrupted iterations
peak_restaurant_view   [  21% ] 089/092 VUs  02m45.5s/13m0s  031.72 iters/s

running (02m47.0s), 089/095 VUs, 3825 complete and 0 interrupted iterations
peak_restaurant_view   [  21% ] 089/095 VUs  02m46.5s/13m0s  031.83 iters/s

running (02m48.0s), 099/099 VUs, 3843 complete and 0 interrupted iterations
peak_restaurant_view   [  21% ] 099/099 VUs  02m47.5s/13m0s  031.94 iters/s

running (02m49.0s), 099/103 VUs, 3871 complete and 0 interrupted iterations
peak_restaurant_view   [  22% ] 099/103 VUs  02m48.5s/13m0s  032.05 iters/s

running (02m50.0s), 103/105 VUs, 3897 complete and 0 interrupted iterations
peak_restaurant_view   [  22% ] 103/105 VUs  02m49.5s/13m0s  032.16 iters/s

running (02m51.0s), 106/107 VUs, 3925 complete and 0 interrupted iterations
peak_restaurant_view   [  22% ] 106/107 VUs  02m50.5s/13m0s  032.28 iters/s

running (02m52.0s), 109/109 VUs, 3952 complete and 0 interrupted iterations
peak_restaurant_view   [  22% ] 109/109 VUs  02m51.5s/13m0s  032.39 iters/s

running (02m53.0s), 110/113 VUs, 3979 complete and 0 interrupted iterations
peak_restaurant_view   [  22% ] 110/113 VUs  02m52.5s/13m0s  032.50 iters/s

running (02m54.0s), 113/115 VUs, 4007 complete and 0 interrupted iterations
peak_restaurant_view   [  22% ] 113/115 VUs  02m53.5s/13m0s  032.61 iters/s

running (02m55.0s), 114/118 VUs, 4036 complete and 0 interrupted iterations
peak_restaurant_view   [  22% ] 114/118 VUs  02m54.5s/13m0s  032.72 iters/s

running (02m56.0s), 120/121 VUs, 4059 complete and 0 interrupted iterations
peak_restaurant_view   [  22% ] 120/121 VUs  02m55.5s/13m0s  032.83 iters/s

running (02m57.0s), 123/123 VUs, 4087 complete and 0 interrupted iterations
peak_restaurant_view   [  23% ] 123/123 VUs  02m56.5s/13m0s  032.94 iters/s

running (02m58.0s), 123/126 VUs, 4117 complete and 0 interrupted iterations
peak_restaurant_view   [  23% ] 123/126 VUs  02m57.5s/13m0s  033.05 iters/s

running (02m59.0s), 125/129 VUs, 4145 complete and 0 interrupted iterations
peak_restaurant_view   [  23% ] 125/129 VUs  02m58.5s/13m0s  033.16 iters/s

running (03m00.0s), 130/132 VUs, 4171 complete and 0 interrupted iterations
peak_restaurant_view   [  23% ] 130/132 VUs  02m59.5s/13m0s  033.28 iters/s

running (03m01.0s), 134/134 VUs, 4198 complete and 0 interrupted iterations
peak_restaurant_view   [  23% ] 134/134 VUs  03m00.5s/13m0s  033.39 iters/s

running (03m02.0s), 135/138 VUs, 4226 complete and 0 interrupted iterations
peak_restaurant_view   [  23% ] 135/138 VUs  03m01.5s/13m0s  033.50 iters/s

running (03m03.0s), 141/143 VUs, 4249 complete and 0 interrupted iterations
peak_restaurant_view   [  23% ] 141/143 VUs  03m02.5s/13m0s  033.61 iters/s

running (03m04.0s), 145/146 VUs, 4276 complete and 0 interrupted iterations
peak_restaurant_view   [  24% ] 145/146 VUs  03m03.5s/13m0s  033.72 iters/s

running (03m05.0s), 147/149 VUs, 4304 complete and 0 interrupted iterations
peak_restaurant_view   [  24% ] 147/149 VUs  03m04.5s/13m0s  033.83 iters/s

running (03m06.0s), 150/153 VUs, 4331 complete and 0 interrupted iterations
peak_restaurant_view   [  24% ] 150/153 VUs  03m05.5s/13m0s  033.94 iters/s

running (03m07.0s), 152/156 VUs, 4360 complete and 0 interrupted iterations
peak_restaurant_view   [  24% ] 152/156 VUs  03m06.5s/13m0s  034.05 iters/s

running (03m08.0s), 155/159 VUs, 4388 complete and 0 interrupted iterations
peak_restaurant_view   [  24% ] 155/159 VUs  03m07.5s/13m0s  034.16 iters/s

running (03m09.0s), 162/163 VUs, 4412 complete and 0 interrupted iterations
peak_restaurant_view   [  24% ] 162/163 VUs  03m08.5s/13m0s  034.28 iters/s

running (03m10.0s), 165/165 VUs, 4441 complete and 0 interrupted iterations
peak_restaurant_view   [  24% ] 165/165 VUs  03m09.5s/13m0s  034.39 iters/s

running (03m11.0s), 166/169 VUs, 4470 complete and 0 interrupted iterations
peak_restaurant_view   [  24% ] 166/169 VUs  03m10.5s/13m0s  034.50 iters/s

running (03m12.0s), 168/173 VUs, 4499 complete and 0 interrupted iterations
peak_restaurant_view   [  25% ] 168/173 VUs  03m11.5s/13m0s  034.61 iters/s

running (03m13.0s), 176/177 VUs, 4522 complete and 0 interrupted iterations
peak_restaurant_view   [  25% ] 176/177 VUs  03m12.5s/13m0s  034.72 iters/s

running (03m14.0s), 179/180 VUs, 4550 complete and 0 interrupted iterations
peak_restaurant_view   [  25% ] 179/180 VUs  03m13.5s/13m0s  034.83 iters/s

running (03m15.0s), 180/184 VUs, 4580 complete and 0 interrupted iterations
peak_restaurant_view   [  25% ] 180/184 VUs  03m14.5s/13m0s  034.94 iters/s

running (03m16.0s), 189/190 VUs, 4600 complete and 0 interrupted iterations
peak_restaurant_view   [  25% ] 189/190 VUs  03m15.5s/13m0s  035.05 iters/s

running (03m17.0s), 196/197 VUs, 4621 complete and 0 interrupted iterations
peak_restaurant_view   [  25% ] 196/197 VUs  03m16.5s/13m0s  035.16 iters/s

running (03m18.0s), 210/211 VUs, 4629 complete and 0 interrupted iterations
peak_restaurant_view   [  25% ] 210/211 VUs  03m17.5s/13m0s  035.28 iters/s

running (03m19.0s), 217/218 VUs, 4650 complete and 0 interrupted iterations
peak_restaurant_view   [  25% ] 217/218 VUs  03m18.5s/13m0s  035.39 iters/s

running (03m20.0s), 220/221 VUs, 4679 complete and 0 interrupted iterations
peak_restaurant_view   [  26% ] 220/221 VUs  03m19.5s/13m0s  035.50 iters/s

running (03m21.0s), 224/226 VUs, 4706 complete and 0 interrupted iterations
peak_restaurant_view   [  26% ] 224/226 VUs  03m20.5s/13m0s  035.61 iters/s

running (03m22.0s), 229/230 VUs, 4733 complete and 0 interrupted iterations
peak_restaurant_view   [  26% ] 229/230 VUs  03m21.5s/13m0s  035.72 iters/s

running (03m23.0s), 232/235 VUs, 4760 complete and 0 interrupted iterations
peak_restaurant_view   [  26% ] 232/235 VUs  03m22.5s/13m0s  035.83 iters/s

running (03m24.0s), 238/238 VUs, 4787 complete and 0 interrupted iterations
peak_restaurant_view   [  26% ] 238/238 VUs  03m23.5s/13m0s  035.94 iters/s

running (03m25.0s), 242/243 VUs, 4814 complete and 0 interrupted iterations
peak_restaurant_view   [  26% ] 242/243 VUs  03m24.5s/13m0s  036.05 iters/s

running (03m26.0s), 244/247 VUs, 4844 complete and 0 interrupted iterations
peak_restaurant_view   [  26% ] 244/247 VUs  03m25.5s/13m0s  036.16 iters/s

running (03m27.0s), 249/251 VUs, 4872 complete and 0 interrupted iterations
peak_restaurant_view   [  26% ] 249/251 VUs  03m26.5s/13m0s  036.28 iters/s

running (03m28.0s), 253/255 VUs, 4900 complete and 0 interrupted iterations
peak_restaurant_view   [  27% ] 253/255 VUs  03m27.5s/13m0s  036.39 iters/s

running (03m29.0s), 258/260 VUs, 4926 complete and 0 interrupted iterations
peak_restaurant_view   [  27% ] 258/260 VUs  03m28.5s/13m0s  036.50 iters/s

running (03m30.0s), 264/264 VUs, 4953 complete and 0 interrupted iterations
peak_restaurant_view   [  27% ] 264/264 VUs  03m29.5s/13m0s  036.61 iters/s

running (03m31.0s), 269/269 VUs, 4980 complete and 0 interrupted iterations
peak_restaurant_view   [  27% ] 269/269 VUs  03m30.5s/13m0s  036.72 iters/s

running (03m32.0s), 271/273 VUs, 5010 complete and 0 interrupted iterations
peak_restaurant_view   [  27% ] 271/273 VUs  03m31.5s/13m0s  036.83 iters/s

running (03m33.0s), 277/280 VUs, 5034 complete and 0 interrupted iterations
peak_restaurant_view   [  27% ] 277/280 VUs  03m32.5s/13m0s  036.94 iters/s

running (03m34.0s), 284/284 VUs, 5060 complete and 0 interrupted iterations
peak_restaurant_view   [  27% ] 284/284 VUs  03m33.5s/13m0s  037.05 iters/s

running (03m35.0s), 286/289 VUs, 5090 complete and 0 interrupted iterations
peak_restaurant_view   [  27% ] 286/289 VUs  03m34.5s/13m0s  037.16 iters/s

running (03m36.0s), 291/294 VUs, 5118 complete and 0 interrupted iterations
peak_restaurant_view   [  28% ] 291/294 VUs  03m35.5s/13m0s  037.28 iters/s

running (03m37.0s), 297/298 VUs, 5145 complete and 0 interrupted iterations
peak_restaurant_view   [  28% ] 297/298 VUs  03m36.5s/13m0s  037.39 iters/s
time="2026-08-12T14:53:21+09:00" level=warning msg="Insufficient VUs, reached 300 active VUs and cannot initialize more" executor=ramping-arrival-rate scenario=peak_restaurant_view

running (03m38.0s), 300/300 VUs, 5170 complete and 0 interrupted iterations
peak_restaurant_view   [  28% ] 300/300 VUs  03m37.5s/13m0s  037.50 iters/s

running (03m39.0s), 300/300 VUs, 5199 complete and 0 interrupted iterations
peak_restaurant_view   [  28% ] 300/300 VUs  03m38.5s/13m0s  037.61 iters/s

running (03m40.0s), 299/300 VUs, 5229 complete and 0 interrupted iterations
peak_restaurant_view   [  28% ] 299/300 VUs  03m39.5s/13m0s  037.72 iters/s

running (03m41.0s), 297/300 VUs, 5257 complete and 0 interrupted iterations
peak_restaurant_view   [  28% ] 297/300 VUs  03m40.5s/13m0s  037.83 iters/s

running (03m42.0s), 300/300 VUs, 5280 complete and 0 interrupted iterations
peak_restaurant_view   [  28% ] 300/300 VUs  03m41.5s/13m0s  037.94 iters/s

running (03m43.0s), 300/300 VUs, 5310 complete and 0 interrupted iterations
peak_restaurant_view   [  29% ] 300/300 VUs  03m42.5s/13m0s  038.05 iters/s

running (03m44.0s), 298/300 VUs, 5340 complete and 0 interrupted iterations
peak_restaurant_view   [  29% ] 298/300 VUs  03m43.5s/13m0s  038.16 iters/s

running (03m45.0s), 299/300 VUs, 5366 complete and 0 interrupted iterations
peak_restaurant_view   [  29% ] 299/300 VUs  03m44.5s/13m0s  038.28 iters/s

running (03m46.0s), 299/300 VUs, 5391 complete and 0 interrupted iterations
peak_restaurant_view   [  29% ] 299/300 VUs  03m45.5s/13m0s  038.39 iters/s

running (03m47.0s), 299/300 VUs, 5420 complete and 0 interrupted iterations
peak_restaurant_view   [  29% ] 299/300 VUs  03m46.5s/13m0s  038.50 iters/s

running (03m48.0s), 299/300 VUs, 5443 complete and 0 interrupted iterations
peak_restaurant_view   [  29% ] 299/300 VUs  03m47.5s/13m0s  038.61 iters/s

running (03m49.0s), 300/300 VUs, 5471 complete and 0 interrupted iterations
peak_restaurant_view   [  29% ] 300/300 VUs  03m48.5s/13m0s  038.72 iters/s

running (03m50.0s), 299/300 VUs, 5500 complete and 0 interrupted iterations
peak_restaurant_view   [  29% ] 299/300 VUs  03m49.5s/13m0s  038.83 iters/s

running (03m51.0s), 299/300 VUs, 5527 complete and 0 interrupted iterations
peak_restaurant_view   [  30% ] 299/300 VUs  03m50.5s/13m0s  038.94 iters/s

running (03m52.0s), 299/300 VUs, 5553 complete and 0 interrupted iterations
peak_restaurant_view   [  30% ] 299/300 VUs  03m51.5s/13m0s  039.05 iters/s

running (03m53.0s), 299/300 VUs, 5582 complete and 0 interrupted iterations
peak_restaurant_view   [  30% ] 299/300 VUs  03m52.5s/13m0s  039.16 iters/s

running (03m54.0s), 300/300 VUs, 5611 complete and 0 interrupted iterations
peak_restaurant_view   [  30% ] 300/300 VUs  03m53.5s/13m0s  039.28 iters/s

running (03m55.0s), 299/300 VUs, 5638 complete and 0 interrupted iterations
peak_restaurant_view   [  30% ] 299/300 VUs  03m54.5s/13m0s  039.39 iters/s

running (03m56.0s), 299/300 VUs, 5664 complete and 0 interrupted iterations
peak_restaurant_view   [  30% ] 299/300 VUs  03m55.5s/13m0s  039.50 iters/s

running (03m57.0s), 300/300 VUs, 5692 complete and 0 interrupted iterations
peak_restaurant_view   [  30% ] 300/300 VUs  03m56.5s/13m0s  039.61 iters/s

running (03m58.0s), 300/300 VUs, 5721 complete and 0 interrupted iterations
peak_restaurant_view   [  30% ] 300/300 VUs  03m57.5s/13m0s  039.72 iters/s

running (03m59.0s), 297/300 VUs, 5750 complete and 0 interrupted iterations
peak_restaurant_view   [  31% ] 297/300 VUs  03m58.5s/13m0s  039.83 iters/s

running (04m00.0s), 299/300 VUs, 5776 complete and 0 interrupted iterations
peak_restaurant_view   [  31% ] 299/300 VUs  03m59.5s/13m0s  039.94 iters/s

running (04m01.0s), 300/300 VUs, 5803 complete and 0 interrupted iterations
peak_restaurant_view   [  31% ] 300/300 VUs  04m00.5s/13m0s  040.11 iters/s

running (04m02.0s), 300/300 VUs, 5827 complete and 0 interrupted iterations
peak_restaurant_view   [  31% ] 300/300 VUs  04m01.5s/13m0s  040.33 iters/s

running (04m03.0s), 300/300 VUs, 5849 complete and 0 interrupted iterations
peak_restaurant_view   [  31% ] 300/300 VUs  04m02.5s/13m0s  040.55 iters/s

running (04m04.0s), 300/300 VUs, 5878 complete and 0 interrupted iterations
peak_restaurant_view   [  31% ] 300/300 VUs  04m03.5s/13m0s  040.78 iters/s

running (04m05.0s), 300/300 VUs, 5908 complete and 0 interrupted iterations
peak_restaurant_view   [  31% ] 300/300 VUs  04m04.5s/13m0s  041.00 iters/s

running (04m06.0s), 299/300 VUs, 5934 complete and 0 interrupted iterations
peak_restaurant_view   [  31% ] 299/300 VUs  04m05.5s/13m0s  041.22 iters/s

running (04m07.0s), 300/300 VUs, 5961 complete and 0 interrupted iterations
peak_restaurant_view   [  32% ] 300/300 VUs  04m06.5s/13m0s  041.44 iters/s

running (04m08.0s), 300/300 VUs, 5989 complete and 0 interrupted iterations
peak_restaurant_view   [  32% ] 300/300 VUs  04m07.5s/13m0s  041.67 iters/s

running (04m09.0s), 300/300 VUs, 6017 complete and 0 interrupted iterations
peak_restaurant_view   [  32% ] 300/300 VUs  04m08.5s/13m0s  041.89 iters/s

running (04m10.0s), 300/300 VUs, 6045 complete and 0 interrupted iterations
peak_restaurant_view   [  32% ] 300/300 VUs  04m09.5s/13m0s  042.11 iters/s

running (04m11.0s), 300/300 VUs, 6074 complete and 0 interrupted iterations
peak_restaurant_view   [  32% ] 300/300 VUs  04m10.5s/13m0s  042.33 iters/s

running (04m12.0s), 300/300 VUs, 6102 complete and 0 interrupted iterations
peak_restaurant_view   [  32% ] 300/300 VUs  04m11.5s/13m0s  042.55 iters/s

running (04m13.0s), 299/300 VUs, 6129 complete and 0 interrupted iterations
peak_restaurant_view   [  32% ] 299/300 VUs  04m12.5s/13m0s  042.78 iters/s

running (04m14.0s), 300/300 VUs, 6158 complete and 0 interrupted iterations
peak_restaurant_view   [  32% ] 300/300 VUs  04m13.5s/13m0s  043.00 iters/s

running (04m15.0s), 300/300 VUs, 6186 complete and 0 interrupted iterations
peak_restaurant_view   [  33% ] 300/300 VUs  04m14.5s/13m0s  043.22 iters/s

running (04m16.0s), 300/300 VUs, 6206 complete and 0 interrupted iterations
peak_restaurant_view   [  33% ] 300/300 VUs  04m15.5s/13m0s  043.44 iters/s

running (04m17.0s), 300/300 VUs, 6228 complete and 0 interrupted iterations
peak_restaurant_view   [  33% ] 300/300 VUs  04m16.5s/13m0s  043.67 iters/s

running (04m18.0s), 300/300 VUs, 6236 complete and 0 interrupted iterations
peak_restaurant_view   [  33% ] 300/300 VUs  04m17.5s/13m0s  043.89 iters/s

running (04m19.0s), 297/300 VUs, 6254 complete and 0 interrupted iterations
peak_restaurant_view   [  33% ] 297/300 VUs  04m18.5s/13m0s  044.11 iters/s

running (04m20.0s), 300/300 VUs, 6279 complete and 0 interrupted iterations
peak_restaurant_view   [  33% ] 300/300 VUs  04m19.5s/13m0s  044.33 iters/s

running (04m21.0s), 299/300 VUs, 6308 complete and 0 interrupted iterations
peak_restaurant_view   [  33% ] 299/300 VUs  04m20.5s/13m0s  044.55 iters/s

running (04m22.0s), 300/300 VUs, 6335 complete and 0 interrupted iterations
peak_restaurant_view   [  34% ] 300/300 VUs  04m21.5s/13m0s  044.78 iters/s

running (04m23.0s), 300/300 VUs, 6365 complete and 0 interrupted iterations
peak_restaurant_view   [  34% ] 300/300 VUs  04m22.5s/13m0s  045.00 iters/s

running (04m24.0s), 300/300 VUs, 6392 complete and 0 interrupted iterations
peak_restaurant_view   [  34% ] 300/300 VUs  04m23.5s/13m0s  045.22 iters/s

running (04m25.0s), 300/300 VUs, 6416 complete and 0 interrupted iterations
peak_restaurant_view   [  34% ] 300/300 VUs  04m24.5s/13m0s  045.44 iters/s

running (04m26.0s), 300/300 VUs, 6444 complete and 0 interrupted iterations
peak_restaurant_view   [  34% ] 300/300 VUs  04m25.5s/13m0s  045.67 iters/s

running (04m27.0s), 299/300 VUs, 6474 complete and 0 interrupted iterations
peak_restaurant_view   [  34% ] 299/300 VUs  04m26.5s/13m0s  045.89 iters/s

running (04m28.0s), 300/300 VUs, 6502 complete and 0 interrupted iterations
peak_restaurant_view   [  34% ] 300/300 VUs  04m27.5s/13m0s  046.11 iters/s

running (04m29.0s), 300/300 VUs, 6530 complete and 0 interrupted iterations
peak_restaurant_view   [  34% ] 300/300 VUs  04m28.5s/13m0s  046.33 iters/s

running (04m30.0s), 299/300 VUs, 6557 complete and 0 interrupted iterations
peak_restaurant_view   [  35% ] 299/300 VUs  04m29.5s/13m0s  046.55 iters/s

running (04m31.0s), 300/300 VUs, 6583 complete and 0 interrupted iterations
peak_restaurant_view   [  35% ] 300/300 VUs  04m30.5s/13m0s  046.78 iters/s

running (04m32.0s), 299/300 VUs, 6609 complete and 0 interrupted iterations
peak_restaurant_view   [  35% ] 299/300 VUs  04m31.5s/13m0s  047.00 iters/s

running (04m33.0s), 300/300 VUs, 6634 complete and 0 interrupted iterations
peak_restaurant_view   [  35% ] 300/300 VUs  04m32.5s/13m0s  047.22 iters/s

running (04m34.0s), 299/300 VUs, 6662 complete and 0 interrupted iterations
peak_restaurant_view   [  35% ] 299/300 VUs  04m33.5s/13m0s  047.44 iters/s

running (04m35.0s), 300/300 VUs, 6685 complete and 0 interrupted iterations
peak_restaurant_view   [  35% ] 300/300 VUs  04m34.5s/13m0s  047.66 iters/s

running (04m36.0s), 298/300 VUs, 6716 complete and 0 interrupted iterations
peak_restaurant_view   [  35% ] 298/300 VUs  04m35.5s/13m0s  047.89 iters/s

running (04m37.0s), 300/300 VUs, 6742 complete and 0 interrupted iterations
peak_restaurant_view   [  35% ] 300/300 VUs  04m36.5s/13m0s  048.11 iters/s

running (04m38.0s), 300/300 VUs, 6772 complete and 0 interrupted iterations
peak_restaurant_view   [  36% ] 300/300 VUs  04m37.5s/13m0s  048.33 iters/s

running (04m39.0s), 299/300 VUs, 6801 complete and 0 interrupted iterations
peak_restaurant_view   [  36% ] 299/300 VUs  04m38.5s/13m0s  048.55 iters/s

running (04m40.0s), 300/300 VUs, 6829 complete and 0 interrupted iterations
peak_restaurant_view   [  36% ] 300/300 VUs  04m39.5s/13m0s  048.78 iters/s

running (04m41.0s), 299/300 VUs, 6857 complete and 0 interrupted iterations
peak_restaurant_view   [  36% ] 299/300 VUs  04m40.5s/13m0s  049.00 iters/s

running (04m42.0s), 300/300 VUs, 6884 complete and 0 interrupted iterations
peak_restaurant_view   [  36% ] 300/300 VUs  04m41.5s/13m0s  049.22 iters/s

running (04m43.0s), 299/300 VUs, 6913 complete and 0 interrupted iterations
peak_restaurant_view   [  36% ] 299/300 VUs  04m42.5s/13m0s  049.44 iters/s

running (04m44.0s), 298/300 VUs, 6942 complete and 0 interrupted iterations
peak_restaurant_view   [  36% ] 298/300 VUs  04m43.5s/13m0s  049.66 iters/s

running (04m45.0s), 300/300 VUs, 6968 complete and 0 interrupted iterations
peak_restaurant_view   [  36% ] 300/300 VUs  04m44.5s/13m0s  049.89 iters/s

running (04m46.0s), 300/300 VUs, 6994 complete and 0 interrupted iterations
peak_restaurant_view   [  37% ] 300/300 VUs  04m45.5s/13m0s  050.11 iters/s

running (04m47.0s), 298/300 VUs, 7022 complete and 0 interrupted iterations
peak_restaurant_view   [  37% ] 298/300 VUs  04m46.5s/13m0s  050.33 iters/s

running (04m48.0s), 299/300 VUs, 7045 complete and 0 interrupted iterations
peak_restaurant_view   [  37% ] 299/300 VUs  04m47.5s/13m0s  050.55 iters/s

running (04m49.0s), 300/300 VUs, 7072 complete and 0 interrupted iterations
peak_restaurant_view   [  37% ] 300/300 VUs  04m48.5s/13m0s  050.78 iters/s

running (04m50.0s), 299/300 VUs, 7101 complete and 0 interrupted iterations
peak_restaurant_view   [  37% ] 299/300 VUs  04m49.5s/13m0s  051.00 iters/s

running (04m51.0s), 300/300 VUs, 7129 complete and 0 interrupted iterations
peak_restaurant_view   [  37% ] 300/300 VUs  04m50.5s/13m0s  051.22 iters/s

running (04m52.0s), 300/300 VUs, 7158 complete and 0 interrupted iterations
peak_restaurant_view   [  37% ] 300/300 VUs  04m51.5s/13m0s  051.44 iters/s

running (04m53.0s), 298/300 VUs, 7184 complete and 0 interrupted iterations
peak_restaurant_view   [  37% ] 298/300 VUs  04m52.5s/13m0s  051.66 iters/s

running (04m54.0s), 299/300 VUs, 7212 complete and 0 interrupted iterations
peak_restaurant_view   [  38% ] 299/300 VUs  04m53.5s/13m0s  051.89 iters/s

running (04m55.0s), 300/300 VUs, 7239 complete and 0 interrupted iterations
peak_restaurant_view   [  38% ] 300/300 VUs  04m54.5s/13m0s  052.11 iters/s

running (04m56.0s), 300/300 VUs, 7267 complete and 0 interrupted iterations
peak_restaurant_view   [  38% ] 300/300 VUs  04m55.5s/13m0s  052.33 iters/s

running (04m57.0s), 299/300 VUs, 7295 complete and 0 interrupted iterations
peak_restaurant_view   [  38% ] 299/300 VUs  04m56.5s/13m0s  052.55 iters/s

running (04m58.0s), 300/300 VUs, 7322 complete and 0 interrupted iterations
peak_restaurant_view   [  38% ] 300/300 VUs  04m57.5s/13m0s  052.78 iters/s

running (04m59.0s), 299/300 VUs, 7349 complete and 0 interrupted iterations
peak_restaurant_view   [  38% ] 299/300 VUs  04m58.5s/13m0s  053.00 iters/s

running (05m00.0s), 300/300 VUs, 7377 complete and 0 interrupted iterations
peak_restaurant_view   [  38% ] 300/300 VUs  04m59.5s/13m0s  053.22 iters/s

running (05m01.0s), 299/300 VUs, 7406 complete and 0 interrupted iterations
peak_restaurant_view   [  39% ] 299/300 VUs  05m00.5s/13m0s  053.44 iters/s

running (05m02.0s), 300/300 VUs, 7433 complete and 0 interrupted iterations
peak_restaurant_view   [  39% ] 300/300 VUs  05m01.5s/13m0s  053.66 iters/s

running (05m03.0s), 300/300 VUs, 7453 complete and 0 interrupted iterations
peak_restaurant_view   [  39% ] 300/300 VUs  05m02.5s/13m0s  053.89 iters/s

running (05m04.0s), 299/300 VUs, 7483 complete and 0 interrupted iterations
peak_restaurant_view   [  39% ] 299/300 VUs  05m03.5s/13m0s  054.11 iters/s

running (05m05.0s), 299/300 VUs, 7509 complete and 0 interrupted iterations
peak_restaurant_view   [  39% ] 299/300 VUs  05m04.5s/13m0s  054.33 iters/s

running (05m06.0s), 300/300 VUs, 7536 complete and 0 interrupted iterations
peak_restaurant_view   [  39% ] 300/300 VUs  05m05.5s/13m0s  054.55 iters/s

running (05m07.0s), 300/300 VUs, 7564 complete and 0 interrupted iterations
peak_restaurant_view   [  39% ] 300/300 VUs  05m06.5s/13m0s  054.78 iters/s

running (05m08.0s), 299/300 VUs, 7592 complete and 0 interrupted iterations
peak_restaurant_view   [  39% ] 299/300 VUs  05m07.5s/13m0s  055.00 iters/s

running (05m09.0s), 300/300 VUs, 7619 complete and 0 interrupted iterations
peak_restaurant_view   [  40% ] 300/300 VUs  05m08.5s/13m0s  055.22 iters/s

running (05m10.0s), 299/300 VUs, 7647 complete and 0 interrupted iterations
peak_restaurant_view   [  40% ] 299/300 VUs  05m09.5s/13m0s  055.44 iters/s

running (05m11.0s), 298/300 VUs, 7674 complete and 0 interrupted iterations
peak_restaurant_view   [  40% ] 298/300 VUs  05m10.5s/13m0s  055.66 iters/s

running (05m12.0s), 299/300 VUs, 7700 complete and 0 interrupted iterations
peak_restaurant_view   [  40% ] 299/300 VUs  05m11.5s/13m0s  055.89 iters/s

running (05m13.0s), 300/300 VUs, 7727 complete and 0 interrupted iterations
peak_restaurant_view   [  40% ] 300/300 VUs  05m12.5s/13m0s  056.11 iters/s

running (05m14.0s), 298/300 VUs, 7756 complete and 0 interrupted iterations
peak_restaurant_view   [  40% ] 298/300 VUs  05m13.5s/13m0s  056.33 iters/s

running (05m15.0s), 299/300 VUs, 7784 complete and 0 interrupted iterations
peak_restaurant_view   [  40% ] 299/300 VUs  05m14.5s/13m0s  056.55 iters/s

running (05m16.0s), 300/300 VUs, 7803 complete and 0 interrupted iterations
peak_restaurant_view   [  40% ] 300/300 VUs  05m15.5s/13m0s  056.78 iters/s

running (05m17.0s), 300/300 VUs, 7825 complete and 0 interrupted iterations
peak_restaurant_view   [  41% ] 300/300 VUs  05m16.5s/13m0s  057.00 iters/s

running (05m18.0s), 300/300 VUs, 7832 complete and 0 interrupted iterations
peak_restaurant_view   [  41% ] 300/300 VUs  05m17.5s/13m0s  057.22 iters/s

running (05m19.0s), 300/300 VUs, 7855 complete and 0 interrupted iterations
peak_restaurant_view   [  41% ] 300/300 VUs  05m18.5s/13m0s  057.44 iters/s

running (05m20.0s), 300/300 VUs, 7883 complete and 0 interrupted iterations
peak_restaurant_view   [  41% ] 300/300 VUs  05m19.5s/13m0s  057.66 iters/s

running (05m21.0s), 298/300 VUs, 7911 complete and 0 interrupted iterations
peak_restaurant_view   [  41% ] 298/300 VUs  05m20.5s/13m0s  057.89 iters/s

running (05m22.0s), 299/300 VUs, 7938 complete and 0 interrupted iterations
peak_restaurant_view   [  41% ] 299/300 VUs  05m21.5s/13m0s  058.11 iters/s

running (05m23.0s), 300/300 VUs, 7965 complete and 0 interrupted iterations
peak_restaurant_view   [  41% ] 300/300 VUs  05m22.5s/13m0s  058.33 iters/s

running (05m24.0s), 300/300 VUs, 7992 complete and 0 interrupted iterations
peak_restaurant_view   [  41% ] 300/300 VUs  05m23.5s/13m0s  058.55 iters/s

running (05m25.0s), 300/300 VUs, 8020 complete and 0 interrupted iterations
peak_restaurant_view   [  42% ] 300/300 VUs  05m24.5s/13m0s  058.78 iters/s

running (05m26.0s), 299/300 VUs, 8048 complete and 0 interrupted iterations
peak_restaurant_view   [  42% ] 299/300 VUs  05m25.5s/13m0s  059.00 iters/s

running (05m27.0s), 300/300 VUs, 8075 complete and 0 interrupted iterations
peak_restaurant_view   [  42% ] 300/300 VUs  05m26.5s/13m0s  059.22 iters/s

running (05m28.0s), 300/300 VUs, 8102 complete and 0 interrupted iterations
peak_restaurant_view   [  42% ] 300/300 VUs  05m27.5s/13m0s  059.44 iters/s

running (05m29.0s), 300/300 VUs, 8131 complete and 0 interrupted iterations
peak_restaurant_view   [  42% ] 300/300 VUs  05m28.5s/13m0s  059.66 iters/s

running (05m30.0s), 300/300 VUs, 8159 complete and 0 interrupted iterations
peak_restaurant_view   [  42% ] 300/300 VUs  05m29.5s/13m0s  059.89 iters/s

running (05m31.0s), 300/300 VUs, 8186 complete and 0 interrupted iterations
peak_restaurant_view   [  42% ] 300/300 VUs  05m30.5s/13m0s  060.11 iters/s

running (05m32.0s), 300/300 VUs, 8214 complete and 0 interrupted iterations
peak_restaurant_view   [  42% ] 300/300 VUs  05m31.5s/13m0s  060.33 iters/s

running (05m33.0s), 300/300 VUs, 8239 complete and 0 interrupted iterations
peak_restaurant_view   [  43% ] 300/300 VUs  05m32.5s/13m0s  060.55 iters/s

running (05m34.0s), 300/300 VUs, 8265 complete and 0 interrupted iterations
peak_restaurant_view   [  43% ] 300/300 VUs  05m33.5s/13m0s  060.78 iters/s

running (05m35.0s), 300/300 VUs, 8293 complete and 0 interrupted iterations
peak_restaurant_view   [  43% ] 300/300 VUs  05m34.5s/13m0s  061.00 iters/s

running (05m36.0s), 300/300 VUs, 8321 complete and 0 interrupted iterations
peak_restaurant_view   [  43% ] 300/300 VUs  05m35.5s/13m0s  061.22 iters/s

running (05m37.0s), 300/300 VUs, 8344 complete and 0 interrupted iterations
peak_restaurant_view   [  43% ] 300/300 VUs  05m36.5s/13m0s  061.44 iters/s

running (05m38.0s), 299/300 VUs, 8370 complete and 0 interrupted iterations
peak_restaurant_view   [  43% ] 299/300 VUs  05m37.5s/13m0s  061.66 iters/s

running (05m39.0s), 300/300 VUs, 8397 complete and 0 interrupted iterations
peak_restaurant_view   [  43% ] 300/300 VUs  05m38.5s/13m0s  061.89 iters/s

running (05m40.0s), 297/300 VUs, 8426 complete and 0 interrupted iterations
peak_restaurant_view   [  44% ] 297/300 VUs  05m39.5s/13m0s  062.11 iters/s

running (05m41.0s), 300/300 VUs, 8447 complete and 0 interrupted iterations
peak_restaurant_view   [  44% ] 300/300 VUs  05m40.5s/13m0s  062.33 iters/s

running (05m42.0s), 299/300 VUs, 8475 complete and 0 interrupted iterations
peak_restaurant_view   [  44% ] 299/300 VUs  05m41.5s/13m0s  062.55 iters/s

running (05m43.0s), 300/300 VUs, 8502 complete and 0 interrupted iterations
peak_restaurant_view   [  44% ] 300/300 VUs  05m42.5s/13m0s  062.78 iters/s

running (05m44.0s), 298/300 VUs, 8532 complete and 0 interrupted iterations
peak_restaurant_view   [  44% ] 298/300 VUs  05m43.5s/13m0s  063.00 iters/s

running (05m45.0s), 300/300 VUs, 8559 complete and 0 interrupted iterations
peak_restaurant_view   [  44% ] 300/300 VUs  05m44.5s/13m0s  063.22 iters/s

running (05m46.0s), 299/300 VUs, 8585 complete and 0 interrupted iterations
peak_restaurant_view   [  44% ] 299/300 VUs  05m45.5s/13m0s  063.44 iters/s

running (05m47.0s), 299/300 VUs, 8612 complete and 0 interrupted iterations
peak_restaurant_view   [  44% ] 299/300 VUs  05m46.5s/13m0s  063.66 iters/s

running (05m48.0s), 300/300 VUs, 8634 complete and 0 interrupted iterations
peak_restaurant_view   [  45% ] 300/300 VUs  05m47.5s/13m0s  063.89 iters/s

running (05m49.0s), 299/300 VUs, 8663 complete and 0 interrupted iterations
peak_restaurant_view   [  45% ] 299/300 VUs  05m48.5s/13m0s  064.11 iters/s

running (05m50.0s), 300/300 VUs, 8691 complete and 0 interrupted iterations
peak_restaurant_view   [  45% ] 300/300 VUs  05m49.5s/13m0s  064.33 iters/s

running (05m51.0s), 300/300 VUs, 8721 complete and 0 interrupted iterations
peak_restaurant_view   [  45% ] 300/300 VUs  05m50.5s/13m0s  064.55 iters/s

running (05m52.0s), 300/300 VUs, 8746 complete and 0 interrupted iterations
peak_restaurant_view   [  45% ] 300/300 VUs  05m51.5s/13m0s  064.78 iters/s

running (05m53.0s), 298/300 VUs, 8775 complete and 0 interrupted iterations
peak_restaurant_view   [  45% ] 298/300 VUs  05m52.5s/13m0s  065.00 iters/s

running (05m54.0s), 300/300 VUs, 8803 complete and 0 interrupted iterations
peak_restaurant_view   [  45% ] 300/300 VUs  05m53.5s/13m0s  065.22 iters/s

running (05m55.0s), 299/300 VUs, 8833 complete and 0 interrupted iterations
peak_restaurant_view   [  45% ] 299/300 VUs  05m54.5s/13m0s  065.44 iters/s

running (05m56.0s), 300/300 VUs, 8859 complete and 0 interrupted iterations
peak_restaurant_view   [  46% ] 300/300 VUs  05m55.5s/13m0s  065.66 iters/s

running (05m57.0s), 299/300 VUs, 8889 complete and 0 interrupted iterations
peak_restaurant_view   [  46% ] 299/300 VUs  05m56.5s/13m0s  065.89 iters/s

running (05m58.0s), 300/300 VUs, 8915 complete and 0 interrupted iterations
peak_restaurant_view   [  46% ] 300/300 VUs  05m57.5s/13m0s  066.11 iters/s

running (05m59.0s), 300/300 VUs, 8944 complete and 0 interrupted iterations
peak_restaurant_view   [  46% ] 300/300 VUs  05m58.5s/13m0s  066.33 iters/s

running (06m00.0s), 300/300 VUs, 8972 complete and 0 interrupted iterations
peak_restaurant_view   [  46% ] 300/300 VUs  05m59.5s/13m0s  066.55 iters/s

running (06m01.0s), 300/300 VUs, 8997 complete and 0 interrupted iterations
peak_restaurant_view   [  46% ] 300/300 VUs  06m00.5s/13m0s  066.78 iters/s

running (06m02.0s), 300/300 VUs, 9023 complete and 0 interrupted iterations
peak_restaurant_view   [  46% ] 300/300 VUs  06m01.5s/13m0s  067.00 iters/s

running (06m03.0s), 300/300 VUs, 9045 complete and 0 interrupted iterations
peak_restaurant_view   [  46% ] 300/300 VUs  06m02.5s/13m0s  067.22 iters/s

running (06m04.0s), 300/300 VUs, 9072 complete and 0 interrupted iterations
peak_restaurant_view   [  47% ] 300/300 VUs  06m03.5s/13m0s  067.44 iters/s

running (06m05.0s), 299/300 VUs, 9100 complete and 0 interrupted iterations
peak_restaurant_view   [  47% ] 299/300 VUs  06m04.5s/13m0s  067.66 iters/s

running (06m06.0s), 300/300 VUs, 9128 complete and 0 interrupted iterations
peak_restaurant_view   [  47% ] 300/300 VUs  06m05.5s/13m0s  067.89 iters/s

running (06m07.0s), 299/300 VUs, 9155 complete and 0 interrupted iterations
peak_restaurant_view   [  47% ] 299/300 VUs  06m06.5s/13m0s  068.11 iters/s

running (06m08.0s), 299/300 VUs, 9183 complete and 0 interrupted iterations
peak_restaurant_view   [  47% ] 299/300 VUs  06m07.5s/13m0s  068.33 iters/s

running (06m09.0s), 299/300 VUs, 9210 complete and 0 interrupted iterations
peak_restaurant_view   [  47% ] 299/300 VUs  06m08.5s/13m0s  068.55 iters/s

running (06m10.0s), 299/300 VUs, 9237 complete and 0 interrupted iterations
peak_restaurant_view   [  47% ] 299/300 VUs  06m09.5s/13m0s  068.77 iters/s

running (06m11.0s), 298/300 VUs, 9265 complete and 0 interrupted iterations
peak_restaurant_view   [  47% ] 298/300 VUs  06m10.5s/13m0s  069.00 iters/s

running (06m12.0s), 300/300 VUs, 9292 complete and 0 interrupted iterations
peak_restaurant_view   [  48% ] 300/300 VUs  06m11.5s/13m0s  069.22 iters/s

running (06m13.0s), 300/300 VUs, 9319 complete and 0 interrupted iterations
peak_restaurant_view   [  48% ] 300/300 VUs  06m12.5s/13m0s  069.44 iters/s

running (06m14.0s), 300/300 VUs, 9347 complete and 0 interrupted iterations
peak_restaurant_view   [  48% ] 300/300 VUs  06m13.5s/13m0s  069.66 iters/s

running (06m15.0s), 299/300 VUs, 9376 complete and 0 interrupted iterations
peak_restaurant_view   [  48% ] 299/300 VUs  06m14.5s/13m0s  069.89 iters/s

running (06m16.0s), 300/300 VUs, 9396 complete and 0 interrupted iterations
peak_restaurant_view   [  48% ] 300/300 VUs  06m15.5s/13m0s  070.11 iters/s

running (06m17.0s), 300/300 VUs, 9416 complete and 0 interrupted iterations
peak_restaurant_view   [  48% ] 300/300 VUs  06m16.5s/13m0s  070.33 iters/s

running (06m18.0s), 300/300 VUs, 9423 complete and 0 interrupted iterations
peak_restaurant_view   [  48% ] 300/300 VUs  06m17.5s/13m0s  070.55 iters/s

running (06m19.0s), 300/300 VUs, 9443 complete and 0 interrupted iterations
peak_restaurant_view   [  49% ] 300/300 VUs  06m18.5s/13m0s  070.78 iters/s

running (06m20.0s), 298/300 VUs, 9471 complete and 0 interrupted iterations
peak_restaurant_view   [  49% ] 298/300 VUs  06m19.5s/13m0s  071.00 iters/s

running (06m21.0s), 300/300 VUs, 9498 complete and 0 interrupted iterations
peak_restaurant_view   [  49% ] 300/300 VUs  06m20.5s/13m0s  071.22 iters/s

running (06m22.0s), 300/300 VUs, 9526 complete and 0 interrupted iterations
peak_restaurant_view   [  49% ] 300/300 VUs  06m21.5s/13m0s  071.44 iters/s

running (06m23.0s), 300/300 VUs, 9554 complete and 0 interrupted iterations
peak_restaurant_view   [  49% ] 300/300 VUs  06m22.5s/13m0s  071.67 iters/s

running (06m24.0s), 300/300 VUs, 9581 complete and 0 interrupted iterations
peak_restaurant_view   [  49% ] 300/300 VUs  06m23.5s/13m0s  071.89 iters/s

running (06m25.0s), 300/300 VUs, 9608 complete and 0 interrupted iterations
peak_restaurant_view   [  49% ] 300/300 VUs  06m24.5s/13m0s  072.11 iters/s

running (06m26.0s), 299/300 VUs, 9637 complete and 0 interrupted iterations
peak_restaurant_view   [  49% ] 299/300 VUs  06m25.5s/13m0s  072.33 iters/s

running (06m27.0s), 300/300 VUs, 9664 complete and 0 interrupted iterations
peak_restaurant_view   [  50% ] 300/300 VUs  06m26.5s/13m0s  072.55 iters/s

running (06m28.0s), 297/300 VUs, 9693 complete and 0 interrupted iterations
peak_restaurant_view   [  50% ] 297/300 VUs  06m27.5s/13m0s  072.78 iters/s

running (06m29.0s), 300/300 VUs, 9719 complete and 0 interrupted iterations
peak_restaurant_view   [  50% ] 300/300 VUs  06m28.5s/13m0s  073.00 iters/s

running (06m30.0s), 300/300 VUs, 9746 complete and 0 interrupted iterations
peak_restaurant_view   [  50% ] 300/300 VUs  06m29.5s/13m0s  073.22 iters/s

running (06m31.0s), 300/300 VUs, 9774 complete and 0 interrupted iterations
peak_restaurant_view   [  50% ] 300/300 VUs  06m30.5s/13m0s  073.44 iters/s

running (06m32.0s), 300/300 VUs, 9800 complete and 0 interrupted iterations
peak_restaurant_view   [  50% ] 300/300 VUs  06m31.5s/13m0s  073.66 iters/s

running (06m33.0s), 300/300 VUs, 9824 complete and 0 interrupted iterations
peak_restaurant_view   [  50% ] 300/300 VUs  06m32.5s/13m0s  073.89 iters/s

running (06m34.0s), 300/300 VUs, 9852 complete and 0 interrupted iterations
peak_restaurant_view   [  50% ] 300/300 VUs  06m33.5s/13m0s  074.11 iters/s

running (06m35.0s), 300/300 VUs, 9879 complete and 0 interrupted iterations
peak_restaurant_view   [  51% ] 300/300 VUs  06m34.5s/13m0s  074.33 iters/s

running (06m36.0s), 300/300 VUs, 9907 complete and 0 interrupted iterations
peak_restaurant_view   [  51% ] 300/300 VUs  06m35.5s/13m0s  074.55 iters/s

running (06m37.0s), 300/300 VUs, 9936 complete and 0 interrupted iterations
peak_restaurant_view   [  51% ] 300/300 VUs  06m36.5s/13m0s  074.78 iters/s

running (06m38.0s), 300/300 VUs, 9964 complete and 0 interrupted iterations
peak_restaurant_view   [  51% ] 300/300 VUs  06m37.5s/13m0s  075.00 iters/s

running (06m39.0s), 299/300 VUs, 9990 complete and 0 interrupted iterations
peak_restaurant_view   [  51% ] 299/300 VUs  06m38.5s/13m0s  075.22 iters/s

running (06m40.0s), 300/300 VUs, 10019 complete and 0 interrupted iterations
peak_restaurant_view   [  51% ] 300/300 VUs  06m39.5s/13m0s  075.44 iters/s

running (06m41.0s), 300/300 VUs, 10047 complete and 0 interrupted iterations
peak_restaurant_view   [  51% ] 300/300 VUs  06m40.5s/13m0s  075.66 iters/s

running (06m42.0s), 300/300 VUs, 10075 complete and 0 interrupted iterations
peak_restaurant_view   [  51% ] 300/300 VUs  06m41.5s/13m0s  075.89 iters/s

running (06m43.0s), 300/300 VUs, 10101 complete and 0 interrupted iterations
peak_restaurant_view   [  52% ] 300/300 VUs  06m42.5s/13m0s  076.11 iters/s

running (06m44.0s), 300/300 VUs, 10130 complete and 0 interrupted iterations
peak_restaurant_view   [  52% ] 300/300 VUs  06m43.5s/13m0s  076.33 iters/s

running (06m45.0s), 300/300 VUs, 10159 complete and 0 interrupted iterations
peak_restaurant_view   [  52% ] 300/300 VUs  06m44.5s/13m0s  076.55 iters/s

running (06m46.0s), 297/300 VUs, 10186 complete and 0 interrupted iterations
peak_restaurant_view   [  52% ] 297/300 VUs  06m45.5s/13m0s  076.78 iters/s

running (06m47.0s), 300/300 VUs, 10207 complete and 0 interrupted iterations
peak_restaurant_view   [  52% ] 300/300 VUs  06m46.5s/13m0s  077.00 iters/s

running (06m48.0s), 300/300 VUs, 10234 complete and 0 interrupted iterations
peak_restaurant_view   [  52% ] 300/300 VUs  06m47.5s/13m0s  077.22 iters/s

running (06m49.0s), 300/300 VUs, 10261 complete and 0 interrupted iterations
peak_restaurant_view   [  52% ] 300/300 VUs  06m48.5s/13m0s  077.44 iters/s

running (06m50.0s), 300/300 VUs, 10286 complete and 0 interrupted iterations
peak_restaurant_view   [  52% ] 300/300 VUs  06m49.5s/13m0s  077.66 iters/s

running (06m51.0s), 299/300 VUs, 10316 complete and 0 interrupted iterations
peak_restaurant_view   [  53% ] 299/300 VUs  06m50.5s/13m0s  077.89 iters/s

running (06m52.0s), 300/300 VUs, 10344 complete and 0 interrupted iterations
peak_restaurant_view   [  53% ] 300/300 VUs  06m51.5s/13m0s  078.11 iters/s

running (06m53.0s), 299/300 VUs, 10373 complete and 0 interrupted iterations
peak_restaurant_view   [  53% ] 299/300 VUs  06m52.5s/13m0s  078.33 iters/s

running (06m54.0s), 300/300 VUs, 10400 complete and 0 interrupted iterations
peak_restaurant_view   [  53% ] 300/300 VUs  06m53.5s/13m0s  078.56 iters/s

running (06m55.0s), 300/300 VUs, 10427 complete and 0 interrupted iterations
peak_restaurant_view   [  53% ] 300/300 VUs  06m54.5s/13m0s  078.78 iters/s

running (06m56.0s), 300/300 VUs, 10456 complete and 0 interrupted iterations
peak_restaurant_view   [  53% ] 300/300 VUs  06m55.5s/13m0s  079.00 iters/s

running (06m57.0s), 300/300 VUs, 10484 complete and 0 interrupted iterations
peak_restaurant_view   [  53% ] 300/300 VUs  06m56.5s/13m0s  079.22 iters/s

running (06m58.0s), 300/300 VUs, 10512 complete and 0 interrupted iterations
peak_restaurant_view   [  54% ] 300/300 VUs  06m57.5s/13m0s  079.44 iters/s

running (06m59.0s), 300/300 VUs, 10540 complete and 0 interrupted iterations
peak_restaurant_view   [  54% ] 300/300 VUs  06m58.5s/13m0s  079.66 iters/s

running (07m00.0s), 299/300 VUs, 10569 complete and 0 interrupted iterations
peak_restaurant_view   [  54% ] 299/300 VUs  06m59.5s/13m0s  079.89 iters/s

running (07m01.0s), 300/300 VUs, 10595 complete and 0 interrupted iterations
peak_restaurant_view   [  54% ] 300/300 VUs  07m00.5s/13m0s  080.22 iters/s

running (07m02.0s), 300/300 VUs, 10623 complete and 0 interrupted iterations
peak_restaurant_view   [  54% ] 300/300 VUs  07m01.5s/13m0s  080.67 iters/s

running (07m03.0s), 300/300 VUs, 10643 complete and 0 interrupted iterations
peak_restaurant_view   [  54% ] 300/300 VUs  07m02.5s/13m0s  081.11 iters/s

running (07m04.0s), 300/300 VUs, 10672 complete and 0 interrupted iterations
peak_restaurant_view   [  54% ] 300/300 VUs  07m03.5s/13m0s  081.55 iters/s

running (07m05.0s), 300/300 VUs, 10701 complete and 0 interrupted iterations
peak_restaurant_view   [  54% ] 300/300 VUs  07m04.5s/13m0s  082.00 iters/s

running (07m06.0s), 300/300 VUs, 10730 complete and 0 interrupted iterations
peak_restaurant_view   [  55% ] 300/300 VUs  07m05.5s/13m0s  082.44 iters/s

running (07m07.0s), 300/300 VUs, 10756 complete and 0 interrupted iterations
peak_restaurant_view   [  55% ] 300/300 VUs  07m06.5s/13m0s  082.89 iters/s

running (07m08.0s), 300/300 VUs, 10782 complete and 0 interrupted iterations
peak_restaurant_view   [  55% ] 300/300 VUs  07m07.5s/13m0s  083.33 iters/s

running (07m09.0s), 300/300 VUs, 10811 complete and 0 interrupted iterations
peak_restaurant_view   [  55% ] 300/300 VUs  07m08.5s/13m0s  083.77 iters/s

running (07m10.0s), 299/300 VUs, 10839 complete and 0 interrupted iterations
peak_restaurant_view   [  55% ] 299/300 VUs  07m09.5s/13m0s  084.22 iters/s

running (07m11.0s), 300/300 VUs, 10866 complete and 0 interrupted iterations
peak_restaurant_view   [  55% ] 300/300 VUs  07m10.5s/13m0s  084.67 iters/s

running (07m12.0s), 300/300 VUs, 10894 complete and 0 interrupted iterations
peak_restaurant_view   [  55% ] 300/300 VUs  07m11.5s/13m0s  085.11 iters/s

running (07m13.0s), 300/300 VUs, 10922 complete and 0 interrupted iterations
peak_restaurant_view   [  55% ] 300/300 VUs  07m12.5s/13m0s  085.55 iters/s

running (07m14.0s), 300/300 VUs, 10949 complete and 0 interrupted iterations
peak_restaurant_view   [  56% ] 300/300 VUs  07m13.5s/13m0s  086.00 iters/s

running (07m15.0s), 300/300 VUs, 10977 complete and 0 interrupted iterations
peak_restaurant_view   [  56% ] 300/300 VUs  07m14.5s/13m0s  086.44 iters/s

running (07m16.0s), 300/300 VUs, 10997 complete and 0 interrupted iterations
peak_restaurant_view   [  56% ] 300/300 VUs  07m15.5s/13m0s  086.89 iters/s

running (07m17.0s), 300/300 VUs, 11016 complete and 0 interrupted iterations
peak_restaurant_view   [  56% ] 300/300 VUs  07m16.5s/13m0s  087.33 iters/s

running (07m18.0s), 300/300 VUs, 11024 complete and 0 interrupted iterations
peak_restaurant_view   [  56% ] 300/300 VUs  07m17.5s/13m0s  087.77 iters/s

running (07m19.0s), 300/300 VUs, 11047 complete and 0 interrupted iterations
peak_restaurant_view   [  56% ] 300/300 VUs  07m18.5s/13m0s  088.22 iters/s

running (07m20.0s), 300/300 VUs, 11076 complete and 0 interrupted iterations
peak_restaurant_view   [  56% ] 300/300 VUs  07m19.5s/13m0s  088.67 iters/s

running (07m21.0s), 299/300 VUs, 11106 complete and 0 interrupted iterations
peak_restaurant_view   [  56% ] 299/300 VUs  07m20.5s/13m0s  089.11 iters/s

running (07m22.0s), 300/300 VUs, 11135 complete and 0 interrupted iterations
peak_restaurant_view   [  57% ] 300/300 VUs  07m21.5s/13m0s  089.55 iters/s

running (07m23.0s), 300/300 VUs, 11161 complete and 0 interrupted iterations
peak_restaurant_view   [  57% ] 300/300 VUs  07m22.5s/13m0s  090.00 iters/s

running (07m24.0s), 300/300 VUs, 11190 complete and 0 interrupted iterations
peak_restaurant_view   [  57% ] 300/300 VUs  07m23.5s/13m0s  090.44 iters/s

running (07m25.0s), 300/300 VUs, 11217 complete and 0 interrupted iterations
peak_restaurant_view   [  57% ] 300/300 VUs  07m24.5s/13m0s  090.88 iters/s

running (07m26.0s), 300/300 VUs, 11245 complete and 0 interrupted iterations
peak_restaurant_view   [  57% ] 300/300 VUs  07m25.5s/13m0s  091.33 iters/s

running (07m27.0s), 300/300 VUs, 11273 complete and 0 interrupted iterations
peak_restaurant_view   [  57% ] 300/300 VUs  07m26.5s/13m0s  091.78 iters/s

running (07m28.0s), 300/300 VUs, 11300 complete and 0 interrupted iterations
peak_restaurant_view   [  57% ] 300/300 VUs  07m27.5s/13m0s  092.22 iters/s

running (07m29.0s), 300/300 VUs, 11328 complete and 0 interrupted iterations
peak_restaurant_view   [  57% ] 300/300 VUs  07m28.5s/13m0s  092.67 iters/s

running (07m30.0s), 300/300 VUs, 11355 complete and 0 interrupted iterations
peak_restaurant_view   [  58% ] 300/300 VUs  07m29.5s/13m0s  093.11 iters/s

running (07m31.0s), 300/300 VUs, 11381 complete and 0 interrupted iterations
peak_restaurant_view   [  58% ] 300/300 VUs  07m30.5s/13m0s  093.55 iters/s

running (07m32.0s), 300/300 VUs, 11411 complete and 0 interrupted iterations
peak_restaurant_view   [  58% ] 300/300 VUs  07m31.5s/13m0s  094.00 iters/s

running (07m33.0s), 300/300 VUs, 11431 complete and 0 interrupted iterations
peak_restaurant_view   [  58% ] 300/300 VUs  07m32.5s/13m0s  094.44 iters/s

running (07m34.0s), 299/300 VUs, 11456 complete and 0 interrupted iterations
peak_restaurant_view   [  58% ] 299/300 VUs  07m33.5s/13m0s  094.88 iters/s

running (07m35.0s), 300/300 VUs, 11484 complete and 0 interrupted iterations
peak_restaurant_view   [  58% ] 300/300 VUs  07m34.5s/13m0s  095.33 iters/s

running (07m36.0s), 300/300 VUs, 11512 complete and 0 interrupted iterations
peak_restaurant_view   [  58% ] 300/300 VUs  07m35.5s/13m0s  095.78 iters/s

running (07m37.0s), 300/300 VUs, 11542 complete and 0 interrupted iterations
peak_restaurant_view   [  59% ] 300/300 VUs  07m36.5s/13m0s  096.22 iters/s

running (07m38.0s), 300/300 VUs, 11568 complete and 0 interrupted iterations
peak_restaurant_view   [  59% ] 300/300 VUs  07m37.5s/13m0s  096.67 iters/s

running (07m39.0s), 300/300 VUs, 11593 complete and 0 interrupted iterations
peak_restaurant_view   [  59% ] 300/300 VUs  07m38.5s/13m0s  097.11 iters/s

running (07m40.0s), 299/300 VUs, 11623 complete and 0 interrupted iterations
peak_restaurant_view   [  59% ] 299/300 VUs  07m39.5s/13m0s  097.55 iters/s

running (07m41.0s), 300/300 VUs, 11651 complete and 0 interrupted iterations
peak_restaurant_view   [  59% ] 300/300 VUs  07m40.5s/13m0s  098.00 iters/s

running (07m42.0s), 300/300 VUs, 11679 complete and 0 interrupted iterations
peak_restaurant_view   [  59% ] 300/300 VUs  07m41.5s/13m0s  098.44 iters/s

running (07m43.0s), 300/300 VUs, 11705 complete and 0 interrupted iterations
peak_restaurant_view   [  59% ] 300/300 VUs  07m42.5s/13m0s  098.88 iters/s

running (07m44.0s), 300/300 VUs, 11735 complete and 0 interrupted iterations
peak_restaurant_view   [  59% ] 300/300 VUs  07m43.5s/13m0s  099.33 iters/s

running (07m45.0s), 300/300 VUs, 11764 complete and 0 interrupted iterations
peak_restaurant_view   [  60% ] 300/300 VUs  07m44.5s/13m0s  099.78 iters/s

running (07m46.0s), 299/300 VUs, 11787 complete and 0 interrupted iterations
peak_restaurant_view   [  60% ] 299/300 VUs  07m45.5s/13m0s  100.22 iters/s

running (07m47.0s), 300/300 VUs, 11815 complete and 0 interrupted iterations
peak_restaurant_view   [  60% ] 300/300 VUs  07m46.5s/13m0s  100.67 iters/s

running (07m48.0s), 300/300 VUs, 11835 complete and 0 interrupted iterations
peak_restaurant_view   [  60% ] 300/300 VUs  07m47.5s/13m0s  101.11 iters/s

running (07m49.0s), 300/300 VUs, 11863 complete and 0 interrupted iterations
peak_restaurant_view   [  60% ] 300/300 VUs  07m48.5s/13m0s  101.55 iters/s

running (07m50.0s), 300/300 VUs, 11889 complete and 0 interrupted iterations
peak_restaurant_view   [  60% ] 300/300 VUs  07m49.5s/13m0s  102.00 iters/s

running (07m51.0s), 300/300 VUs, 11912 complete and 0 interrupted iterations
peak_restaurant_view   [  60% ] 300/300 VUs  07m50.5s/13m0s  102.44 iters/s

running (07m52.0s), 300/300 VUs, 11940 complete and 0 interrupted iterations
peak_restaurant_view   [  60% ] 300/300 VUs  07m51.5s/13m0s  102.89 iters/s

running (07m53.0s), 300/300 VUs, 11968 complete and 0 interrupted iterations
peak_restaurant_view   [  61% ] 300/300 VUs  07m52.5s/13m0s  103.33 iters/s

running (07m54.0s), 300/300 VUs, 11994 complete and 0 interrupted iterations
peak_restaurant_view   [  61% ] 300/300 VUs  07m53.5s/13m0s  103.78 iters/s

running (07m55.0s), 300/300 VUs, 12021 complete and 0 interrupted iterations
peak_restaurant_view   [  61% ] 300/300 VUs  07m54.5s/13m0s  104.22 iters/s

running (07m56.0s), 300/300 VUs, 12050 complete and 0 interrupted iterations
peak_restaurant_view   [  61% ] 300/300 VUs  07m55.5s/13m0s  104.67 iters/s

running (07m57.0s), 300/300 VUs, 12076 complete and 0 interrupted iterations
peak_restaurant_view   [  61% ] 300/300 VUs  07m56.5s/13m0s  105.11 iters/s

running (07m58.0s), 300/300 VUs, 12101 complete and 0 interrupted iterations
peak_restaurant_view   [  61% ] 300/300 VUs  07m57.5s/13m0s  105.55 iters/s

running (07m59.0s), 300/300 VUs, 12131 complete and 0 interrupted iterations
peak_restaurant_view   [  61% ] 300/300 VUs  07m58.5s/13m0s  106.00 iters/s

running (08m00.0s), 300/300 VUs, 12160 complete and 0 interrupted iterations
peak_restaurant_view   [  61% ] 300/300 VUs  07m59.5s/13m0s  106.44 iters/s

running (08m01.0s), 300/300 VUs, 12186 complete and 0 interrupted iterations
peak_restaurant_view   [  62% ] 300/300 VUs  08m00.5s/13m0s  106.89 iters/s

running (08m02.0s), 300/300 VUs, 12211 complete and 0 interrupted iterations
peak_restaurant_view   [  62% ] 300/300 VUs  08m01.5s/13m0s  107.33 iters/s

running (08m03.0s), 300/300 VUs, 12234 complete and 0 interrupted iterations
peak_restaurant_view   [  62% ] 300/300 VUs  08m02.5s/13m0s  107.78 iters/s

running (08m04.0s), 300/300 VUs, 12259 complete and 0 interrupted iterations
peak_restaurant_view   [  62% ] 300/300 VUs  08m03.5s/13m0s  108.22 iters/s

running (08m05.0s), 300/300 VUs, 12286 complete and 0 interrupted iterations
peak_restaurant_view   [  62% ] 300/300 VUs  08m04.5s/13m0s  108.67 iters/s

running (08m06.0s), 300/300 VUs, 12315 complete and 0 interrupted iterations
peak_restaurant_view   [  62% ] 300/300 VUs  08m05.5s/13m0s  109.11 iters/s

running (08m07.0s), 300/300 VUs, 12344 complete and 0 interrupted iterations
peak_restaurant_view   [  62% ] 300/300 VUs  08m06.5s/13m0s  109.55 iters/s

running (08m08.0s), 300/300 VUs, 12371 complete and 0 interrupted iterations
peak_restaurant_view   [  62% ] 300/300 VUs  08m07.5s/13m0s  110.00 iters/s

running (08m09.0s), 300/300 VUs, 12399 complete and 0 interrupted iterations
peak_restaurant_view   [  63% ] 300/300 VUs  08m08.5s/13m0s  110.44 iters/s

running (08m10.0s), 299/300 VUs, 12427 complete and 0 interrupted iterations
peak_restaurant_view   [  63% ] 299/300 VUs  08m09.5s/13m0s  110.89 iters/s

running (08m11.0s), 300/300 VUs, 12455 complete and 0 interrupted iterations
peak_restaurant_view   [  63% ] 300/300 VUs  08m10.5s/13m0s  111.33 iters/s

running (08m12.0s), 300/300 VUs, 12483 complete and 0 interrupted iterations
peak_restaurant_view   [  63% ] 300/300 VUs  08m11.5s/13m0s  111.78 iters/s

running (08m13.0s), 300/300 VUs, 12510 complete and 0 interrupted iterations
peak_restaurant_view   [  63% ] 300/300 VUs  08m12.5s/13m0s  112.22 iters/s

running (08m14.0s), 299/300 VUs, 12538 complete and 0 interrupted iterations
peak_restaurant_view   [  63% ] 299/300 VUs  08m13.5s/13m0s  112.66 iters/s

running (08m15.0s), 300/300 VUs, 12566 complete and 0 interrupted iterations
peak_restaurant_view   [  63% ] 300/300 VUs  08m14.5s/13m0s  113.11 iters/s

running (08m16.0s), 300/300 VUs, 12586 complete and 0 interrupted iterations
peak_restaurant_view   [  64% ] 300/300 VUs  08m15.5s/13m0s  113.55 iters/s

running (08m17.0s), 299/300 VUs, 12610 complete and 0 interrupted iterations
peak_restaurant_view   [  64% ] 299/300 VUs  08m16.5s/13m0s  114.00 iters/s

running (08m18.0s), 300/300 VUs, 12620 complete and 0 interrupted iterations
peak_restaurant_view   [  64% ] 300/300 VUs  08m17.5s/13m0s  114.44 iters/s

running (08m19.0s), 299/300 VUs, 12641 complete and 0 interrupted iterations
peak_restaurant_view   [  64% ] 299/300 VUs  08m18.5s/13m0s  114.89 iters/s

running (08m20.0s), 300/300 VUs, 12670 complete and 0 interrupted iterations
peak_restaurant_view   [  64% ] 300/300 VUs  08m19.5s/13m0s  115.33 iters/s

running (08m21.0s), 300/300 VUs, 12698 complete and 0 interrupted iterations
peak_restaurant_view   [  64% ] 300/300 VUs  08m20.5s/13m0s  115.78 iters/s

running (08m22.0s), 300/300 VUs, 12723 complete and 0 interrupted iterations
peak_restaurant_view   [  64% ] 300/300 VUs  08m21.5s/13m0s  116.22 iters/s

running (08m23.0s), 300/300 VUs, 12752 complete and 0 interrupted iterations
peak_restaurant_view   [  64% ] 300/300 VUs  08m22.5s/13m0s  116.67 iters/s

running (08m24.0s), 300/300 VUs, 12781 complete and 0 interrupted iterations
peak_restaurant_view   [  65% ] 300/300 VUs  08m23.5s/13m0s  117.11 iters/s

running (08m25.0s), 300/300 VUs, 12808 complete and 0 interrupted iterations
peak_restaurant_view   [  65% ] 300/300 VUs  08m24.5s/13m0s  117.55 iters/s

running (08m26.0s), 300/300 VUs, 12836 complete and 0 interrupted iterations
peak_restaurant_view   [  65% ] 300/300 VUs  08m25.5s/13m0s  118.00 iters/s

running (08m27.0s), 300/300 VUs, 12862 complete and 0 interrupted iterations
peak_restaurant_view   [  65% ] 300/300 VUs  08m26.5s/13m0s  118.44 iters/s

running (08m28.0s), 300/300 VUs, 12891 complete and 0 interrupted iterations
peak_restaurant_view   [  65% ] 300/300 VUs  08m27.5s/13m0s  118.89 iters/s

running (08m29.0s), 299/300 VUs, 12920 complete and 0 interrupted iterations
peak_restaurant_view   [  65% ] 299/300 VUs  08m28.5s/13m0s  119.33 iters/s

running (08m30.0s), 300/300 VUs, 12947 complete and 0 interrupted iterations
peak_restaurant_view   [  65% ] 300/300 VUs  08m29.5s/13m0s  119.78 iters/s

running (08m31.0s), 300/300 VUs, 12971 complete and 0 interrupted iterations
peak_restaurant_view   [  65% ] 300/300 VUs  08m30.5s/13m0s  120.22 iters/s

running (08m32.0s), 300/300 VUs, 13000 complete and 0 interrupted iterations
peak_restaurant_view   [  66% ] 300/300 VUs  08m31.5s/13m0s  120.66 iters/s

running (08m33.0s), 299/300 VUs, 13025 complete and 0 interrupted iterations
peak_restaurant_view   [  66% ] 299/300 VUs  08m32.5s/13m0s  121.11 iters/s

running (08m34.0s), 300/300 VUs, 13052 complete and 0 interrupted iterations
peak_restaurant_view   [  66% ] 300/300 VUs  08m33.5s/13m0s  121.55 iters/s

running (08m35.0s), 300/300 VUs, 13078 complete and 0 interrupted iterations
peak_restaurant_view   [  66% ] 300/300 VUs  08m34.5s/13m0s  122.00 iters/s

running (08m36.0s), 300/300 VUs, 13106 complete and 0 interrupted iterations
peak_restaurant_view   [  66% ] 300/300 VUs  08m35.5s/13m0s  122.44 iters/s

running (08m37.0s), 299/300 VUs, 13136 complete and 0 interrupted iterations
peak_restaurant_view   [  66% ] 299/300 VUs  08m36.5s/13m0s  122.89 iters/s

running (08m38.0s), 298/300 VUs, 13164 complete and 0 interrupted iterations
peak_restaurant_view   [  66% ] 298/300 VUs  08m37.5s/13m0s  123.33 iters/s

running (08m39.0s), 300/300 VUs, 13191 complete and 0 interrupted iterations
peak_restaurant_view   [  66% ] 300/300 VUs  08m38.5s/13m0s  123.78 iters/s

running (08m40.0s), 300/300 VUs, 13218 complete and 0 interrupted iterations
peak_restaurant_view   [  67% ] 300/300 VUs  08m39.5s/13m0s  124.22 iters/s

running (08m41.0s), 300/300 VUs, 13247 complete and 0 interrupted iterations
peak_restaurant_view   [  67% ] 300/300 VUs  08m40.5s/13m0s  124.66 iters/s

running (08m42.0s), 298/300 VUs, 13276 complete and 0 interrupted iterations
peak_restaurant_view   [  67% ] 298/300 VUs  08m41.5s/13m0s  125.11 iters/s

running (08m43.0s), 300/300 VUs, 13304 complete and 0 interrupted iterations
peak_restaurant_view   [  67% ] 300/300 VUs  08m42.5s/13m0s  125.55 iters/s

running (08m44.0s), 300/300 VUs, 13330 complete and 0 interrupted iterations
peak_restaurant_view   [  67% ] 300/300 VUs  08m43.5s/13m0s  126.00 iters/s

running (08m45.0s), 300/300 VUs, 13358 complete and 0 interrupted iterations
peak_restaurant_view   [  67% ] 300/300 VUs  08m44.5s/13m0s  126.44 iters/s

running (08m46.0s), 300/300 VUs, 13385 complete and 0 interrupted iterations
peak_restaurant_view   [  67% ] 300/300 VUs  08m45.5s/13m0s  126.89 iters/s

running (08m47.0s), 300/300 VUs, 13410 complete and 0 interrupted iterations
peak_restaurant_view   [  67% ] 300/300 VUs  08m46.5s/13m0s  127.33 iters/s

running (08m48.0s), 300/300 VUs, 13431 complete and 0 interrupted iterations
peak_restaurant_view   [  68% ] 300/300 VUs  08m47.5s/13m0s  127.78 iters/s

running (08m49.0s), 300/300 VUs, 13460 complete and 0 interrupted iterations
peak_restaurant_view   [  68% ] 300/300 VUs  08m48.5s/13m0s  128.22 iters/s

running (08m50.0s), 298/300 VUs, 13489 complete and 0 interrupted iterations
peak_restaurant_view   [  68% ] 298/300 VUs  08m49.5s/13m0s  128.66 iters/s

running (08m51.0s), 300/300 VUs, 13514 complete and 0 interrupted iterations
peak_restaurant_view   [  68% ] 300/300 VUs  08m50.5s/13m0s  129.11 iters/s

running (08m52.0s), 300/300 VUs, 13542 complete and 0 interrupted iterations
peak_restaurant_view   [  68% ] 300/300 VUs  08m51.5s/13m0s  129.55 iters/s

running (08m53.0s), 300/300 VUs, 13570 complete and 0 interrupted iterations
peak_restaurant_view   [  68% ] 300/300 VUs  08m52.5s/13m0s  130.00 iters/s

running (08m54.0s), 300/300 VUs, 13599 complete and 0 interrupted iterations
peak_restaurant_view   [  68% ] 300/300 VUs  08m53.5s/13m0s  130.44 iters/s

running (08m55.0s), 300/300 VUs, 13625 complete and 0 interrupted iterations
peak_restaurant_view   [  69% ] 300/300 VUs  08m54.5s/13m0s  130.89 iters/s

running (08m56.0s), 299/300 VUs, 13654 complete and 0 interrupted iterations
peak_restaurant_view   [  69% ] 299/300 VUs  08m55.5s/13m0s  131.33 iters/s

running (08m57.0s), 300/300 VUs, 13680 complete and 0 interrupted iterations
peak_restaurant_view   [  69% ] 300/300 VUs  08m56.5s/13m0s  131.78 iters/s

running (08m58.0s), 300/300 VUs, 13710 complete and 0 interrupted iterations
peak_restaurant_view   [  69% ] 300/300 VUs  08m57.5s/13m0s  132.22 iters/s

running (08m59.0s), 300/300 VUs, 13738 complete and 0 interrupted iterations
peak_restaurant_view   [  69% ] 300/300 VUs  08m58.5s/13m0s  132.66 iters/s

running (09m00.0s), 300/300 VUs, 13764 complete and 0 interrupted iterations
peak_restaurant_view   [  69% ] 300/300 VUs  08m59.5s/13m0s  133.11 iters/s

running (09m01.0s), 298/300 VUs, 13794 complete and 0 interrupted iterations
peak_restaurant_view   [  69% ] 298/300 VUs  09m00.5s/13m0s  133.55 iters/s

running (09m02.0s), 300/300 VUs, 13822 complete and 0 interrupted iterations
peak_restaurant_view   [  69% ] 300/300 VUs  09m01.5s/13m0s  134.00 iters/s

running (09m03.0s), 300/300 VUs, 13846 complete and 0 interrupted iterations
peak_restaurant_view   [  70% ] 300/300 VUs  09m02.5s/13m0s  134.44 iters/s

running (09m04.0s), 300/300 VUs, 13874 complete and 0 interrupted iterations
peak_restaurant_view   [  70% ] 300/300 VUs  09m03.5s/13m0s  134.89 iters/s

running (09m05.0s), 300/300 VUs, 13902 complete and 0 interrupted iterations
peak_restaurant_view   [  70% ] 300/300 VUs  09m04.5s/13m0s  135.33 iters/s

running (09m06.0s), 300/300 VUs, 13930 complete and 0 interrupted iterations
peak_restaurant_view   [  70% ] 300/300 VUs  09m05.5s/13m0s  135.78 iters/s

running (09m07.0s), 300/300 VUs, 13959 complete and 0 interrupted iterations
peak_restaurant_view   [  70% ] 300/300 VUs  09m06.5s/13m0s  136.22 iters/s

running (09m08.0s), 300/300 VUs, 13985 complete and 0 interrupted iterations
peak_restaurant_view   [  70% ] 300/300 VUs  09m07.5s/13m0s  136.66 iters/s

running (09m09.0s), 300/300 VUs, 14013 complete and 0 interrupted iterations
peak_restaurant_view   [  70% ] 300/300 VUs  09m08.5s/13m0s  137.11 iters/s

running (09m10.0s), 300/300 VUs, 14042 complete and 0 interrupted iterations
peak_restaurant_view   [  70% ] 300/300 VUs  09m09.5s/13m0s  137.55 iters/s

running (09m11.0s), 300/300 VUs, 14072 complete and 0 interrupted iterations
peak_restaurant_view   [  71% ] 300/300 VUs  09m10.5s/13m0s  138.00 iters/s

running (09m12.0s), 300/300 VUs, 14101 complete and 0 interrupted iterations
peak_restaurant_view   [  71% ] 300/300 VUs  09m11.5s/13m0s  138.44 iters/s

running (09m13.0s), 300/300 VUs, 14126 complete and 0 interrupted iterations
peak_restaurant_view   [  71% ] 300/300 VUs  09m12.5s/13m0s  138.89 iters/s

running (09m14.0s), 299/300 VUs, 14155 complete and 0 interrupted iterations
peak_restaurant_view   [  71% ] 299/300 VUs  09m13.5s/13m0s  139.33 iters/s

running (09m15.0s), 300/300 VUs, 14183 complete and 0 interrupted iterations
peak_restaurant_view   [  71% ] 300/300 VUs  09m14.5s/13m0s  139.78 iters/s

running (09m16.0s), 300/300 VUs, 14203 complete and 0 interrupted iterations
peak_restaurant_view   [  71% ] 300/300 VUs  09m15.5s/13m0s  140.22 iters/s

running (09m17.0s), 300/300 VUs, 14226 complete and 0 interrupted iterations
peak_restaurant_view   [  71% ] 300/300 VUs  09m16.5s/13m0s  140.66 iters/s

running (09m18.0s), 300/300 VUs, 14236 complete and 0 interrupted iterations
peak_restaurant_view   [  71% ] 300/300 VUs  09m17.5s/13m0s  141.11 iters/s

running (09m19.0s), 300/300 VUs, 14256 complete and 0 interrupted iterations
peak_restaurant_view   [  72% ] 300/300 VUs  09m18.5s/13m0s  141.55 iters/s

running (09m20.0s), 300/300 VUs, 14282 complete and 0 interrupted iterations
peak_restaurant_view   [  72% ] 300/300 VUs  09m19.5s/13m0s  142.00 iters/s

running (09m21.0s), 300/300 VUs, 14312 complete and 0 interrupted iterations
peak_restaurant_view   [  72% ] 300/300 VUs  09m20.5s/13m0s  142.44 iters/s

running (09m22.0s), 300/300 VUs, 14337 complete and 0 interrupted iterations
peak_restaurant_view   [  72% ] 300/300 VUs  09m21.5s/13m0s  142.89 iters/s

running (09m23.0s), 300/300 VUs, 14364 complete and 0 interrupted iterations
peak_restaurant_view   [  72% ] 300/300 VUs  09m22.5s/13m0s  143.33 iters/s

running (09m24.0s), 300/300 VUs, 14392 complete and 0 interrupted iterations
peak_restaurant_view   [  72% ] 300/300 VUs  09m23.5s/13m0s  143.78 iters/s

running (09m25.0s), 300/300 VUs, 14420 complete and 0 interrupted iterations
peak_restaurant_view   [  72% ] 300/300 VUs  09m24.5s/13m0s  144.22 iters/s

running (09m26.0s), 300/300 VUs, 14447 complete and 0 interrupted iterations
peak_restaurant_view   [  72% ] 300/300 VUs  09m25.5s/13m0s  144.66 iters/s

running (09m27.0s), 300/300 VUs, 14475 complete and 0 interrupted iterations
peak_restaurant_view   [  73% ] 300/300 VUs  09m26.5s/13m0s  145.11 iters/s

running (09m28.0s), 300/300 VUs, 14503 complete and 0 interrupted iterations
peak_restaurant_view   [  73% ] 300/300 VUs  09m27.5s/13m0s  145.55 iters/s

running (09m29.0s), 300/300 VUs, 14530 complete and 0 interrupted iterations
peak_restaurant_view   [  73% ] 300/300 VUs  09m28.5s/13m0s  146.00 iters/s

running (09m30.0s), 300/300 VUs, 14556 complete and 0 interrupted iterations
peak_restaurant_view   [  73% ] 300/300 VUs  09m29.5s/13m0s  146.44 iters/s

running (09m31.0s), 300/300 VUs, 14585 complete and 0 interrupted iterations
peak_restaurant_view   [  73% ] 300/300 VUs  09m30.5s/13m0s  146.89 iters/s

running (09m32.0s), 300/300 VUs, 14613 complete and 0 interrupted iterations
peak_restaurant_view   [  73% ] 300/300 VUs  09m31.5s/13m0s  147.33 iters/s

running (09m33.0s), 300/300 VUs, 14637 complete and 0 interrupted iterations
peak_restaurant_view   [  73% ] 300/300 VUs  09m32.5s/13m0s  147.78 iters/s

running (09m34.0s), 300/300 VUs, 14664 complete and 0 interrupted iterations
peak_restaurant_view   [  74% ] 300/300 VUs  09m33.5s/13m0s  148.22 iters/s

running (09m35.0s), 300/300 VUs, 14692 complete and 0 interrupted iterations
peak_restaurant_view   [  74% ] 300/300 VUs  09m34.5s/13m0s  148.66 iters/s

running (09m36.0s), 300/300 VUs, 14721 complete and 0 interrupted iterations
peak_restaurant_view   [  74% ] 300/300 VUs  09m35.5s/13m0s  149.11 iters/s

running (09m37.0s), 300/300 VUs, 14749 complete and 0 interrupted iterations
peak_restaurant_view   [  74% ] 300/300 VUs  09m36.5s/13m0s  149.55 iters/s

running (09m38.0s), 300/300 VUs, 14774 complete and 0 interrupted iterations
peak_restaurant_view   [  74% ] 300/300 VUs  09m37.5s/13m0s  150.00 iters/s

running (09m39.0s), 300/300 VUs, 14803 complete and 0 interrupted iterations
peak_restaurant_view   [  74% ] 300/300 VUs  09m38.5s/13m0s  150.44 iters/s

running (09m40.0s), 300/300 VUs, 14831 complete and 0 interrupted iterations
peak_restaurant_view   [  74% ] 300/300 VUs  09m39.5s/13m0s  150.89 iters/s

running (09m41.0s), 300/300 VUs, 14858 complete and 0 interrupted iterations
peak_restaurant_view   [  74% ] 300/300 VUs  09m40.5s/13m0s  151.33 iters/s

running (09m42.0s), 300/300 VUs, 14887 complete and 0 interrupted iterations
peak_restaurant_view   [  75% ] 300/300 VUs  09m41.5s/13m0s  151.78 iters/s

running (09m43.0s), 300/300 VUs, 14915 complete and 0 interrupted iterations
peak_restaurant_view   [  75% ] 300/300 VUs  09m42.5s/13m0s  152.22 iters/s

running (09m44.0s), 300/300 VUs, 14941 complete and 0 interrupted iterations
peak_restaurant_view   [  75% ] 300/300 VUs  09m43.5s/13m0s  152.66 iters/s

running (09m45.0s), 300/300 VUs, 14970 complete and 0 interrupted iterations
peak_restaurant_view   [  75% ] 300/300 VUs  09m44.5s/13m0s  153.11 iters/s

running (09m46.0s), 300/300 VUs, 14998 complete and 0 interrupted iterations
peak_restaurant_view   [  75% ] 300/300 VUs  09m45.5s/13m0s  153.55 iters/s

running (09m47.0s), 300/300 VUs, 15022 complete and 0 interrupted iterations
peak_restaurant_view   [  75% ] 300/300 VUs  09m46.5s/13m0s  154.00 iters/s

running (09m48.0s), 300/300 VUs, 15048 complete and 0 interrupted iterations
peak_restaurant_view   [  75% ] 300/300 VUs  09m47.5s/13m0s  154.44 iters/s

running (09m49.0s), 300/300 VUs, 15075 complete and 0 interrupted iterations
peak_restaurant_view   [  75% ] 300/300 VUs  09m48.5s/13m0s  154.89 iters/s

running (09m50.0s), 300/300 VUs, 15103 complete and 0 interrupted iterations
peak_restaurant_view   [  76% ] 300/300 VUs  09m49.5s/13m0s  155.33 iters/s

running (09m51.0s), 300/300 VUs, 15131 complete and 0 interrupted iterations
peak_restaurant_view   [  76% ] 300/300 VUs  09m50.5s/13m0s  155.78 iters/s

running (09m52.0s), 300/300 VUs, 15159 complete and 0 interrupted iterations
peak_restaurant_view   [  76% ] 300/300 VUs  09m51.5s/13m0s  156.22 iters/s

running (09m53.0s), 300/300 VUs, 15185 complete and 0 interrupted iterations
peak_restaurant_view   [  76% ] 300/300 VUs  09m52.5s/13m0s  156.66 iters/s

running (09m54.0s), 300/300 VUs, 15214 complete and 0 interrupted iterations
peak_restaurant_view   [  76% ] 300/300 VUs  09m53.5s/13m0s  157.11 iters/s

running (09m55.0s), 300/300 VUs, 15240 complete and 0 interrupted iterations
peak_restaurant_view   [  76% ] 300/300 VUs  09m54.5s/13m0s  157.55 iters/s

running (09m56.0s), 300/300 VUs, 15268 complete and 0 interrupted iterations
peak_restaurant_view   [  76% ] 300/300 VUs  09m55.5s/13m0s  158.00 iters/s

running (09m57.0s), 300/300 VUs, 15296 complete and 0 interrupted iterations
peak_restaurant_view   [  76% ] 300/300 VUs  09m56.5s/13m0s  158.44 iters/s

running (09m58.0s), 300/300 VUs, 15323 complete and 0 interrupted iterations
peak_restaurant_view   [  77% ] 300/300 VUs  09m57.5s/13m0s  158.89 iters/s

running (09m59.0s), 298/300 VUs, 15351 complete and 0 interrupted iterations
peak_restaurant_view   [  77% ] 298/300 VUs  09m58.5s/13m0s  159.33 iters/s

running (10m00.0s), 300/300 VUs, 15377 complete and 0 interrupted iterations
peak_restaurant_view   [  77% ] 300/300 VUs  09m59.5s/13m0s  159.78 iters/s

running (10m01.0s), 300/300 VUs, 15402 complete and 0 interrupted iterations
peak_restaurant_view   [  77% ] 300/300 VUs  10m00.5s/13m0s  160.44 iters/s

running (10m02.0s), 300/300 VUs, 15428 complete and 0 interrupted iterations
peak_restaurant_view   [  77% ] 300/300 VUs  10m01.5s/13m0s  161.33 iters/s

running (10m03.0s), 300/300 VUs, 15449 complete and 0 interrupted iterations
peak_restaurant_view   [  77% ] 300/300 VUs  10m02.5s/13m0s  162.22 iters/s

running (10m04.0s), 300/300 VUs, 15477 complete and 0 interrupted iterations
peak_restaurant_view   [  77% ] 300/300 VUs  10m03.5s/13m0s  163.11 iters/s

running (10m05.0s), 299/300 VUs, 15507 complete and 0 interrupted iterations
peak_restaurant_view   [  77% ] 299/300 VUs  10m04.5s/13m0s  164.00 iters/s

running (10m06.0s), 299/300 VUs, 15533 complete and 0 interrupted iterations
peak_restaurant_view   [  78% ] 299/300 VUs  10m05.5s/13m0s  164.88 iters/s

running (10m07.0s), 300/300 VUs, 15560 complete and 0 interrupted iterations
peak_restaurant_view   [  78% ] 300/300 VUs  10m06.5s/13m0s  165.77 iters/s

running (10m08.0s), 300/300 VUs, 15589 complete and 0 interrupted iterations
peak_restaurant_view   [  78% ] 300/300 VUs  10m07.5s/13m0s  166.66 iters/s

running (10m09.0s), 300/300 VUs, 15615 complete and 0 interrupted iterations
peak_restaurant_view   [  78% ] 300/300 VUs  10m08.5s/13m0s  167.55 iters/s

running (10m10.0s), 300/300 VUs, 15643 complete and 0 interrupted iterations
peak_restaurant_view   [  78% ] 300/300 VUs  10m09.5s/13m0s  168.44 iters/s

running (10m11.0s), 300/300 VUs, 15673 complete and 0 interrupted iterations
peak_restaurant_view   [  78% ] 300/300 VUs  10m10.5s/13m0s  169.33 iters/s

running (10m12.0s), 300/300 VUs, 15699 complete and 0 interrupted iterations
peak_restaurant_view   [  78% ] 300/300 VUs  10m11.5s/13m0s  170.22 iters/s

running (10m13.0s), 300/300 VUs, 15726 complete and 0 interrupted iterations
peak_restaurant_view   [  79% ] 300/300 VUs  10m12.5s/13m0s  171.11 iters/s

running (10m14.0s), 300/300 VUs, 15754 complete and 0 interrupted iterations
peak_restaurant_view   [  79% ] 300/300 VUs  10m13.5s/13m0s  172.00 iters/s

running (10m15.0s), 300/300 VUs, 15781 complete and 0 interrupted iterations
peak_restaurant_view   [  79% ] 300/300 VUs  10m14.5s/13m0s  172.88 iters/s

running (10m16.0s), 300/300 VUs, 15801 complete and 0 interrupted iterations
peak_restaurant_view   [  79% ] 300/300 VUs  10m15.5s/13m0s  173.77 iters/s

running (10m17.0s), 300/300 VUs, 15801 complete and 0 interrupted iterations
peak_restaurant_view   [  79% ] 300/300 VUs  10m16.5s/13m0s  174.66 iters/s

running (10m18.0s), 300/300 VUs, 15802 complete and 0 interrupted iterations
peak_restaurant_view   [  79% ] 300/300 VUs  10m17.5s/13m0s  175.55 iters/s

running (10m19.0s), 300/300 VUs, 15802 complete and 0 interrupted iterations
peak_restaurant_view   [  79% ] 300/300 VUs  10m18.5s/13m0s  176.44 iters/s

running (10m20.0s), 300/300 VUs, 15812 complete and 0 interrupted iterations
peak_restaurant_view   [  79% ] 300/300 VUs  10m19.5s/13m0s  177.33 iters/s

running (10m21.0s), 300/300 VUs, 15834 complete and 0 interrupted iterations
peak_restaurant_view   [  80% ] 300/300 VUs  10m20.5s/13m0s  178.22 iters/s

running (10m22.0s), 300/300 VUs, 15859 complete and 0 interrupted iterations
peak_restaurant_view   [  80% ] 300/300 VUs  10m21.5s/13m0s  179.11 iters/s

running (10m23.0s), 300/300 VUs, 15884 complete and 0 interrupted iterations
peak_restaurant_view   [  80% ] 300/300 VUs  10m22.5s/13m0s  180.00 iters/s

running (10m24.0s), 300/300 VUs, 15908 complete and 0 interrupted iterations
peak_restaurant_view   [  80% ] 300/300 VUs  10m23.5s/13m0s  180.88 iters/s

running (10m25.0s), 300/300 VUs, 15935 complete and 0 interrupted iterations
peak_restaurant_view   [  80% ] 300/300 VUs  10m24.5s/13m0s  181.77 iters/s

running (10m26.0s), 300/300 VUs, 15964 complete and 0 interrupted iterations
peak_restaurant_view   [  80% ] 300/300 VUs  10m25.5s/13m0s  182.66 iters/s

running (10m27.0s), 300/300 VUs, 15990 complete and 0 interrupted iterations
peak_restaurant_view   [  80% ] 300/300 VUs  10m26.5s/13m0s  183.55 iters/s

running (10m28.0s), 300/300 VUs, 16018 complete and 0 interrupted iterations
peak_restaurant_view   [  80% ] 300/300 VUs  10m27.5s/13m0s  184.44 iters/s

running (10m29.0s), 300/300 VUs, 16047 complete and 0 interrupted iterations
peak_restaurant_view   [  81% ] 300/300 VUs  10m28.5s/13m0s  185.33 iters/s

running (10m30.0s), 300/300 VUs, 16074 complete and 0 interrupted iterations
peak_restaurant_view   [  81% ] 300/300 VUs  10m29.5s/13m0s  186.22 iters/s

running (10m31.0s), 300/300 VUs, 16100 complete and 0 interrupted iterations
peak_restaurant_view   [  81% ] 300/300 VUs  10m30.5s/13m0s  187.11 iters/s

running (10m32.0s), 300/300 VUs, 16126 complete and 0 interrupted iterations
peak_restaurant_view   [  81% ] 300/300 VUs  10m31.5s/13m0s  188.00 iters/s

running (10m33.0s), 300/300 VUs, 16151 complete and 0 interrupted iterations
peak_restaurant_view   [  81% ] 300/300 VUs  10m32.5s/13m0s  188.88 iters/s

running (10m34.0s), 300/300 VUs, 16176 complete and 0 interrupted iterations
peak_restaurant_view   [  81% ] 300/300 VUs  10m33.5s/13m0s  189.77 iters/s

running (10m35.0s), 300/300 VUs, 16204 complete and 0 interrupted iterations
peak_restaurant_view   [  81% ] 300/300 VUs  10m34.5s/13m0s  190.66 iters/s

running (10m36.0s), 300/300 VUs, 16230 complete and 0 interrupted iterations
peak_restaurant_view   [  81% ] 300/300 VUs  10m35.5s/13m0s  191.55 iters/s

running (10m37.0s), 300/300 VUs, 16256 complete and 0 interrupted iterations
peak_restaurant_view   [  82% ] 300/300 VUs  10m36.5s/13m0s  192.44 iters/s

running (10m38.0s), 300/300 VUs, 16284 complete and 0 interrupted iterations
peak_restaurant_view   [  82% ] 300/300 VUs  10m37.5s/13m0s  193.33 iters/s

running (10m39.0s), 300/300 VUs, 16310 complete and 0 interrupted iterations
peak_restaurant_view   [  82% ] 300/300 VUs  10m38.5s/13m0s  194.22 iters/s

running (10m40.0s), 300/300 VUs, 16339 complete and 0 interrupted iterations
peak_restaurant_view   [  82% ] 300/300 VUs  10m39.5s/13m0s  195.11 iters/s

running (10m41.0s), 300/300 VUs, 16362 complete and 0 interrupted iterations
peak_restaurant_view   [  82% ] 300/300 VUs  10m40.5s/13m0s  195.99 iters/s

running (10m42.0s), 300/300 VUs, 16390 complete and 0 interrupted iterations
peak_restaurant_view   [  82% ] 300/300 VUs  10m41.5s/13m0s  196.88 iters/s

running (10m43.0s), 300/300 VUs, 16416 complete and 0 interrupted iterations
peak_restaurant_view   [  82% ] 300/300 VUs  10m42.5s/13m0s  197.77 iters/s

running (10m44.0s), 300/300 VUs, 16444 complete and 0 interrupted iterations
peak_restaurant_view   [  82% ] 300/300 VUs  10m43.5s/13m0s  198.66 iters/s

running (10m45.0s), 300/300 VUs, 16471 complete and 0 interrupted iterations
peak_restaurant_view   [  83% ] 300/300 VUs  10m44.5s/13m0s  199.55 iters/s

running (10m46.0s), 300/300 VUs, 16498 complete and 0 interrupted iterations
peak_restaurant_view   [  83% ] 300/300 VUs  10m45.5s/13m0s  200.44 iters/s

running (10m47.0s), 299/300 VUs, 16528 complete and 0 interrupted iterations
peak_restaurant_view   [  83% ] 299/300 VUs  10m46.5s/13m0s  201.33 iters/s

running (10m48.0s), 300/300 VUs, 16548 complete and 0 interrupted iterations
peak_restaurant_view   [  83% ] 300/300 VUs  10m47.5s/13m0s  202.22 iters/s

running (10m49.0s), 300/300 VUs, 16578 complete and 0 interrupted iterations
peak_restaurant_view   [  83% ] 300/300 VUs  10m48.5s/13m0s  203.11 iters/s

running (10m50.0s), 300/300 VUs, 16604 complete and 0 interrupted iterations
peak_restaurant_view   [  83% ] 300/300 VUs  10m49.5s/13m0s  203.99 iters/s

running (10m51.0s), 300/300 VUs, 16631 complete and 0 interrupted iterations
peak_restaurant_view   [  83% ] 300/300 VUs  10m50.5s/13m0s  204.88 iters/s

running (10m52.0s), 300/300 VUs, 16658 complete and 0 interrupted iterations
peak_restaurant_view   [  84% ] 300/300 VUs  10m51.5s/13m0s  205.77 iters/s

running (10m53.0s), 300/300 VUs, 16687 complete and 0 interrupted iterations
peak_restaurant_view   [  84% ] 300/300 VUs  10m52.5s/13m0s  206.66 iters/s

running (10m54.0s), 300/300 VUs, 16714 complete and 0 interrupted iterations
peak_restaurant_view   [  84% ] 300/300 VUs  10m53.5s/13m0s  207.55 iters/s

running (10m55.0s), 300/300 VUs, 16741 complete and 0 interrupted iterations
peak_restaurant_view   [  84% ] 300/300 VUs  10m54.5s/13m0s  208.44 iters/s

running (10m56.0s), 300/300 VUs, 16767 complete and 0 interrupted iterations
peak_restaurant_view   [  84% ] 300/300 VUs  10m55.5s/13m0s  209.33 iters/s

running (10m57.0s), 300/300 VUs, 16797 complete and 0 interrupted iterations
peak_restaurant_view   [  84% ] 300/300 VUs  10m56.5s/13m0s  210.22 iters/s

running (10m58.0s), 300/300 VUs, 16825 complete and 0 interrupted iterations
peak_restaurant_view   [  84% ] 300/300 VUs  10m57.5s/13m0s  211.11 iters/s

running (10m59.0s), 300/300 VUs, 16852 complete and 0 interrupted iterations
peak_restaurant_view   [  84% ] 300/300 VUs  10m58.5s/13m0s  211.99 iters/s

running (11m00.0s), 300/300 VUs, 16880 complete and 0 interrupted iterations
peak_restaurant_view   [  85% ] 300/300 VUs  10m59.5s/13m0s  212.88 iters/s

running (11m01.0s), 299/300 VUs, 16907 complete and 0 interrupted iterations
peak_restaurant_view   [  85% ] 299/300 VUs  11m00.5s/13m0s  213.77 iters/s

running (11m02.0s), 300/300 VUs, 16933 complete and 0 interrupted iterations
peak_restaurant_view   [  85% ] 300/300 VUs  11m01.5s/13m0s  214.66 iters/s

running (11m03.0s), 300/300 VUs, 16957 complete and 0 interrupted iterations
peak_restaurant_view   [  85% ] 300/300 VUs  11m02.5s/13m0s  215.55 iters/s

running (11m04.0s), 300/300 VUs, 16987 complete and 0 interrupted iterations
peak_restaurant_view   [  85% ] 300/300 VUs  11m03.5s/13m0s  216.44 iters/s

running (11m05.0s), 300/300 VUs, 17013 complete and 0 interrupted iterations
peak_restaurant_view   [  85% ] 300/300 VUs  11m04.5s/13m0s  217.33 iters/s

running (11m06.0s), 300/300 VUs, 17041 complete and 0 interrupted iterations
peak_restaurant_view   [  85% ] 300/300 VUs  11m05.5s/13m0s  218.22 iters/s

running (11m07.0s), 300/300 VUs, 17069 complete and 0 interrupted iterations
peak_restaurant_view   [  85% ] 300/300 VUs  11m06.5s/13m0s  219.11 iters/s

running (11m08.0s), 300/300 VUs, 17098 complete and 0 interrupted iterations
peak_restaurant_view   [  86% ] 300/300 VUs  11m07.5s/13m0s  219.99 iters/s

running (11m09.0s), 300/300 VUs, 17125 complete and 0 interrupted iterations
peak_restaurant_view   [  86% ] 300/300 VUs  11m08.5s/13m0s  220.89 iters/s

running (11m10.0s), 300/300 VUs, 17150 complete and 0 interrupted iterations
peak_restaurant_view   [  86% ] 300/300 VUs  11m09.5s/13m0s  221.77 iters/s

running (11m11.0s), 300/300 VUs, 17178 complete and 0 interrupted iterations
peak_restaurant_view   [  86% ] 300/300 VUs  11m10.5s/13m0s  222.66 iters/s

running (11m12.0s), 300/300 VUs, 17207 complete and 0 interrupted iterations
peak_restaurant_view   [  86% ] 300/300 VUs  11m11.5s/13m0s  223.55 iters/s

running (11m13.0s), 300/300 VUs, 17234 complete and 0 interrupted iterations
peak_restaurant_view   [  86% ] 300/300 VUs  11m12.5s/13m0s  224.44 iters/s

running (11m14.0s), 300/300 VUs, 17260 complete and 0 interrupted iterations
peak_restaurant_view   [  86% ] 300/300 VUs  11m13.5s/13m0s  225.33 iters/s

running (11m15.0s), 300/300 VUs, 17287 complete and 0 interrupted iterations
peak_restaurant_view   [  86% ] 300/300 VUs  11m14.5s/13m0s  226.22 iters/s

running (11m16.0s), 300/300 VUs, 17306 complete and 0 interrupted iterations
peak_restaurant_view   [  87% ] 300/300 VUs  11m15.5s/13m0s  227.11 iters/s

running (11m17.0s), 300/300 VUs, 17328 complete and 0 interrupted iterations
peak_restaurant_view   [  87% ] 300/300 VUs  11m16.5s/13m0s  227.99 iters/s

running (11m18.0s), 300/300 VUs, 17332 complete and 0 interrupted iterations
peak_restaurant_view   [  87% ] 300/300 VUs  11m17.5s/13m0s  228.89 iters/s

running (11m19.0s), 300/300 VUs, 17342 complete and 0 interrupted iterations
peak_restaurant_view   [  87% ] 300/300 VUs  11m18.5s/13m0s  229.77 iters/s

running (11m20.0s), 300/300 VUs, 17367 complete and 0 interrupted iterations
peak_restaurant_view   [  87% ] 300/300 VUs  11m19.5s/13m0s  230.66 iters/s

running (11m21.0s), 300/300 VUs, 17395 complete and 0 interrupted iterations
peak_restaurant_view   [  87% ] 300/300 VUs  11m20.5s/13m0s  231.55 iters/s

running (11m22.0s), 300/300 VUs, 17423 complete and 0 interrupted iterations
peak_restaurant_view   [  87% ] 300/300 VUs  11m21.5s/13m0s  232.44 iters/s

running (11m23.0s), 299/300 VUs, 17452 complete and 0 interrupted iterations
peak_restaurant_view   [  87% ] 299/300 VUs  11m22.5s/13m0s  233.33 iters/s

running (11m24.0s), 299/300 VUs, 17479 complete and 0 interrupted iterations
peak_restaurant_view   [  88% ] 299/300 VUs  11m23.5s/13m0s  234.22 iters/s

running (11m25.0s), 300/300 VUs, 17506 complete and 0 interrupted iterations
peak_restaurant_view   [  88% ] 300/300 VUs  11m24.5s/13m0s  235.11 iters/s

running (11m26.0s), 300/300 VUs, 17533 complete and 0 interrupted iterations
peak_restaurant_view   [  88% ] 300/300 VUs  11m25.5s/13m0s  235.99 iters/s

running (11m27.0s), 300/300 VUs, 17561 complete and 0 interrupted iterations
peak_restaurant_view   [  88% ] 300/300 VUs  11m26.5s/13m0s  236.89 iters/s

running (11m28.0s), 300/300 VUs, 17586 complete and 0 interrupted iterations
peak_restaurant_view   [  88% ] 300/300 VUs  11m27.5s/13m0s  237.77 iters/s

running (11m29.0s), 300/300 VUs, 17612 complete and 0 interrupted iterations
peak_restaurant_view   [  88% ] 300/300 VUs  11m28.5s/13m0s  238.66 iters/s

running (11m30.0s), 299/300 VUs, 17642 complete and 0 interrupted iterations
peak_restaurant_view   [  88% ] 299/300 VUs  11m29.5s/13m0s  239.55 iters/s

running (11m31.0s), 300/300 VUs, 17668 complete and 0 interrupted iterations
peak_restaurant_view   [  89% ] 300/300 VUs  11m30.5s/13m0s  240.44 iters/s

running (11m32.0s), 300/300 VUs, 17695 complete and 0 interrupted iterations
peak_restaurant_view   [  89% ] 300/300 VUs  11m31.5s/13m0s  241.33 iters/s

running (11m33.0s), 300/300 VUs, 17722 complete and 0 interrupted iterations
peak_restaurant_view   [  89% ] 300/300 VUs  11m32.5s/13m0s  242.22 iters/s

running (11m34.0s), 300/300 VUs, 17748 complete and 0 interrupted iterations
peak_restaurant_view   [  89% ] 300/300 VUs  11m33.5s/13m0s  243.11 iters/s

running (11m35.0s), 300/300 VUs, 17773 complete and 0 interrupted iterations
peak_restaurant_view   [  89% ] 300/300 VUs  11m34.5s/13m0s  243.99 iters/s

running (11m36.0s), 300/300 VUs, 17803 complete and 0 interrupted iterations
peak_restaurant_view   [  89% ] 300/300 VUs  11m35.5s/13m0s  244.89 iters/s

running (11m37.0s), 300/300 VUs, 17833 complete and 0 interrupted iterations
peak_restaurant_view   [  89% ] 300/300 VUs  11m36.5s/13m0s  245.77 iters/s

running (11m38.0s), 300/300 VUs, 17858 complete and 0 interrupted iterations
peak_restaurant_view   [  89% ] 300/300 VUs  11m37.5s/13m0s  246.66 iters/s

running (11m39.0s), 300/300 VUs, 17885 complete and 0 interrupted iterations
peak_restaurant_view   [  90% ] 300/300 VUs  11m38.5s/13m0s  247.55 iters/s

running (11m40.0s), 300/300 VUs, 17912 complete and 0 interrupted iterations
peak_restaurant_view   [  90% ] 300/300 VUs  11m39.5s/13m0s  248.44 iters/s

running (11m41.0s), 300/300 VUs, 17941 complete and 0 interrupted iterations
peak_restaurant_view   [  90% ] 300/300 VUs  11m40.5s/13m0s  249.33 iters/s

running (11m42.0s), 300/300 VUs, 17969 complete and 0 interrupted iterations
peak_restaurant_view   [  90% ] 300/300 VUs  11m41.5s/13m0s  250.22 iters/s

running (11m43.0s), 300/300 VUs, 17999 complete and 0 interrupted iterations
peak_restaurant_view   [  90% ] 300/300 VUs  11m42.5s/13m0s  251.11 iters/s

running (11m44.0s), 300/300 VUs, 18021 complete and 0 interrupted iterations
peak_restaurant_view   [  90% ] 300/300 VUs  11m43.5s/13m0s  251.99 iters/s

running (11m45.0s), 300/300 VUs, 18049 complete and 0 interrupted iterations
peak_restaurant_view   [  90% ] 300/300 VUs  11m44.5s/13m0s  252.88 iters/s

running (11m46.0s), 300/300 VUs, 18075 complete and 0 interrupted iterations
peak_restaurant_view   [  90% ] 300/300 VUs  11m45.5s/13m0s  253.77 iters/s

running (11m47.0s), 300/300 VUs, 18102 complete and 0 interrupted iterations
peak_restaurant_view   [  91% ] 300/300 VUs  11m46.5s/13m0s  254.66 iters/s

running (11m48.0s), 300/300 VUs, 18124 complete and 0 interrupted iterations
peak_restaurant_view   [  91% ] 300/300 VUs  11m47.5s/13m0s  255.55 iters/s

running (11m49.0s), 299/300 VUs, 18151 complete and 0 interrupted iterations
peak_restaurant_view   [  91% ] 299/300 VUs  11m48.5s/13m0s  256.44 iters/s

running (11m50.0s), 300/300 VUs, 18179 complete and 0 interrupted iterations
peak_restaurant_view   [  91% ] 300/300 VUs  11m49.5s/13m0s  257.33 iters/s

running (11m51.0s), 300/300 VUs, 18207 complete and 0 interrupted iterations
peak_restaurant_view   [  91% ] 300/300 VUs  11m50.5s/13m0s  258.22 iters/s

running (11m52.0s), 300/300 VUs, 18233 complete and 0 interrupted iterations
peak_restaurant_view   [  91% ] 300/300 VUs  11m51.5s/13m0s  259.11 iters/s

running (11m53.0s), 300/300 VUs, 18261 complete and 0 interrupted iterations
peak_restaurant_view   [  91% ] 300/300 VUs  11m52.5s/13m0s  259.99 iters/s

running (11m54.0s), 299/300 VUs, 18290 complete and 0 interrupted iterations
peak_restaurant_view   [  91% ] 299/300 VUs  11m53.5s/13m0s  260.89 iters/s

running (11m55.0s), 300/300 VUs, 18315 complete and 0 interrupted iterations
peak_restaurant_view   [  92% ] 300/300 VUs  11m54.5s/13m0s  261.77 iters/s

running (11m56.0s), 300/300 VUs, 18344 complete and 0 interrupted iterations
peak_restaurant_view   [  92% ] 300/300 VUs  11m55.5s/13m0s  262.66 iters/s

running (11m57.0s), 300/300 VUs, 18372 complete and 0 interrupted iterations
peak_restaurant_view   [  92% ] 300/300 VUs  11m56.5s/13m0s  263.55 iters/s

running (11m58.0s), 300/300 VUs, 18397 complete and 0 interrupted iterations
peak_restaurant_view   [  92% ] 300/300 VUs  11m57.5s/13m0s  264.44 iters/s

running (11m59.0s), 300/300 VUs, 18425 complete and 0 interrupted iterations
peak_restaurant_view   [  92% ] 300/300 VUs  11m58.5s/13m0s  265.33 iters/s

running (12m00.0s), 300/300 VUs, 18452 complete and 0 interrupted iterations
peak_restaurant_view   [  92% ] 300/300 VUs  11m59.5s/13m0s  266.22 iters/s

running (12m01.0s), 300/300 VUs, 18480 complete and 0 interrupted iterations
peak_restaurant_view   [  92% ] 300/300 VUs  12m00.5s/13m0s  267.11 iters/s

running (12m02.0s), 300/300 VUs, 18504 complete and 0 interrupted iterations
peak_restaurant_view   [  92% ] 300/300 VUs  12m01.5s/13m0s  268.00 iters/s

running (12m03.0s), 300/300 VUs, 18521 complete and 0 interrupted iterations
peak_restaurant_view   [  93% ] 300/300 VUs  12m02.5s/13m0s  268.89 iters/s

running (12m04.0s), 300/300 VUs, 18553 complete and 0 interrupted iterations
peak_restaurant_view   [  93% ] 300/300 VUs  12m03.5s/13m0s  269.77 iters/s

running (12m05.0s), 300/300 VUs, 18577 complete and 0 interrupted iterations
peak_restaurant_view   [  93% ] 300/300 VUs  12m04.5s/13m0s  270.66 iters/s

running (12m06.0s), 300/300 VUs, 18604 complete and 0 interrupted iterations
peak_restaurant_view   [  93% ] 300/300 VUs  12m05.5s/13m0s  271.55 iters/s

running (12m07.0s), 300/300 VUs, 18633 complete and 0 interrupted iterations
peak_restaurant_view   [  93% ] 300/300 VUs  12m06.5s/13m0s  272.44 iters/s

running (12m08.0s), 300/300 VUs, 18658 complete and 0 interrupted iterations
peak_restaurant_view   [  93% ] 300/300 VUs  12m07.5s/13m0s  273.33 iters/s

running (12m09.0s), 300/300 VUs, 18686 complete and 0 interrupted iterations
peak_restaurant_view   [  93% ] 300/300 VUs  12m08.5s/13m0s  274.22 iters/s

running (12m10.0s), 300/300 VUs, 18713 complete and 0 interrupted iterations
peak_restaurant_view   [  94% ] 300/300 VUs  12m09.5s/13m0s  275.11 iters/s

running (12m11.0s), 300/300 VUs, 18741 complete and 0 interrupted iterations
peak_restaurant_view   [  94% ] 300/300 VUs  12m10.5s/13m0s  276.00 iters/s

running (12m12.0s), 300/300 VUs, 18767 complete and 0 interrupted iterations
peak_restaurant_view   [  94% ] 300/300 VUs  12m11.5s/13m0s  276.89 iters/s

running (12m13.0s), 300/300 VUs, 18796 complete and 0 interrupted iterations
peak_restaurant_view   [  94% ] 300/300 VUs  12m12.5s/13m0s  277.77 iters/s

running (12m14.0s), 300/300 VUs, 18824 complete and 0 interrupted iterations
peak_restaurant_view   [  94% ] 300/300 VUs  12m13.5s/13m0s  278.66 iters/s

running (12m15.0s), 300/300 VUs, 18850 complete and 0 interrupted iterations
peak_restaurant_view   [  94% ] 300/300 VUs  12m14.5s/13m0s  279.55 iters/s

running (12m16.0s), 300/300 VUs, 18870 complete and 0 interrupted iterations
peak_restaurant_view   [  94% ] 300/300 VUs  12m15.5s/13m0s  280.44 iters/s

running (12m17.0s), 300/300 VUs, 18897 complete and 0 interrupted iterations
peak_restaurant_view   [  94% ] 300/300 VUs  12m16.5s/13m0s  281.33 iters/s

running (12m18.0s), 300/300 VUs, 18905 complete and 0 interrupted iterations
peak_restaurant_view   [  95% ] 300/300 VUs  12m17.5s/13m0s  282.22 iters/s

running (12m19.0s), 300/300 VUs, 18929 complete and 0 interrupted iterations
peak_restaurant_view   [  95% ] 300/300 VUs  12m18.5s/13m0s  283.11 iters/s

running (12m20.0s), 300/300 VUs, 18955 complete and 0 interrupted iterations
peak_restaurant_view   [  95% ] 300/300 VUs  12m19.5s/13m0s  284.00 iters/s

running (12m21.0s), 300/300 VUs, 18984 complete and 0 interrupted iterations
peak_restaurant_view   [  95% ] 300/300 VUs  12m20.5s/13m0s  284.89 iters/s

running (12m22.0s), 300/300 VUs, 19010 complete and 0 interrupted iterations
peak_restaurant_view   [  95% ] 300/300 VUs  12m21.5s/13m0s  285.77 iters/s

running (12m23.0s), 300/300 VUs, 19038 complete and 0 interrupted iterations
peak_restaurant_view   [  95% ] 300/300 VUs  12m22.5s/13m0s  286.66 iters/s

running (12m24.0s), 300/300 VUs, 19067 complete and 0 interrupted iterations
peak_restaurant_view   [  95% ] 300/300 VUs  12m23.5s/13m0s  287.55 iters/s

running (12m25.0s), 300/300 VUs, 19092 complete and 0 interrupted iterations
peak_restaurant_view   [  95% ] 300/300 VUs  12m24.5s/13m0s  288.44 iters/s

running (12m26.0s), 300/300 VUs, 19121 complete and 0 interrupted iterations
peak_restaurant_view   [  96% ] 300/300 VUs  12m25.5s/13m0s  289.33 iters/s

running (12m27.0s), 300/300 VUs, 19147 complete and 0 interrupted iterations
peak_restaurant_view   [  96% ] 300/300 VUs  12m26.5s/13m0s  290.22 iters/s

running (12m28.0s), 300/300 VUs, 19172 complete and 0 interrupted iterations
peak_restaurant_view   [  96% ] 300/300 VUs  12m27.5s/13m0s  291.11 iters/s

running (12m29.0s), 300/300 VUs, 19201 complete and 0 interrupted iterations
peak_restaurant_view   [  96% ] 300/300 VUs  12m28.5s/13m0s  292.00 iters/s

running (12m30.0s), 300/300 VUs, 19230 complete and 0 interrupted iterations
peak_restaurant_view   [  96% ] 300/300 VUs  12m29.5s/13m0s  292.89 iters/s

running (12m31.0s), 300/300 VUs, 19254 complete and 0 interrupted iterations
peak_restaurant_view   [  96% ] 300/300 VUs  12m30.5s/13m0s  293.77 iters/s

running (12m32.0s), 300/300 VUs, 19283 complete and 0 interrupted iterations
peak_restaurant_view   [  96% ] 300/300 VUs  12m31.5s/13m0s  294.66 iters/s

running (12m33.0s), 300/300 VUs, 19304 complete and 0 interrupted iterations
peak_restaurant_view   [  96% ] 300/300 VUs  12m32.5s/13m0s  295.55 iters/s

running (12m34.0s), 300/300 VUs, 19329 complete and 0 interrupted iterations
peak_restaurant_view   [  97% ] 300/300 VUs  12m33.5s/13m0s  296.44 iters/s

running (12m35.0s), 300/300 VUs, 19357 complete and 0 interrupted iterations
peak_restaurant_view   [  97% ] 300/300 VUs  12m34.5s/13m0s  297.33 iters/s

running (12m36.0s), 300/300 VUs, 19385 complete and 0 interrupted iterations
peak_restaurant_view   [  97% ] 300/300 VUs  12m35.5s/13m0s  298.22 iters/s

running (12m37.0s), 300/300 VUs, 19412 complete and 0 interrupted iterations
peak_restaurant_view   [  97% ] 300/300 VUs  12m36.5s/13m0s  299.11 iters/s

running (12m38.0s), 300/300 VUs, 19440 complete and 0 interrupted iterations
peak_restaurant_view   [  97% ] 300/300 VUs  12m37.5s/13m0s  300.00 iters/s

running (12m39.0s), 300/300 VUs, 19470 complete and 0 interrupted iterations
peak_restaurant_view   [  97% ] 300/300 VUs  12m38.5s/13m0s  300.88 iters/s

running (12m40.0s), 299/300 VUs, 19496 complete and 0 interrupted iterations
peak_restaurant_view   [  97% ] 299/300 VUs  12m39.5s/13m0s  301.77 iters/s

running (12m41.0s), 300/300 VUs, 19522 complete and 0 interrupted iterations
peak_restaurant_view   [  97% ] 300/300 VUs  12m40.5s/13m0s  302.66 iters/s

running (12m42.0s), 300/300 VUs, 19550 complete and 0 interrupted iterations
peak_restaurant_view   [  98% ] 300/300 VUs  12m41.5s/13m0s  303.55 iters/s

running (12m43.0s), 300/300 VUs, 19572 complete and 0 interrupted iterations
peak_restaurant_view   [  98% ] 300/300 VUs  12m42.5s/13m0s  304.44 iters/s

running (12m44.0s), 300/300 VUs, 19599 complete and 0 interrupted iterations
peak_restaurant_view   [  98% ] 300/300 VUs  12m43.5s/13m0s  305.33 iters/s

running (12m45.0s), 300/300 VUs, 19627 complete and 0 interrupted iterations
peak_restaurant_view   [  98% ] 300/300 VUs  12m44.5s/13m0s  306.22 iters/s

running (12m46.0s), 300/300 VUs, 19651 complete and 0 interrupted iterations
peak_restaurant_view   [  98% ] 299/300 VUs  12m45.5s/13m0s  307.11 iters/s

running (12m47.0s), 300/300 VUs, 19677 complete and 0 interrupted iterations
peak_restaurant_view   [  98% ] 300/300 VUs  12m46.5s/13m0s  308.00 iters/s

running (12m48.0s), 299/300 VUs, 19702 complete and 0 interrupted iterations
peak_restaurant_view   [  98% ] 299/300 VUs  12m47.5s/13m0s  308.88 iters/s

running (12m49.0s), 300/300 VUs, 19729 complete and 0 interrupted iterations
peak_restaurant_view   [  99% ] 300/300 VUs  12m48.5s/13m0s  309.77 iters/s

running (12m50.0s), 300/300 VUs, 19758 complete and 0 interrupted iterations
peak_restaurant_view   [  99% ] 300/300 VUs  12m49.5s/13m0s  310.66 iters/s

running (12m51.0s), 300/300 VUs, 19785 complete and 0 interrupted iterations
peak_restaurant_view   [  99% ] 300/300 VUs  12m50.5s/13m0s  311.55 iters/s

running (12m52.0s), 300/300 VUs, 19813 complete and 0 interrupted iterations
peak_restaurant_view   [  99% ] 300/300 VUs  12m51.5s/13m0s  312.44 iters/s

running (12m53.0s), 300/300 VUs, 19839 complete and 0 interrupted iterations
peak_restaurant_view   [  99% ] 300/300 VUs  12m52.5s/13m0s  313.33 iters/s

running (12m54.0s), 300/300 VUs, 19866 complete and 0 interrupted iterations
peak_restaurant_view   [  99% ] 300/300 VUs  12m53.5s/13m0s  314.22 iters/s

running (12m55.0s), 300/300 VUs, 19895 complete and 0 interrupted iterations
peak_restaurant_view   [  99% ] 300/300 VUs  12m54.5s/13m0s  315.11 iters/s

running (12m56.0s), 300/300 VUs, 19923 complete and 0 interrupted iterations
peak_restaurant_view   [  99% ] 300/300 VUs  12m55.5s/13m0s  316.00 iters/s

running (12m57.0s), 300/300 VUs, 19952 complete and 0 interrupted iterations
peak_restaurant_view   [ 100% ] 300/300 VUs  12m56.5s/13m0s  316.88 iters/s

running (12m58.0s), 300/300 VUs, 19980 complete and 0 interrupted iterations
peak_restaurant_view   [ 100% ] 300/300 VUs  12m57.5s/13m0s  317.77 iters/s

running (12m59.0s), 300/300 VUs, 20005 complete and 0 interrupted iterations
peak_restaurant_view   [ 100% ] 300/300 VUs  12m58.5s/13m0s  318.66 iters/s

running (13m00.0s), 300/300 VUs, 20035 complete and 0 interrupted iterations
peak_restaurant_view   [ 100% ] 300/300 VUs  12m59.5s/13m0s  319.55 iters/s

running (13m01.0s), 288/300 VUs, 20060 complete and 0 interrupted iterations
peak_restaurant_view ↓ [ 100% ] 300/300 VUs  13m0s  320.00 iters/s

running (13m02.0s), 263/300 VUs, 20085 complete and 0 interrupted iterations
peak_restaurant_view ↓ [ 100% ] 300/300 VUs  13m0s  320.00 iters/s

running (13m03.0s), 237/300 VUs, 20111 complete and 0 interrupted iterations
peak_restaurant_view ↓ [ 100% ] 300/300 VUs  13m0s  320.00 iters/s

running (13m04.0s), 209/300 VUs, 20139 complete and 0 interrupted iterations
peak_restaurant_view ↓ [ 100% ] 300/300 VUs  13m0s  320.00 iters/s

running (13m05.0s), 180/300 VUs, 20168 complete and 0 interrupted iterations
peak_restaurant_view ↓ [ 100% ] 300/300 VUs  13m0s  320.00 iters/s

running (13m06.0s), 152/300 VUs, 20196 complete and 0 interrupted iterations
peak_restaurant_view ↓ [ 100% ] 300/300 VUs  13m0s  320.00 iters/s

running (13m07.0s), 123/300 VUs, 20225 complete and 0 interrupted iterations
peak_restaurant_view ↓ [ 100% ] 300/300 VUs  13m0s  320.00 iters/s

running (13m08.0s), 095/300 VUs, 20253 complete and 0 interrupted iterations
peak_restaurant_view ↓ [ 100% ] 300/300 VUs  13m0s  320.00 iters/s

running (13m09.0s), 065/300 VUs, 20283 complete and 0 interrupted iterations
peak_restaurant_view ↓ [ 100% ] 300/300 VUs  13m0s  320.00 iters/s

running (13m10.0s), 037/300 VUs, 20311 complete and 0 interrupted iterations
peak_restaurant_view ↓ [ 100% ] 300/300 VUs  13m0s  320.00 iters/s

running (13m11.0s), 008/300 VUs, 20340 complete and 0 interrupted iterations
peak_restaurant_view ↓ [ 100% ] 300/300 VUs  13m0s  320.00 iters/s


  █ TOTAL RESULTS 

    checks_total.......: 81392  102.881461/s
    checks_succeeded...: 99.97% 81374 out of 81392
    checks_failed......: 0.02%  18 out of 81392

    ✗ peak_restaurant_detail status is 200
      ↳  99% — ✓ 20345 / ✗ 3
    ✗ peak_restaurant_detail body.success is true
      ↳  99% — ✓ 20345 / ✗ 3
    ✗ peak_dining_sessions status is 200
      ↳  99% — ✓ 20342 / ✗ 6
    ✗ peak_dining_sessions body.success is true
      ↳  99% — ✓ 20342 / ✗ 6

    HTTP
    http_req_duration..............: avg=4.49s min=6.97ms   med=2.3s  max=31.98s p(90)=10.15s p(95)=13.14s p(99)=19.62s
      { expected_response:true }...: avg=4.48s min=6.97ms   med=2.3s  max=31.64s p(90)=10.14s p(95)=13.13s p(99)=19.56s
    http_req_failed................: 0.02%  9 out of 40701
    http_reqs......................: 40701  51.447051/s

    EXECUTION
    dropped_iterations.............: 61851  78.181164/s
    iteration_duration.............: avg=8.98s min=177.76ms med=7.65s max=46.81s p(90)=18.27s p(95)=21.84s p(99)=29.44s
    iterations.....................: 20348  25.720365/s
    vus............................: 8      min=3          max=300
    vus_max........................: 300    min=50         max=300

    NETWORK
    data_received..................: 390 MB 493 kB/s
    data_sent......................: 4.4 MB 5.5 kB/s




running (13m11.1s), 000/300 VUs, 20348 complete and 0 interrupted iterations
peak_restaurant_view ✓ [ 100% ] 000/300 VUs  13m0s  320.00 iters/s
