
         /\      Grafana   /‾‾/  
    /\  /  \     |\  __   /  /   
   /  \/    \    | |/ /  /   ‾‾\ 
  /          \   |   (  |  (‾)  |
 / __________ \  |_|\_\  \_____/ 


     execution: local
        script: k6/scenarios/peak-restaurant-view.js
        output: -

     scenarios: (100.00%) 1 scenario, 300 max VUs, 13m30s max duration (incl. graceful stop):
              * peak_restaurant_view: Up to 320.00 iterations/s for 13m0s over 5 stages (maxVUs: 50-300, gracefulStop: 30s)


running (00m01.0s), 005/050 VUs, 3 complete and 0 interrupted iterations
peak_restaurant_view   [   0% ] 005/050 VUs  00m00.4s/13m0s  020.00 iters/s

running (00m02.0s), 007/050 VUs, 21 complete and 0 interrupted iterations
peak_restaurant_view   [   0% ] 007/050 VUs  00m01.4s/13m0s  020.00 iters/s

running (00m03.0s), 006/050 VUs, 42 complete and 0 interrupted iterations
peak_restaurant_view   [   0% ] 006/050 VUs  00m02.4s/13m0s  020.00 iters/s

running (00m04.0s), 007/050 VUs, 61 complete and 0 interrupted iterations
peak_restaurant_view   [   0% ] 007/050 VUs  00m03.4s/13m0s  020.00 iters/s

running (00m05.0s), 005/050 VUs, 83 complete and 0 interrupted iterations
peak_restaurant_view   [   1% ] 005/050 VUs  00m04.4s/13m0s  020.00 iters/s

running (00m06.0s), 005/050 VUs, 103 complete and 0 interrupted iterations
peak_restaurant_view   [   1% ] 005/050 VUs  00m05.4s/13m0s  020.00 iters/s

running (00m07.0s), 006/050 VUs, 122 complete and 0 interrupted iterations
peak_restaurant_view   [   1% ] 006/050 VUs  00m06.4s/13m0s  020.00 iters/s

running (00m08.0s), 005/050 VUs, 143 complete and 0 interrupted iterations
peak_restaurant_view   [   1% ] 005/050 VUs  00m07.4s/13m0s  020.00 iters/s

running (00m09.0s), 007/050 VUs, 161 complete and 0 interrupted iterations
peak_restaurant_view   [   1% ] 007/050 VUs  00m08.4s/13m0s  020.00 iters/s

running (00m10.0s), 005/050 VUs, 183 complete and 0 interrupted iterations
peak_restaurant_view   [   1% ] 005/050 VUs  00m09.4s/13m0s  020.00 iters/s

running (00m11.0s), 004/050 VUs, 204 complete and 0 interrupted iterations
peak_restaurant_view   [   1% ] 004/050 VUs  00m10.4s/13m0s  020.00 iters/s

running (00m12.0s), 005/050 VUs, 223 complete and 0 interrupted iterations
peak_restaurant_view   [   1% ] 005/050 VUs  00m11.4s/13m0s  020.00 iters/s

running (00m13.0s), 005/050 VUs, 243 complete and 0 interrupted iterations
peak_restaurant_view   [   2% ] 005/050 VUs  00m12.4s/13m0s  020.00 iters/s

running (00m14.0s), 007/050 VUs, 261 complete and 0 interrupted iterations
peak_restaurant_view   [   2% ] 007/050 VUs  00m13.4s/13m0s  020.00 iters/s

running (00m15.0s), 006/050 VUs, 282 complete and 0 interrupted iterations
peak_restaurant_view   [   2% ] 006/050 VUs  00m14.4s/13m0s  020.00 iters/s

running (00m16.0s), 004/050 VUs, 304 complete and 0 interrupted iterations
peak_restaurant_view   [   2% ] 004/050 VUs  00m15.4s/13m0s  020.00 iters/s

running (00m17.0s), 004/050 VUs, 324 complete and 0 interrupted iterations
peak_restaurant_view   [   2% ] 004/050 VUs  00m16.4s/13m0s  020.00 iters/s

running (00m18.0s), 004/050 VUs, 344 complete and 0 interrupted iterations
peak_restaurant_view   [   2% ] 004/050 VUs  00m17.4s/13m0s  020.00 iters/s

running (00m19.0s), 005/050 VUs, 363 complete and 0 interrupted iterations
peak_restaurant_view   [   2% ] 005/050 VUs  00m18.4s/13m0s  020.00 iters/s

running (00m20.0s), 004/050 VUs, 384 complete and 0 interrupted iterations
peak_restaurant_view   [   2% ] 004/050 VUs  00m19.4s/13m0s  020.00 iters/s

running (00m21.0s), 005/050 VUs, 403 complete and 0 interrupted iterations
peak_restaurant_view   [   3% ] 005/050 VUs  00m20.4s/13m0s  020.00 iters/s

running (00m22.0s), 007/050 VUs, 421 complete and 0 interrupted iterations
peak_restaurant_view   [   3% ] 007/050 VUs  00m21.4s/13m0s  020.00 iters/s

running (00m23.0s), 007/050 VUs, 441 complete and 0 interrupted iterations
peak_restaurant_view   [   3% ] 007/050 VUs  00m22.4s/13m0s  020.00 iters/s

running (00m24.0s), 011/050 VUs, 457 complete and 0 interrupted iterations
peak_restaurant_view   [   3% ] 011/050 VUs  00m23.4s/13m0s  020.00 iters/s

running (00m25.0s), 005/050 VUs, 483 complete and 0 interrupted iterations
peak_restaurant_view   [   3% ] 005/050 VUs  00m24.4s/13m0s  020.00 iters/s

running (00m26.0s), 004/050 VUs, 504 complete and 0 interrupted iterations
peak_restaurant_view   [   3% ] 004/050 VUs  00m25.4s/13m0s  020.00 iters/s

running (00m27.0s), 004/050 VUs, 524 complete and 0 interrupted iterations
peak_restaurant_view   [   3% ] 004/050 VUs  00m26.4s/13m0s  020.00 iters/s

running (00m28.0s), 005/050 VUs, 543 complete and 0 interrupted iterations
peak_restaurant_view   [   4% ] 005/050 VUs  00m27.4s/13m0s  020.00 iters/s

running (00m29.0s), 004/050 VUs, 564 complete and 0 interrupted iterations
peak_restaurant_view   [   4% ] 004/050 VUs  00m28.4s/13m0s  020.00 iters/s

running (00m30.0s), 004/050 VUs, 584 complete and 0 interrupted iterations
peak_restaurant_view   [   4% ] 004/050 VUs  00m29.4s/13m0s  020.00 iters/s

running (00m31.0s), 004/050 VUs, 604 complete and 0 interrupted iterations
peak_restaurant_view   [   4% ] 004/050 VUs  00m30.4s/13m0s  020.00 iters/s

running (00m32.0s), 004/050 VUs, 624 complete and 0 interrupted iterations
peak_restaurant_view   [   4% ] 004/050 VUs  00m31.4s/13m0s  020.00 iters/s

running (00m33.0s), 004/050 VUs, 644 complete and 0 interrupted iterations
peak_restaurant_view   [   4% ] 004/050 VUs  00m32.4s/13m0s  020.00 iters/s

running (00m34.0s), 004/050 VUs, 664 complete and 0 interrupted iterations
peak_restaurant_view   [   4% ] 004/050 VUs  00m33.4s/13m0s  020.00 iters/s

running (00m35.0s), 004/050 VUs, 684 complete and 0 interrupted iterations
peak_restaurant_view   [   4% ] 004/050 VUs  00m34.4s/13m0s  020.00 iters/s

running (00m36.0s), 004/050 VUs, 704 complete and 0 interrupted iterations
peak_restaurant_view   [   5% ] 004/050 VUs  00m35.4s/13m0s  020.00 iters/s

running (00m37.0s), 007/050 VUs, 721 complete and 0 interrupted iterations
peak_restaurant_view   [   5% ] 007/050 VUs  00m36.4s/13m0s  020.00 iters/s

running (00m38.0s), 004/050 VUs, 744 complete and 0 interrupted iterations
peak_restaurant_view   [   5% ] 004/050 VUs  00m37.4s/13m0s  020.00 iters/s

running (00m39.0s), 007/050 VUs, 761 complete and 0 interrupted iterations
peak_restaurant_view   [   5% ] 007/050 VUs  00m38.4s/13m0s  020.00 iters/s

running (00m40.0s), 004/050 VUs, 784 complete and 0 interrupted iterations
peak_restaurant_view   [   5% ] 004/050 VUs  00m39.4s/13m0s  020.00 iters/s

running (00m41.0s), 004/050 VUs, 804 complete and 0 interrupted iterations
peak_restaurant_view   [   5% ] 004/050 VUs  00m40.4s/13m0s  020.00 iters/s

running (00m42.0s), 005/050 VUs, 823 complete and 0 interrupted iterations
peak_restaurant_view   [   5% ] 005/050 VUs  00m41.4s/13m0s  020.00 iters/s

running (00m43.0s), 005/050 VUs, 843 complete and 0 interrupted iterations
peak_restaurant_view   [   5% ] 005/050 VUs  00m42.4s/13m0s  020.00 iters/s

running (00m44.0s), 005/050 VUs, 863 complete and 0 interrupted iterations
peak_restaurant_view   [   6% ] 005/050 VUs  00m43.4s/13m0s  020.00 iters/s

running (00m45.0s), 005/050 VUs, 883 complete and 0 interrupted iterations
peak_restaurant_view   [   6% ] 005/050 VUs  00m44.4s/13m0s  020.00 iters/s

running (00m46.0s), 005/050 VUs, 903 complete and 0 interrupted iterations
peak_restaurant_view   [   6% ] 005/050 VUs  00m45.4s/13m0s  020.00 iters/s

running (00m47.0s), 004/050 VUs, 924 complete and 0 interrupted iterations
peak_restaurant_view   [   6% ] 004/050 VUs  00m46.4s/13m0s  020.00 iters/s

running (00m48.0s), 004/050 VUs, 944 complete and 0 interrupted iterations
peak_restaurant_view   [   6% ] 004/050 VUs  00m47.4s/13m0s  020.00 iters/s

running (00m49.0s), 005/050 VUs, 963 complete and 0 interrupted iterations
peak_restaurant_view   [   6% ] 005/050 VUs  00m48.4s/13m0s  020.00 iters/s

running (00m50.0s), 004/050 VUs, 984 complete and 0 interrupted iterations
peak_restaurant_view   [   6% ] 004/050 VUs  00m49.4s/13m0s  020.00 iters/s

running (00m51.0s), 005/050 VUs, 1003 complete and 0 interrupted iterations
peak_restaurant_view   [   6% ] 005/050 VUs  00m50.4s/13m0s  020.00 iters/s

running (00m52.0s), 009/050 VUs, 1019 complete and 0 interrupted iterations
peak_restaurant_view   [   7% ] 009/050 VUs  00m51.4s/13m0s  020.00 iters/s

running (00m53.0s), 015/050 VUs, 1033 complete and 0 interrupted iterations
peak_restaurant_view   [   7% ] 015/050 VUs  00m52.4s/13m0s  020.00 iters/s

running (00m54.0s), 027/050 VUs, 1041 complete and 0 interrupted iterations
peak_restaurant_view   [   7% ] 027/050 VUs  00m53.4s/13m0s  020.00 iters/s

running (00m55.0s), 037/050 VUs, 1051 complete and 0 interrupted iterations
peak_restaurant_view   [   7% ] 037/050 VUs  00m54.4s/13m0s  020.00 iters/s

running (00m56.0s), 033/050 VUs, 1075 complete and 0 interrupted iterations
peak_restaurant_view   [   7% ] 033/050 VUs  00m55.4s/13m0s  020.00 iters/s

running (00m57.0s), 023/050 VUs, 1105 complete and 0 interrupted iterations
peak_restaurant_view   [   7% ] 023/050 VUs  00m56.4s/13m0s  020.00 iters/s

running (00m58.0s), 017/050 VUs, 1131 complete and 0 interrupted iterations
peak_restaurant_view   [   7% ] 017/050 VUs  00m57.4s/13m0s  020.00 iters/s

running (00m59.0s), 008/050 VUs, 1160 complete and 0 interrupted iterations
peak_restaurant_view   [   7% ] 008/050 VUs  00m58.4s/13m0s  020.00 iters/s

running (01m00.0s), 005/050 VUs, 1183 complete and 0 interrupted iterations
peak_restaurant_view   [   8% ] 005/050 VUs  00m59.4s/13m0s  020.00 iters/s

running (01m01.0s), 005/050 VUs, 1203 complete and 0 interrupted iterations
peak_restaurant_view   [   8% ] 005/050 VUs  01m00.4s/13m0s  020.05 iters/s

running (01m02.0s), 005/050 VUs, 1223 complete and 0 interrupted iterations
peak_restaurant_view   [   8% ] 005/050 VUs  01m01.4s/13m0s  020.16 iters/s

running (01m03.0s), 004/050 VUs, 1244 complete and 0 interrupted iterations
peak_restaurant_view   [   8% ] 004/050 VUs  01m02.4s/13m0s  020.27 iters/s

running (01m04.0s), 005/050 VUs, 1264 complete and 0 interrupted iterations
peak_restaurant_view   [   8% ] 005/050 VUs  01m03.4s/13m0s  020.38 iters/s

running (01m05.0s), 005/050 VUs, 1284 complete and 0 interrupted iterations
peak_restaurant_view   [   8% ] 005/050 VUs  01m04.4s/13m0s  020.49 iters/s

running (01m06.0s), 006/050 VUs, 1304 complete and 0 interrupted iterations
peak_restaurant_view   [   8% ] 006/050 VUs  01m05.4s/13m0s  020.60 iters/s

running (01m07.0s), 007/050 VUs, 1323 complete and 0 interrupted iterations
peak_restaurant_view   [   9% ] 007/050 VUs  01m06.4s/13m0s  020.71 iters/s

running (01m08.0s), 007/050 VUs, 1344 complete and 0 interrupted iterations
peak_restaurant_view   [   9% ] 007/050 VUs  01m07.4s/13m0s  020.82 iters/s

running (01m09.0s), 008/050 VUs, 1364 complete and 0 interrupted iterations
peak_restaurant_view   [   9% ] 008/050 VUs  01m08.4s/13m0s  020.94 iters/s

running (01m10.0s), 007/050 VUs, 1386 complete and 0 interrupted iterations
peak_restaurant_view   [   9% ] 007/050 VUs  01m09.4s/13m0s  021.05 iters/s

running (01m11.0s), 007/050 VUs, 1407 complete and 0 interrupted iterations
peak_restaurant_view   [   9% ] 007/050 VUs  01m10.4s/13m0s  021.16 iters/s

running (01m12.0s), 004/050 VUs, 1431 complete and 0 interrupted iterations
peak_restaurant_view   [   9% ] 004/050 VUs  01m11.4s/13m0s  021.27 iters/s

running (01m13.0s), 004/050 VUs, 1452 complete and 0 interrupted iterations
peak_restaurant_view   [   9% ] 004/050 VUs  01m12.4s/13m0s  021.38 iters/s

running (01m14.0s), 005/050 VUs, 1473 complete and 0 interrupted iterations
peak_restaurant_view   [   9% ] 005/050 VUs  01m13.4s/13m0s  021.49 iters/s

running (01m15.0s), 005/050 VUs, 1494 complete and 0 interrupted iterations
peak_restaurant_view   [  10% ] 005/050 VUs  01m14.4s/13m0s  021.60 iters/s

running (01m16.0s), 005/050 VUs, 1516 complete and 0 interrupted iterations
peak_restaurant_view   [  10% ] 005/050 VUs  01m15.4s/13m0s  021.71 iters/s

running (01m17.0s), 011/050 VUs, 1532 complete and 0 interrupted iterations
peak_restaurant_view   [  10% ] 011/050 VUs  01m16.4s/13m0s  021.83 iters/s

running (01m18.0s), 009/050 VUs, 1556 complete and 0 interrupted iterations
peak_restaurant_view   [  10% ] 009/050 VUs  01m17.4s/13m0s  021.94 iters/s

running (01m19.0s), 007/050 VUs, 1580 complete and 0 interrupted iterations
peak_restaurant_view   [  10% ] 007/050 VUs  01m18.4s/13m0s  022.05 iters/s

running (01m20.0s), 007/050 VUs, 1602 complete and 0 interrupted iterations
peak_restaurant_view   [  10% ] 007/050 VUs  01m19.4s/13m0s  022.16 iters/s

running (01m21.0s), 007/050 VUs, 1624 complete and 0 interrupted iterations
peak_restaurant_view   [  10% ] 007/050 VUs  01m20.4s/13m0s  022.27 iters/s

running (01m22.0s), 009/050 VUs, 1644 complete and 0 interrupted iterations
peak_restaurant_view   [  10% ] 009/050 VUs  01m21.4s/13m0s  022.38 iters/s

running (01m23.0s), 008/050 VUs, 1668 complete and 0 interrupted iterations
peak_restaurant_view   [  11% ] 008/050 VUs  01m22.4s/13m0s  022.49 iters/s

running (01m24.0s), 011/050 VUs, 1687 complete and 0 interrupted iterations
peak_restaurant_view   [  11% ] 011/050 VUs  01m23.4s/13m0s  022.60 iters/s

running (01m25.0s), 008/050 VUs, 1713 complete and 0 interrupted iterations
peak_restaurant_view   [  11% ] 008/050 VUs  01m24.4s/13m0s  022.71 iters/s

running (01m26.0s), 008/050 VUs, 1736 complete and 0 interrupted iterations
peak_restaurant_view   [  11% ] 008/050 VUs  01m25.4s/13m0s  022.83 iters/s

running (01m27.0s), 009/050 VUs, 1758 complete and 0 interrupted iterations
peak_restaurant_view   [  11% ] 009/050 VUs  01m26.4s/13m0s  022.94 iters/s

running (01m28.0s), 010/050 VUs, 1780 complete and 0 interrupted iterations
peak_restaurant_view   [  11% ] 010/050 VUs  01m27.4s/13m0s  023.05 iters/s

running (01m29.0s), 009/050 VUs, 1804 complete and 0 interrupted iterations
peak_restaurant_view   [  11% ] 009/050 VUs  01m28.4s/13m0s  023.16 iters/s

running (01m30.0s), 008/050 VUs, 1828 complete and 0 interrupted iterations
peak_restaurant_view   [  11% ] 008/050 VUs  01m29.4s/13m0s  023.27 iters/s

running (01m31.0s), 009/050 VUs, 1850 complete and 0 interrupted iterations
peak_restaurant_view   [  12% ] 009/050 VUs  01m30.4s/13m0s  023.38 iters/s

running (01m32.0s), 006/050 VUs, 1877 complete and 0 interrupted iterations
peak_restaurant_view   [  12% ] 006/050 VUs  01m31.4s/13m0s  023.49 iters/s

running (01m33.0s), 006/050 VUs, 1900 complete and 0 interrupted iterations
peak_restaurant_view   [  12% ] 006/050 VUs  01m32.4s/13m0s  023.60 iters/s

running (01m34.0s), 007/050 VUs, 1923 complete and 0 interrupted iterations
peak_restaurant_view   [  12% ] 007/050 VUs  01m33.4s/13m0s  023.71 iters/s

running (01m35.0s), 006/050 VUs, 1948 complete and 0 interrupted iterations
peak_restaurant_view   [  12% ] 006/050 VUs  01m34.4s/13m0s  023.83 iters/s

running (01m36.0s), 007/050 VUs, 1971 complete and 0 interrupted iterations
peak_restaurant_view   [  12% ] 007/050 VUs  01m35.4s/13m0s  023.94 iters/s

running (01m37.0s), 009/050 VUs, 1993 complete and 0 interrupted iterations
peak_restaurant_view   [  12% ] 009/050 VUs  01m36.4s/13m0s  024.05 iters/s

running (01m38.0s), 009/050 VUs, 2017 complete and 0 interrupted iterations
peak_restaurant_view   [  12% ] 009/050 VUs  01m37.4s/13m0s  024.16 iters/s

running (01m39.0s), 012/050 VUs, 2038 complete and 0 interrupted iterations
peak_restaurant_view   [  13% ] 012/050 VUs  01m38.4s/13m0s  024.27 iters/s

running (01m40.0s), 007/050 VUs, 2067 complete and 0 interrupted iterations
peak_restaurant_view   [  13% ] 007/050 VUs  01m39.4s/13m0s  024.38 iters/s

running (01m41.0s), 007/050 VUs, 2092 complete and 0 interrupted iterations
peak_restaurant_view   [  13% ] 007/050 VUs  01m40.4s/13m0s  024.49 iters/s

running (01m42.0s), 006/050 VUs, 2117 complete and 0 interrupted iterations
peak_restaurant_view   [  13% ] 006/050 VUs  01m41.4s/13m0s  024.60 iters/s

running (01m43.0s), 006/050 VUs, 2142 complete and 0 interrupted iterations
peak_restaurant_view   [  13% ] 006/050 VUs  01m42.4s/13m0s  024.71 iters/s

running (01m44.0s), 007/050 VUs, 2166 complete and 0 interrupted iterations
peak_restaurant_view   [  13% ] 007/050 VUs  01m43.4s/13m0s  024.83 iters/s

running (01m45.0s), 006/050 VUs, 2191 complete and 0 interrupted iterations
peak_restaurant_view   [  13% ] 006/050 VUs  01m44.4s/13m0s  024.93 iters/s

running (01m46.0s), 006/050 VUs, 2216 complete and 0 interrupted iterations
peak_restaurant_view   [  14% ] 006/050 VUs  01m45.4s/13m0s  025.04 iters/s

running (01m47.0s), 007/050 VUs, 2241 complete and 0 interrupted iterations
peak_restaurant_view   [  14% ] 007/050 VUs  01m46.4s/13m0s  025.16 iters/s

running (01m48.0s), 006/050 VUs, 2267 complete and 0 interrupted iterations
peak_restaurant_view   [  14% ] 006/050 VUs  01m47.4s/13m0s  025.27 iters/s

running (01m49.0s), 006/050 VUs, 2292 complete and 0 interrupted iterations
peak_restaurant_view   [  14% ] 006/050 VUs  01m48.4s/13m0s  025.38 iters/s

running (01m50.0s), 007/050 VUs, 2317 complete and 0 interrupted iterations
peak_restaurant_view   [  14% ] 007/050 VUs  01m49.4s/13m0s  025.49 iters/s

running (01m51.0s), 006/050 VUs, 2343 complete and 0 interrupted iterations
peak_restaurant_view   [  14% ] 006/050 VUs  01m50.4s/13m0s  025.60 iters/s

running (01m52.0s), 012/050 VUs, 2363 complete and 0 interrupted iterations
peak_restaurant_view   [  14% ] 012/050 VUs  01m51.4s/13m0s  025.71 iters/s

running (01m53.0s), 016/050 VUs, 2385 complete and 0 interrupted iterations
peak_restaurant_view   [  14% ] 016/050 VUs  01m52.4s/13m0s  025.83 iters/s

running (01m54.0s), 036/050 VUs, 2390 complete and 0 interrupted iterations
peak_restaurant_view   [  15% ] 036/050 VUs  01m53.4s/13m0s  025.93 iters/s

running (01m55.0s), 054/055 VUs, 2393 complete and 0 interrupted iterations
peak_restaurant_view   [  15% ] 054/055 VUs  01m54.4s/13m0s  026.04 iters/s

running (01m56.0s), 059/061 VUs, 2409 complete and 0 interrupted iterations
peak_restaurant_view   [  15% ] 059/061 VUs  01m55.4s/13m0s  026.16 iters/s

running (01m57.0s), 058/062 VUs, 2435 complete and 0 interrupted iterations
peak_restaurant_view   [  15% ] 058/062 VUs  01m56.4s/13m0s  026.27 iters/s

running (01m58.0s), 059/062 VUs, 2460 complete and 0 interrupted iterations
peak_restaurant_view   [  15% ] 059/062 VUs  01m57.4s/13m0s  026.38 iters/s

running (01m59.0s), 056/062 VUs, 2489 complete and 0 interrupted iterations
peak_restaurant_view   [  15% ] 056/062 VUs  01m58.4s/13m0s  026.49 iters/s

running (02m00.0s), 060/062 VUs, 2512 complete and 0 interrupted iterations
peak_restaurant_view   [  15% ] 060/062 VUs  01m59.4s/13m0s  026.60 iters/s

running (02m01.0s), 061/063 VUs, 2537 complete and 0 interrupted iterations
peak_restaurant_view   [  15% ] 061/063 VUs  02m00.4s/13m0s  026.71 iters/s

running (02m02.0s), 061/063 VUs, 2563 complete and 0 interrupted iterations
peak_restaurant_view   [  16% ] 061/063 VUs  02m01.4s/13m0s  026.82 iters/s

running (02m03.0s), 059/063 VUs, 2592 complete and 0 interrupted iterations
peak_restaurant_view   [  16% ] 059/063 VUs  02m02.4s/13m0s  026.93 iters/s

running (02m04.0s), 061/063 VUs, 2617 complete and 0 interrupted iterations
peak_restaurant_view   [  16% ] 061/063 VUs  02m03.4s/13m0s  027.05 iters/s

running (02m05.0s), 059/063 VUs, 2646 complete and 0 interrupted iterations
peak_restaurant_view   [  16% ] 059/063 VUs  02m04.4s/13m0s  027.16 iters/s

running (02m06.0s), 059/063 VUs, 2674 complete and 0 interrupted iterations
peak_restaurant_view   [  16% ] 059/063 VUs  02m05.4s/13m0s  027.27 iters/s

running (02m07.0s), 061/063 VUs, 2699 complete and 0 interrupted iterations
peak_restaurant_view   [  16% ] 061/063 VUs  02m06.4s/13m0s  027.38 iters/s

running (02m08.0s), 059/063 VUs, 2728 complete and 0 interrupted iterations
peak_restaurant_view   [  16% ] 059/063 VUs  02m07.4s/13m0s  027.49 iters/s

running (02m09.0s), 064/064 VUs, 2750 complete and 0 interrupted iterations
peak_restaurant_view   [  16% ] 064/064 VUs  02m08.4s/13m0s  027.60 iters/s

running (02m10.0s), 064/065 VUs, 2777 complete and 0 interrupted iterations
peak_restaurant_view   [  17% ] 064/065 VUs  02m09.4s/13m0s  027.71 iters/s

running (02m11.0s), 064/066 VUs, 2803 complete and 0 interrupted iterations
peak_restaurant_view   [  17% ] 064/066 VUs  02m10.4s/13m0s  027.82 iters/s

running (02m12.0s), 062/066 VUs, 2833 complete and 0 interrupted iterations
peak_restaurant_view   [  17% ] 062/066 VUs  02m11.4s/13m0s  027.93 iters/s

running (02m13.0s), 064/067 VUs, 2858 complete and 0 interrupted iterations
peak_restaurant_view   [  17% ] 064/067 VUs  02m12.4s/13m0s  028.05 iters/s

running (02m14.0s), 063/067 VUs, 2887 complete and 0 interrupted iterations
peak_restaurant_view   [  17% ] 063/067 VUs  02m13.4s/13m0s  028.16 iters/s

running (02m15.0s), 064/067 VUs, 2915 complete and 0 interrupted iterations
peak_restaurant_view   [  17% ] 064/067 VUs  02m14.4s/13m0s  028.27 iters/s

running (02m16.0s), 067/068 VUs, 2939 complete and 0 interrupted iterations
peak_restaurant_view   [  17% ] 067/068 VUs  02m15.4s/13m0s  028.38 iters/s

running (02m17.0s), 067/068 VUs, 2967 complete and 0 interrupted iterations
peak_restaurant_view   [  17% ] 067/068 VUs  02m16.4s/13m0s  028.49 iters/s

running (02m18.0s), 068/069 VUs, 2994 complete and 0 interrupted iterations
peak_restaurant_view   [  18% ] 068/069 VUs  02m17.4s/13m0s  028.60 iters/s

running (02m19.0s), 068/070 VUs, 3022 complete and 0 interrupted iterations
peak_restaurant_view   [  18% ] 068/070 VUs  02m18.4s/13m0s  028.72 iters/s

running (02m20.0s), 069/071 VUs, 3048 complete and 0 interrupted iterations
peak_restaurant_view   [  18% ] 069/071 VUs  02m19.4s/13m0s  028.82 iters/s

running (02m21.0s), 069/072 VUs, 3076 complete and 0 interrupted iterations
peak_restaurant_view   [  18% ] 069/072 VUs  02m20.4s/13m0s  028.93 iters/s

running (02m22.0s), 071/073 VUs, 3102 complete and 0 interrupted iterations
peak_restaurant_view   [  18% ] 071/073 VUs  02m21.4s/13m0s  029.05 iters/s

running (02m23.0s), 071/076 VUs, 3128 complete and 0 interrupted iterations
peak_restaurant_view   [  18% ] 071/076 VUs  02m22.4s/13m0s  029.16 iters/s

running (02m24.0s), 077/077 VUs, 3150 complete and 0 interrupted iterations
peak_restaurant_view   [  18% ] 077/077 VUs  02m23.4s/13m0s  029.27 iters/s

running (02m25.0s), 077/078 VUs, 3179 complete and 0 interrupted iterations
peak_restaurant_view   [  19% ] 077/078 VUs  02m24.4s/13m0s  029.38 iters/s

running (02m26.0s), 078/079 VUs, 3206 complete and 0 interrupted iterations
peak_restaurant_view   [  19% ] 078/079 VUs  02m25.4s/13m0s  029.49 iters/s

running (02m27.0s), 078/080 VUs, 3235 complete and 0 interrupted iterations
peak_restaurant_view   [  19% ] 078/080 VUs  02m26.4s/13m0s  029.60 iters/s

running (02m28.0s), 079/081 VUs, 3262 complete and 0 interrupted iterations
peak_restaurant_view   [  19% ] 079/081 VUs  02m27.4s/13m0s  029.71 iters/s

running (02m29.0s), 080/082 VUs, 3290 complete and 0 interrupted iterations
peak_restaurant_view   [  19% ] 080/082 VUs  02m28.4s/13m0s  029.82 iters/s

running (02m30.0s), 082/082 VUs, 3318 complete and 0 interrupted iterations
peak_restaurant_view   [  19% ] 082/082 VUs  02m29.4s/13m0s  029.94 iters/s

running (02m31.0s), 083/084 VUs, 3345 complete and 0 interrupted iterations
peak_restaurant_view   [  19% ] 083/084 VUs  02m30.4s/13m0s  030.05 iters/s

running (02m32.0s), 083/085 VUs, 3374 complete and 0 interrupted iterations
peak_restaurant_view   [  19% ] 083/085 VUs  02m31.4s/13m0s  030.16 iters/s

running (02m33.0s), 084/086 VUs, 3402 complete and 0 interrupted iterations
peak_restaurant_view   [  20% ] 084/086 VUs  02m32.4s/13m0s  030.27 iters/s

running (02m34.0s), 085/089 VUs, 3429 complete and 0 interrupted iterations
peak_restaurant_view   [  20% ] 085/089 VUs  02m33.4s/13m0s  030.38 iters/s

running (02m35.0s), 088/090 VUs, 3455 complete and 0 interrupted iterations
peak_restaurant_view   [  20% ] 088/090 VUs  02m34.4s/13m0s  030.49 iters/s

running (02m36.0s), 089/091 VUs, 3484 complete and 0 interrupted iterations
peak_restaurant_view   [  20% ] 089/091 VUs  02m35.4s/13m0s  030.60 iters/s

running (02m37.0s), 092/094 VUs, 3508 complete and 0 interrupted iterations
peak_restaurant_view   [  20% ] 092/094 VUs  02m36.4s/13m0s  030.71 iters/s

running (02m38.0s), 096/097 VUs, 3532 complete and 0 interrupted iterations
peak_restaurant_view   [  20% ] 096/097 VUs  02m37.4s/13m0s  030.82 iters/s

running (02m39.0s), 102/103 VUs, 3551 complete and 0 interrupted iterations
peak_restaurant_view   [  20% ] 102/103 VUs  02m38.4s/13m0s  030.94 iters/s

running (02m40.0s), 102/105 VUs, 3580 complete and 0 interrupted iterations
peak_restaurant_view   [  20% ] 102/105 VUs  02m39.4s/13m0s  031.05 iters/s

running (02m41.0s), 104/107 VUs, 3607 complete and 0 interrupted iterations
peak_restaurant_view   [  21% ] 104/107 VUs  02m40.4s/13m0s  031.16 iters/s

running (02m42.0s), 108/109 VUs, 3632 complete and 0 interrupted iterations
peak_restaurant_view   [  21% ] 108/109 VUs  02m41.4s/13m0s  031.27 iters/s

running (02m43.0s), 110/111 VUs, 3660 complete and 0 interrupted iterations
peak_restaurant_view   [  21% ] 110/111 VUs  02m42.4s/13m0s  031.38 iters/s

running (02m44.0s), 112/113 VUs, 3687 complete and 0 interrupted iterations
peak_restaurant_view   [  21% ] 112/113 VUs  02m43.4s/13m0s  031.49 iters/s

running (02m45.0s), 115/115 VUs, 3714 complete and 0 interrupted iterations
peak_restaurant_view   [  21% ] 115/115 VUs  02m44.4s/13m0s  031.60 iters/s

running (02m46.0s), 115/117 VUs, 3743 complete and 0 interrupted iterations
peak_restaurant_view   [  21% ] 115/117 VUs  02m45.4s/13m0s  031.71 iters/s

running (02m47.0s), 118/119 VUs, 3770 complete and 0 interrupted iterations
peak_restaurant_view   [  21% ] 118/119 VUs  02m46.4s/13m0s  031.82 iters/s

running (02m48.0s), 120/122 VUs, 3797 complete and 0 interrupted iterations
peak_restaurant_view   [  21% ] 120/122 VUs  02m47.4s/13m0s  031.94 iters/s

running (02m49.0s), 121/124 VUs, 3826 complete and 0 interrupted iterations
peak_restaurant_view   [  22% ] 121/124 VUs  02m48.4s/13m0s  032.05 iters/s

running (02m50.0s), 125/127 VUs, 3851 complete and 0 interrupted iterations
peak_restaurant_view   [  22% ] 125/127 VUs  02m49.4s/13m0s  032.16 iters/s

running (02m51.0s), 126/129 VUs, 3880 complete and 0 interrupted iterations
peak_restaurant_view   [  22% ] 126/129 VUs  02m50.4s/13m0s  032.27 iters/s

running (02m52.0s), 133/134 VUs, 3901 complete and 0 interrupted iterations
peak_restaurant_view   [  22% ] 133/134 VUs  02m51.4s/13m0s  032.38 iters/s

running (02m53.0s), 135/138 VUs, 3927 complete and 0 interrupted iterations
peak_restaurant_view   [  22% ] 135/138 VUs  02m52.4s/13m0s  032.49 iters/s

running (02m54.0s), 149/150 VUs, 3934 complete and 0 interrupted iterations
peak_restaurant_view   [  22% ] 149/150 VUs  02m53.4s/13m0s  032.60 iters/s

running (02m55.0s), 155/156 VUs, 3954 complete and 0 interrupted iterations
peak_restaurant_view   [  22% ] 155/156 VUs  02m54.4s/13m0s  032.71 iters/s

running (02m56.0s), 155/159 VUs, 3984 complete and 0 interrupted iterations
peak_restaurant_view   [  22% ] 155/159 VUs  02m55.4s/13m0s  032.82 iters/s

running (02m57.0s), 159/162 VUs, 4010 complete and 0 interrupted iterations
peak_restaurant_view   [  23% ] 159/162 VUs  02m56.4s/13m0s  032.94 iters/s

running (02m58.0s), 162/164 VUs, 4038 complete and 0 interrupted iterations
peak_restaurant_view   [  23% ] 162/164 VUs  02m57.4s/13m0s  033.05 iters/s

running (02m59.0s), 166/166 VUs, 4065 complete and 0 interrupted iterations
peak_restaurant_view   [  23% ] 166/166 VUs  02m58.4s/13m0s  033.16 iters/s

running (03m00.0s), 169/169 VUs, 4092 complete and 0 interrupted iterations
peak_restaurant_view   [  23% ] 169/169 VUs  02m59.4s/13m0s  033.27 iters/s

running (03m01.0s), 170/172 VUs, 4121 complete and 0 interrupted iterations
peak_restaurant_view   [  23% ] 170/172 VUs  03m00.4s/13m0s  033.38 iters/s

running (03m02.0s), 174/175 VUs, 4148 complete and 0 interrupted iterations
peak_restaurant_view   [  23% ] 174/175 VUs  03m01.4s/13m0s  033.49 iters/s

running (03m03.0s), 176/178 VUs, 4176 complete and 0 interrupted iterations
peak_restaurant_view   [  23% ] 176/178 VUs  03m02.4s/13m0s  033.60 iters/s

running (03m04.0s), 178/182 VUs, 4204 complete and 0 interrupted iterations
peak_restaurant_view   [  24% ] 178/182 VUs  03m03.4s/13m0s  033.71 iters/s

running (03m05.0s), 182/185 VUs, 4231 complete and 0 interrupted iterations
peak_restaurant_view   [  24% ] 182/185 VUs  03m04.4s/13m0s  033.82 iters/s

running (03m06.0s), 186/188 VUs, 4258 complete and 0 interrupted iterations
peak_restaurant_view   [  24% ] 186/188 VUs  03m05.4s/13m0s  033.94 iters/s

running (03m07.0s), 192/193 VUs, 4281 complete and 0 interrupted iterations
peak_restaurant_view   [  24% ] 192/193 VUs  03m06.4s/13m0s  034.05 iters/s

running (03m08.0s), 195/197 VUs, 4308 complete and 0 interrupted iterations
peak_restaurant_view   [  24% ] 195/197 VUs  03m07.4s/13m0s  034.16 iters/s

running (03m09.0s), 203/204 VUs, 4327 complete and 0 interrupted iterations
peak_restaurant_view   [  24% ] 203/204 VUs  03m08.4s/13m0s  034.27 iters/s

running (03m10.0s), 208/211 VUs, 4349 complete and 0 interrupted iterations
peak_restaurant_view   [  24% ] 208/211 VUs  03m09.4s/13m0s  034.38 iters/s

running (03m11.0s), 213/214 VUs, 4376 complete and 0 interrupted iterations
peak_restaurant_view   [  24% ] 213/214 VUs  03m10.4s/13m0s  034.49 iters/s

running (03m12.0s), 215/217 VUs, 4405 complete and 0 interrupted iterations
peak_restaurant_view   [  25% ] 215/217 VUs  03m11.4s/13m0s  034.60 iters/s

running (03m13.0s), 221/221 VUs, 4430 complete and 0 interrupted iterations
peak_restaurant_view   [  25% ] 221/221 VUs  03m12.4s/13m0s  034.71 iters/s

running (03m14.0s), 223/225 VUs, 4459 complete and 0 interrupted iterations
peak_restaurant_view   [  25% ] 223/225 VUs  03m13.4s/13m0s  034.82 iters/s

running (03m15.0s), 228/228 VUs, 4486 complete and 0 interrupted iterations
peak_restaurant_view   [  25% ] 228/228 VUs  03m14.4s/13m0s  034.94 iters/s

running (03m16.0s), 230/233 VUs, 4514 complete and 0 interrupted iterations
peak_restaurant_view   [  25% ] 230/233 VUs  03m15.4s/13m0s  035.05 iters/s

running (03m17.0s), 233/237 VUs, 4542 complete and 0 interrupted iterations
peak_restaurant_view   [  25% ] 233/237 VUs  03m16.4s/13m0s  035.16 iters/s

running (03m18.0s), 240/240 VUs, 4567 complete and 0 interrupted iterations
peak_restaurant_view   [  25% ] 240/240 VUs  03m17.4s/13m0s  035.27 iters/s

running (03m19.0s), 241/244 VUs, 4597 complete and 0 interrupted iterations
peak_restaurant_view   [  25% ] 241/244 VUs  03m18.4s/13m0s  035.38 iters/s

running (03m20.0s), 247/248 VUs, 4623 complete and 0 interrupted iterations
peak_restaurant_view   [  26% ] 247/248 VUs  03m19.4s/13m0s  035.49 iters/s

running (03m21.0s), 250/251 VUs, 4652 complete and 0 interrupted iterations
peak_restaurant_view   [  26% ] 250/251 VUs  03m20.4s/13m0s  035.60 iters/s

running (03m22.0s), 255/257 VUs, 4677 complete and 0 interrupted iterations
peak_restaurant_view   [  26% ] 255/257 VUs  03m21.4s/13m0s  035.71 iters/s

running (03m23.0s), 260/261 VUs, 4704 complete and 0 interrupted iterations
peak_restaurant_view   [  26% ] 260/261 VUs  03m22.4s/13m0s  035.83 iters/s

running (03m24.0s), 267/267 VUs, 4727 complete and 0 interrupted iterations
peak_restaurant_view   [  26% ] 267/267 VUs  03m23.4s/13m0s  035.94 iters/s

running (03m25.0s), 271/272 VUs, 4754 complete and 0 interrupted iterations
peak_restaurant_view   [  26% ] 271/272 VUs  03m24.4s/13m0s  036.05 iters/s

running (03m26.0s), 276/276 VUs, 4781 complete and 0 interrupted iterations
peak_restaurant_view   [  26% ] 276/276 VUs  03m25.4s/13m0s  036.16 iters/s

running (03m27.0s), 278/280 VUs, 4811 complete and 0 interrupted iterations
peak_restaurant_view   [  26% ] 278/280 VUs  03m26.4s/13m0s  036.27 iters/s

running (03m28.0s), 283/285 VUs, 4837 complete and 0 interrupted iterations
peak_restaurant_view   [  27% ] 283/285 VUs  03m27.4s/13m0s  036.38 iters/s

running (03m29.0s), 288/289 VUs, 4865 complete and 0 interrupted iterations
peak_restaurant_view   [  27% ] 288/289 VUs  03m28.4s/13m0s  036.49 iters/s

running (03m30.0s), 290/294 VUs, 4894 complete and 0 interrupted iterations
peak_restaurant_view   [  27% ] 290/294 VUs  03m29.4s/13m0s  036.60 iters/s

running (03m31.0s), 299/299 VUs, 4917 complete and 0 interrupted iterations
peak_restaurant_view   [  27% ] 299/299 VUs  03m30.4s/13m0s  036.71 iters/s
time="2026-08-12T11:07:39+09:00" level=warning msg="Insufficient VUs, reached 300 active VUs and cannot initialize more" executor=ramping-arrival-rate scenario=peak_restaurant_view

running (03m32.0s), 300/300 VUs, 4947 complete and 0 interrupted iterations
peak_restaurant_view   [  27% ] 300/300 VUs  03m31.4s/13m0s  036.83 iters/s

running (03m33.0s), 300/300 VUs, 4974 complete and 0 interrupted iterations
peak_restaurant_view   [  27% ] 300/300 VUs  03m32.4s/13m0s  036.94 iters/s

running (03m34.0s), 298/300 VUs, 5002 complete and 0 interrupted iterations
peak_restaurant_view   [  27% ] 298/300 VUs  03m33.4s/13m0s  037.05 iters/s
time="2026-08-12T11:07:42+09:00" level=warning msg="Request Failed" error="Get \"http://15.164.48.39:8080/api/restaurants/9\": dial: i/o timeout"

running (03m35.0s), 300/300 VUs, 5028 complete and 0 interrupted iterations
peak_restaurant_view   [  27% ] 300/300 VUs  03m34.4s/13m0s  037.16 iters/s

running (03m36.0s), 300/300 VUs, 5054 complete and 0 interrupted iterations
peak_restaurant_view   [  28% ] 300/300 VUs  03m35.4s/13m0s  037.27 iters/s

running (03m37.0s), 300/300 VUs, 5081 complete and 0 interrupted iterations
peak_restaurant_view   [  28% ] 300/300 VUs  03m36.4s/13m0s  037.38 iters/s

running (03m38.0s), 300/300 VUs, 5106 complete and 0 interrupted iterations
peak_restaurant_view   [  28% ] 300/300 VUs  03m37.4s/13m0s  037.49 iters/s

running (03m39.0s), 300/300 VUs, 5128 complete and 0 interrupted iterations
peak_restaurant_view   [  28% ] 300/300 VUs  03m38.4s/13m0s  037.60 iters/s

running (03m40.0s), 300/300 VUs, 5151 complete and 0 interrupted iterations
peak_restaurant_view   [  28% ] 300/300 VUs  03m39.4s/13m0s  037.71 iters/s

running (03m41.0s), 298/300 VUs, 5179 complete and 0 interrupted iterations
peak_restaurant_view   [  28% ] 298/300 VUs  03m40.4s/13m0s  037.83 iters/s

running (03m42.0s), 299/300 VUs, 5205 complete and 0 interrupted iterations
peak_restaurant_view   [  28% ] 299/300 VUs  03m41.4s/13m0s  037.93 iters/s

running (03m43.0s), 299/300 VUs, 5234 complete and 0 interrupted iterations
peak_restaurant_view   [  29% ] 299/300 VUs  03m42.4s/13m0s  038.05 iters/s

running (03m44.0s), 300/300 VUs, 5259 complete and 0 interrupted iterations
peak_restaurant_view   [  29% ] 300/300 VUs  03m43.4s/13m0s  038.16 iters/s

running (03m45.0s), 300/300 VUs, 5288 complete and 0 interrupted iterations
peak_restaurant_view   [  29% ] 300/300 VUs  03m44.4s/13m0s  038.27 iters/s

running (03m46.0s), 298/300 VUs, 5317 complete and 0 interrupted iterations
peak_restaurant_view   [  29% ] 298/300 VUs  03m45.4s/13m0s  038.38 iters/s

running (03m47.0s), 298/300 VUs, 5343 complete and 0 interrupted iterations
peak_restaurant_view   [  29% ] 298/300 VUs  03m46.4s/13m0s  038.49 iters/s

running (03m48.0s), 300/300 VUs, 5369 complete and 0 interrupted iterations
peak_restaurant_view   [  29% ] 300/300 VUs  03m47.4s/13m0s  038.60 iters/s

running (03m49.0s), 300/300 VUs, 5392 complete and 0 interrupted iterations
peak_restaurant_view   [  29% ] 300/300 VUs  03m48.4s/13m0s  038.71 iters/s

running (03m50.0s), 300/300 VUs, 5414 complete and 0 interrupted iterations
peak_restaurant_view   [  29% ] 300/300 VUs  03m49.4s/13m0s  038.82 iters/s

running (03m51.0s), 300/300 VUs, 5441 complete and 0 interrupted iterations
peak_restaurant_view   [  30% ] 300/300 VUs  03m50.4s/13m0s  038.93 iters/s

running (03m52.0s), 300/300 VUs, 5463 complete and 0 interrupted iterations
peak_restaurant_view   [  30% ] 300/300 VUs  03m51.4s/13m0s  039.05 iters/s

running (03m53.0s), 299/300 VUs, 5486 complete and 0 interrupted iterations
peak_restaurant_view   [  30% ] 299/300 VUs  03m52.4s/13m0s  039.16 iters/s

running (03m54.0s), 300/300 VUs, 5496 complete and 0 interrupted iterations
peak_restaurant_view   [  30% ] 300/300 VUs  03m53.4s/13m0s  039.27 iters/s

running (03m55.0s), 300/300 VUs, 5517 complete and 0 interrupted iterations
peak_restaurant_view   [  30% ] 300/300 VUs  03m54.4s/13m0s  039.38 iters/s

running (03m56.0s), 300/300 VUs, 5541 complete and 0 interrupted iterations
peak_restaurant_view   [  30% ] 300/300 VUs  03m55.4s/13m0s  039.49 iters/s

running (03m57.0s), 299/300 VUs, 5569 complete and 0 interrupted iterations
peak_restaurant_view   [  30% ] 299/300 VUs  03m56.4s/13m0s  039.60 iters/s

running (03m58.0s), 300/300 VUs, 5595 complete and 0 interrupted iterations
peak_restaurant_view   [  30% ] 300/300 VUs  03m57.4s/13m0s  039.71 iters/s

running (03m59.0s), 300/300 VUs, 5623 complete and 0 interrupted iterations
peak_restaurant_view   [  31% ] 300/300 VUs  03m58.4s/13m0s  039.82 iters/s

running (04m00.0s), 300/300 VUs, 5650 complete and 0 interrupted iterations
peak_restaurant_view   [  31% ] 300/300 VUs  03m59.4s/13m0s  039.93 iters/s

running (04m01.0s), 299/300 VUs, 5680 complete and 0 interrupted iterations
peak_restaurant_view   [  31% ] 299/300 VUs  04m00.4s/13m0s  040.09 iters/s

running (04m02.0s), 300/300 VUs, 5706 complete and 0 interrupted iterations
peak_restaurant_view   [  31% ] 300/300 VUs  04m01.4s/13m0s  040.32 iters/s

running (04m03.0s), 300/300 VUs, 5733 complete and 0 interrupted iterations
peak_restaurant_view   [  31% ] 300/300 VUs  04m02.4s/13m0s  040.54 iters/s

running (04m04.0s), 299/300 VUs, 5761 complete and 0 interrupted iterations
peak_restaurant_view   [  31% ] 299/300 VUs  04m03.4s/13m0s  040.76 iters/s

running (04m05.0s), 300/300 VUs, 5788 complete and 0 interrupted iterations
peak_restaurant_view   [  31% ] 300/300 VUs  04m04.4s/13m0s  040.98 iters/s

running (04m06.0s), 299/300 VUs, 5815 complete and 0 interrupted iterations
peak_restaurant_view   [  31% ] 299/300 VUs  04m05.4s/13m0s  041.21 iters/s

running (04m07.0s), 300/300 VUs, 5840 complete and 0 interrupted iterations
peak_restaurant_view   [  32% ] 300/300 VUs  04m06.4s/13m0s  041.43 iters/s

running (04m08.0s), 299/300 VUs, 5867 complete and 0 interrupted iterations
peak_restaurant_view   [  32% ] 299/300 VUs  04m07.4s/13m0s  041.65 iters/s

running (04m09.0s), 300/300 VUs, 5892 complete and 0 interrupted iterations
peak_restaurant_view   [  32% ] 300/300 VUs  04m08.4s/13m0s  041.87 iters/s

running (04m10.0s), 299/300 VUs, 5919 complete and 0 interrupted iterations
peak_restaurant_view   [  32% ] 299/300 VUs  04m09.4s/13m0s  042.09 iters/s

running (04m11.0s), 300/300 VUs, 5943 complete and 0 interrupted iterations
peak_restaurant_view   [  32% ] 300/300 VUs  04m10.4s/13m0s  042.31 iters/s

running (04m12.0s), 300/300 VUs, 5971 complete and 0 interrupted iterations
peak_restaurant_view   [  32% ] 300/300 VUs  04m11.4s/13m0s  042.54 iters/s

running (04m13.0s), 299/300 VUs, 5998 complete and 0 interrupted iterations
peak_restaurant_view   [  32% ] 299/300 VUs  04m12.4s/13m0s  042.76 iters/s

running (04m14.0s), 299/300 VUs, 6025 complete and 0 interrupted iterations
peak_restaurant_view   [  32% ] 299/300 VUs  04m13.4s/13m0s  042.98 iters/s

running (04m15.0s), 300/300 VUs, 6051 complete and 0 interrupted iterations
peak_restaurant_view   [  33% ] 300/300 VUs  04m14.4s/13m0s  043.20 iters/s

running (04m16.0s), 300/300 VUs, 6081 complete and 0 interrupted iterations
peak_restaurant_view   [  33% ] 300/300 VUs  04m15.4s/13m0s  043.43 iters/s

running (04m17.0s), 298/300 VUs, 6108 complete and 0 interrupted iterations
peak_restaurant_view   [  33% ] 298/300 VUs  04m16.4s/13m0s  043.65 iters/s

running (04m18.0s), 299/300 VUs, 6135 complete and 0 interrupted iterations
peak_restaurant_view   [  33% ] 299/300 VUs  04m17.4s/13m0s  043.87 iters/s

running (04m19.0s), 299/300 VUs, 6162 complete and 0 interrupted iterations
peak_restaurant_view   [  33% ] 299/300 VUs  04m18.4s/13m0s  044.09 iters/s

running (04m20.0s), 300/300 VUs, 6190 complete and 0 interrupted iterations
peak_restaurant_view   [  33% ] 300/300 VUs  04m19.4s/13m0s  044.31 iters/s

running (04m21.0s), 300/300 VUs, 6219 complete and 0 interrupted iterations
peak_restaurant_view   [  33% ] 300/300 VUs  04m20.4s/13m0s  044.54 iters/s

running (04m22.0s), 300/300 VUs, 6244 complete and 0 interrupted iterations
peak_restaurant_view   [  34% ] 300/300 VUs  04m21.4s/13m0s  044.76 iters/s

running (04m23.0s), 300/300 VUs, 6271 complete and 0 interrupted iterations
peak_restaurant_view   [  34% ] 300/300 VUs  04m22.4s/13m0s  044.98 iters/s

running (04m24.0s), 299/300 VUs, 6293 complete and 0 interrupted iterations
peak_restaurant_view   [  34% ] 299/300 VUs  04m23.4s/13m0s  045.20 iters/s

running (04m25.0s), 300/300 VUs, 6321 complete and 0 interrupted iterations
peak_restaurant_view   [  34% ] 300/300 VUs  04m24.4s/13m0s  045.43 iters/s

running (04m26.0s), 299/300 VUs, 6349 complete and 0 interrupted iterations
peak_restaurant_view   [  34% ] 299/300 VUs  04m25.4s/13m0s  045.65 iters/s

running (04m27.0s), 298/300 VUs, 6376 complete and 0 interrupted iterations
peak_restaurant_view   [  34% ] 298/300 VUs  04m26.4s/13m0s  045.87 iters/s

running (04m28.0s), 300/300 VUs, 6403 complete and 0 interrupted iterations
peak_restaurant_view   [  34% ] 300/300 VUs  04m27.4s/13m0s  046.09 iters/s

running (04m29.0s), 300/300 VUs, 6432 complete and 0 interrupted iterations
peak_restaurant_view   [  34% ] 300/300 VUs  04m28.4s/13m0s  046.32 iters/s

running (04m30.0s), 297/300 VUs, 6460 complete and 0 interrupted iterations
peak_restaurant_view   [  35% ] 297/300 VUs  04m29.4s/13m0s  046.54 iters/s

running (04m31.0s), 298/300 VUs, 6485 complete and 0 interrupted iterations
peak_restaurant_view   [  35% ] 298/300 VUs  04m30.4s/13m0s  046.76 iters/s

running (04m32.0s), 300/300 VUs, 6512 complete and 0 interrupted iterations
peak_restaurant_view   [  35% ] 300/300 VUs  04m31.4s/13m0s  046.98 iters/s

running (04m33.0s), 299/300 VUs, 6542 complete and 0 interrupted iterations
peak_restaurant_view   [  35% ] 299/300 VUs  04m32.4s/13m0s  047.20 iters/s

running (04m34.0s), 296/300 VUs, 6570 complete and 0 interrupted iterations
peak_restaurant_view   [  35% ] 296/300 VUs  04m33.4s/13m0s  047.42 iters/s

running (04m35.0s), 298/300 VUs, 6595 complete and 0 interrupted iterations
peak_restaurant_view   [  35% ] 298/300 VUs  04m34.4s/13m0s  047.65 iters/s

running (04m36.0s), 300/300 VUs, 6622 complete and 0 interrupted iterations
peak_restaurant_view   [  35% ] 300/300 VUs  04m35.4s/13m0s  047.87 iters/s

running (04m37.0s), 300/300 VUs, 6651 complete and 0 interrupted iterations
peak_restaurant_view   [  35% ] 300/300 VUs  04m36.4s/13m0s  048.09 iters/s

running (04m38.0s), 298/300 VUs, 6679 complete and 0 interrupted iterations
peak_restaurant_view   [  36% ] 298/300 VUs  04m37.4s/13m0s  048.32 iters/s

running (04m39.0s), 300/300 VUs, 6702 complete and 0 interrupted iterations
peak_restaurant_view   [  36% ] 300/300 VUs  04m38.4s/13m0s  048.54 iters/s

running (04m40.0s), 297/300 VUs, 6731 complete and 0 interrupted iterations
peak_restaurant_view   [  36% ] 297/300 VUs  04m39.4s/13m0s  048.76 iters/s

running (04m41.0s), 299/300 VUs, 6756 complete and 0 interrupted iterations
peak_restaurant_view   [  36% ] 299/300 VUs  04m40.4s/13m0s  048.98 iters/s

running (04m42.0s), 300/300 VUs, 6782 complete and 0 interrupted iterations
peak_restaurant_view   [  36% ] 300/300 VUs  04m41.4s/13m0s  049.20 iters/s

running (04m43.0s), 300/300 VUs, 6812 complete and 0 interrupted iterations
peak_restaurant_view   [  36% ] 300/300 VUs  04m42.4s/13m0s  049.43 iters/s

running (04m44.0s), 300/300 VUs, 6841 complete and 0 interrupted iterations
peak_restaurant_view   [  36% ] 300/300 VUs  04m43.4s/13m0s  049.65 iters/s

running (04m45.0s), 298/300 VUs, 6868 complete and 0 interrupted iterations
peak_restaurant_view   [  36% ] 298/300 VUs  04m44.4s/13m0s  049.87 iters/s

running (04m46.0s), 300/300 VUs, 6893 complete and 0 interrupted iterations
peak_restaurant_view   [  37% ] 300/300 VUs  04m45.4s/13m0s  050.09 iters/s

running (04m47.0s), 300/300 VUs, 6922 complete and 0 interrupted iterations
peak_restaurant_view   [  37% ] 300/300 VUs  04m46.4s/13m0s  050.32 iters/s

running (04m48.0s), 299/300 VUs, 6951 complete and 0 interrupted iterations
peak_restaurant_view   [  37% ] 299/300 VUs  04m47.4s/13m0s  050.54 iters/s

running (04m49.0s), 300/300 VUs, 6977 complete and 0 interrupted iterations
peak_restaurant_view   [  37% ] 300/300 VUs  04m48.4s/13m0s  050.76 iters/s

running (04m50.0s), 300/300 VUs, 7003 complete and 0 interrupted iterations
peak_restaurant_view   [  37% ] 300/300 VUs  04m49.4s/13m0s  050.98 iters/s

running (04m51.0s), 300/300 VUs, 7029 complete and 0 interrupted iterations
peak_restaurant_view   [  37% ] 300/300 VUs  04m50.4s/13m0s  051.21 iters/s

running (04m52.0s), 300/300 VUs, 7051 complete and 0 interrupted iterations
peak_restaurant_view   [  37% ] 300/300 VUs  04m51.4s/13m0s  051.43 iters/s

running (04m53.0s), 300/300 VUs, 7074 complete and 0 interrupted iterations
peak_restaurant_view   [  37% ] 300/300 VUs  04m52.4s/13m0s  051.65 iters/s

running (04m54.0s), 300/300 VUs, 7089 complete and 0 interrupted iterations
peak_restaurant_view   [  38% ] 300/300 VUs  04m53.4s/13m0s  051.87 iters/s

running (04m55.0s), 299/300 VUs, 7111 complete and 0 interrupted iterations
peak_restaurant_view   [  38% ] 299/300 VUs  04m54.4s/13m0s  052.09 iters/s

running (04m56.0s), 300/300 VUs, 7129 complete and 0 interrupted iterations
peak_restaurant_view   [  38% ] 300/300 VUs  04m55.4s/13m0s  052.32 iters/s

running (04m57.0s), 300/300 VUs, 7161 complete and 0 interrupted iterations
peak_restaurant_view   [  38% ] 300/300 VUs  04m56.4s/13m0s  052.54 iters/s

running (04m58.0s), 300/300 VUs, 7190 complete and 0 interrupted iterations
peak_restaurant_view   [  38% ] 300/300 VUs  04m57.4s/13m0s  052.76 iters/s

running (04m59.0s), 300/300 VUs, 7217 complete and 0 interrupted iterations
peak_restaurant_view   [  38% ] 300/300 VUs  04m58.4s/13m0s  052.98 iters/s

running (05m00.0s), 300/300 VUs, 7245 complete and 0 interrupted iterations
peak_restaurant_view   [  38% ] 300/300 VUs  04m59.4s/13m0s  053.21 iters/s

running (05m01.0s), 299/300 VUs, 7272 complete and 0 interrupted iterations
peak_restaurant_view   [  39% ] 299/300 VUs  05m00.4s/13m0s  053.43 iters/s

running (05m02.0s), 300/300 VUs, 7300 complete and 0 interrupted iterations
peak_restaurant_view   [  39% ] 300/300 VUs  05m01.4s/13m0s  053.65 iters/s

running (05m03.0s), 300/300 VUs, 7328 complete and 0 interrupted iterations
peak_restaurant_view   [  39% ] 300/300 VUs  05m02.4s/13m0s  053.87 iters/s

running (05m04.0s), 300/300 VUs, 7354 complete and 0 interrupted iterations
peak_restaurant_view   [  39% ] 300/300 VUs  05m03.4s/13m0s  054.09 iters/s

running (05m05.0s), 300/300 VUs, 7380 complete and 0 interrupted iterations
peak_restaurant_view   [  39% ] 300/300 VUs  05m04.4s/13m0s  054.31 iters/s

running (05m06.0s), 300/300 VUs, 7407 complete and 0 interrupted iterations
peak_restaurant_view   [  39% ] 300/300 VUs  05m05.4s/13m0s  054.54 iters/s

running (05m07.0s), 300/300 VUs, 7434 complete and 0 interrupted iterations
peak_restaurant_view   [  39% ] 300/300 VUs  05m06.4s/13m0s  054.76 iters/s

running (05m08.0s), 299/300 VUs, 7461 complete and 0 interrupted iterations
peak_restaurant_view   [  39% ] 299/300 VUs  05m07.4s/13m0s  054.98 iters/s

running (05m09.0s), 300/300 VUs, 7485 complete and 0 interrupted iterations
peak_restaurant_view   [  40% ] 300/300 VUs  05m08.4s/13m0s  055.20 iters/s

running (05m10.0s), 300/300 VUs, 7512 complete and 0 interrupted iterations
peak_restaurant_view   [  40% ] 300/300 VUs  05m09.4s/13m0s  055.43 iters/s

running (05m11.0s), 299/300 VUs, 7540 complete and 0 interrupted iterations
peak_restaurant_view   [  40% ] 299/300 VUs  05m10.4s/13m0s  055.65 iters/s

running (05m12.0s), 299/300 VUs, 7568 complete and 0 interrupted iterations
peak_restaurant_view   [  40% ] 299/300 VUs  05m11.4s/13m0s  055.87 iters/s

running (05m13.0s), 300/300 VUs, 7594 complete and 0 interrupted iterations
peak_restaurant_view   [  40% ] 300/300 VUs  05m12.4s/13m0s  056.09 iters/s

running (05m14.0s), 300/300 VUs, 7623 complete and 0 interrupted iterations
peak_restaurant_view   [  40% ] 300/300 VUs  05m13.4s/13m0s  056.31 iters/s

running (05m15.0s), 300/300 VUs, 7649 complete and 0 interrupted iterations
peak_restaurant_view   [  40% ] 300/300 VUs  05m14.4s/13m0s  056.54 iters/s

running (05m16.0s), 300/300 VUs, 7676 complete and 0 interrupted iterations
peak_restaurant_view   [  40% ] 300/300 VUs  05m15.4s/13m0s  056.76 iters/s

running (05m17.0s), 300/300 VUs, 7706 complete and 0 interrupted iterations
peak_restaurant_view   [  41% ] 300/300 VUs  05m16.4s/13m0s  056.98 iters/s

running (05m18.0s), 300/300 VUs, 7733 complete and 0 interrupted iterations
peak_restaurant_view   [  41% ] 300/300 VUs  05m17.4s/13m0s  057.20 iters/s

running (05m19.0s), 300/300 VUs, 7761 complete and 0 interrupted iterations
peak_restaurant_view   [  41% ] 300/300 VUs  05m18.4s/13m0s  057.43 iters/s

running (05m20.0s), 299/300 VUs, 7789 complete and 0 interrupted iterations
peak_restaurant_view   [  41% ] 299/300 VUs  05m19.4s/13m0s  057.65 iters/s

running (05m21.0s), 300/300 VUs, 7817 complete and 0 interrupted iterations
peak_restaurant_view   [  41% ] 300/300 VUs  05m20.4s/13m0s  057.87 iters/s

running (05m22.0s), 298/300 VUs, 7845 complete and 0 interrupted iterations
peak_restaurant_view   [  41% ] 298/300 VUs  05m21.4s/13m0s  058.09 iters/s

running (05m23.0s), 300/300 VUs, 7868 complete and 0 interrupted iterations
peak_restaurant_view   [  41% ] 300/300 VUs  05m22.4s/13m0s  058.32 iters/s

running (05m24.0s), 300/300 VUs, 7889 complete and 0 interrupted iterations
peak_restaurant_view   [  41% ] 300/300 VUs  05m23.4s/13m0s  058.54 iters/s

running (05m25.0s), 300/300 VUs, 7915 complete and 0 interrupted iterations
peak_restaurant_view   [  42% ] 300/300 VUs  05m24.4s/13m0s  058.76 iters/s

running (05m26.0s), 299/300 VUs, 7945 complete and 0 interrupted iterations
peak_restaurant_view   [  42% ] 299/300 VUs  05m25.4s/13m0s  058.98 iters/s

running (05m27.0s), 300/300 VUs, 7972 complete and 0 interrupted iterations
peak_restaurant_view   [  42% ] 300/300 VUs  05m26.4s/13m0s  059.20 iters/s

running (05m28.0s), 299/300 VUs, 7999 complete and 0 interrupted iterations
peak_restaurant_view   [  42% ] 299/300 VUs  05m27.4s/13m0s  059.43 iters/s

running (05m29.0s), 300/300 VUs, 8026 complete and 0 interrupted iterations
peak_restaurant_view   [  42% ] 300/300 VUs  05m28.4s/13m0s  059.65 iters/s

running (05m30.0s), 300/300 VUs, 8053 complete and 0 interrupted iterations
peak_restaurant_view   [  42% ] 300/300 VUs  05m29.4s/13m0s  059.87 iters/s

running (05m31.0s), 300/300 VUs, 8082 complete and 0 interrupted iterations
peak_restaurant_view   [  42% ] 300/300 VUs  05m30.4s/13m0s  060.09 iters/s

running (05m32.0s), 298/300 VUs, 8112 complete and 0 interrupted iterations
peak_restaurant_view   [  42% ] 298/300 VUs  05m31.4s/13m0s  060.32 iters/s

running (05m33.0s), 299/300 VUs, 8138 complete and 0 interrupted iterations
peak_restaurant_view   [  43% ] 299/300 VUs  05m32.4s/13m0s  060.54 iters/s

running (05m34.0s), 299/300 VUs, 8165 complete and 0 interrupted iterations
peak_restaurant_view   [  43% ] 299/300 VUs  05m33.4s/13m0s  060.76 iters/s

running (05m35.0s), 300/300 VUs, 8193 complete and 0 interrupted iterations
peak_restaurant_view   [  43% ] 300/300 VUs  05m34.4s/13m0s  060.98 iters/s

running (05m36.0s), 300/300 VUs, 8219 complete and 0 interrupted iterations
peak_restaurant_view   [  43% ] 300/300 VUs  05m35.4s/13m0s  061.20 iters/s

running (05m37.0s), 296/300 VUs, 8248 complete and 0 interrupted iterations
peak_restaurant_view   [  43% ] 296/300 VUs  05m36.4s/13m0s  061.43 iters/s

running (05m38.0s), 300/300 VUs, 8273 complete and 0 interrupted iterations
peak_restaurant_view   [  43% ] 300/300 VUs  05m37.4s/13m0s  061.65 iters/s

running (05m39.0s), 300/300 VUs, 8292 complete and 0 interrupted iterations
peak_restaurant_view   [  43% ] 300/300 VUs  05m38.4s/13m0s  061.87 iters/s

running (05m40.0s), 298/300 VUs, 8320 complete and 0 interrupted iterations
peak_restaurant_view   [  44% ] 298/300 VUs  05m39.4s/13m0s  062.09 iters/s

running (05m41.0s), 299/300 VUs, 8348 complete and 0 interrupted iterations
peak_restaurant_view   [  44% ] 299/300 VUs  05m40.4s/13m0s  062.32 iters/s

running (05m42.0s), 300/300 VUs, 8376 complete and 0 interrupted iterations
peak_restaurant_view   [  44% ] 300/300 VUs  05m41.4s/13m0s  062.54 iters/s

running (05m43.0s), 298/300 VUs, 8405 complete and 0 interrupted iterations
peak_restaurant_view   [  44% ] 298/300 VUs  05m42.4s/13m0s  062.76 iters/s

running (05m44.0s), 300/300 VUs, 8431 complete and 0 interrupted iterations
peak_restaurant_view   [  44% ] 300/300 VUs  05m43.4s/13m0s  062.98 iters/s

running (05m45.0s), 299/300 VUs, 8461 complete and 0 interrupted iterations
peak_restaurant_view   [  44% ] 299/300 VUs  05m44.4s/13m0s  063.21 iters/s

running (05m46.0s), 299/300 VUs, 8486 complete and 0 interrupted iterations
peak_restaurant_view   [  44% ] 299/300 VUs  05m45.4s/13m0s  063.43 iters/s

running (05m47.0s), 300/300 VUs, 8514 complete and 0 interrupted iterations
peak_restaurant_view   [  44% ] 300/300 VUs  05m46.4s/13m0s  063.65 iters/s

running (05m48.0s), 300/300 VUs, 8543 complete and 0 interrupted iterations
peak_restaurant_view   [  45% ] 300/300 VUs  05m47.4s/13m0s  063.87 iters/s

running (05m49.0s), 300/300 VUs, 8567 complete and 0 interrupted iterations
peak_restaurant_view   [  45% ] 300/300 VUs  05m48.4s/13m0s  064.09 iters/s

running (05m50.0s), 300/300 VUs, 8598 complete and 0 interrupted iterations
peak_restaurant_view   [  45% ] 300/300 VUs  05m49.4s/13m0s  064.32 iters/s

running (05m51.0s), 300/300 VUs, 8625 complete and 0 interrupted iterations
peak_restaurant_view   [  45% ] 300/300 VUs  05m50.4s/13m0s  064.54 iters/s

running (05m52.0s), 300/300 VUs, 8649 complete and 0 interrupted iterations
peak_restaurant_view   [  45% ] 300/300 VUs  05m51.4s/13m0s  064.76 iters/s

running (05m53.0s), 300/300 VUs, 8666 complete and 0 interrupted iterations
peak_restaurant_view   [  45% ] 300/300 VUs  05m52.4s/13m0s  064.98 iters/s

running (05m54.0s), 300/300 VUs, 8669 complete and 0 interrupted iterations
peak_restaurant_view   [  45% ] 300/300 VUs  05m53.4s/13m0s  065.21 iters/s

running (05m55.0s), 300/300 VUs, 8674 complete and 0 interrupted iterations
peak_restaurant_view   [  45% ] 300/300 VUs  05m54.4s/13m0s  065.43 iters/s

running (05m56.0s), 300/300 VUs, 8702 complete and 0 interrupted iterations
peak_restaurant_view   [  46% ] 300/300 VUs  05m55.4s/13m0s  065.65 iters/s

running (05m57.0s), 300/300 VUs, 8729 complete and 0 interrupted iterations
peak_restaurant_view   [  46% ] 300/300 VUs  05m56.4s/13m0s  065.87 iters/s

running (05m58.0s), 299/300 VUs, 8757 complete and 0 interrupted iterations
peak_restaurant_view   [  46% ] 299/300 VUs  05m57.4s/13m0s  066.09 iters/s

running (05m59.0s), 299/300 VUs, 8784 complete and 0 interrupted iterations
peak_restaurant_view   [  46% ] 299/300 VUs  05m58.4s/13m0s  066.31 iters/s

running (06m00.0s), 299/300 VUs, 8812 complete and 0 interrupted iterations
peak_restaurant_view   [  46% ] 299/300 VUs  05m59.4s/13m0s  066.54 iters/s

running (06m01.0s), 300/300 VUs, 8835 complete and 0 interrupted iterations
peak_restaurant_view   [  46% ] 300/300 VUs  06m00.4s/13m0s  066.76 iters/s

running (06m02.0s), 298/300 VUs, 8864 complete and 0 interrupted iterations
peak_restaurant_view   [  46% ] 298/300 VUs  06m01.4s/13m0s  066.98 iters/s

running (06m03.0s), 299/300 VUs, 8889 complete and 0 interrupted iterations
peak_restaurant_view   [  46% ] 299/300 VUs  06m02.4s/13m0s  067.20 iters/s

running (06m04.0s), 300/300 VUs, 8918 complete and 0 interrupted iterations
peak_restaurant_view   [  47% ] 300/300 VUs  06m03.4s/13m0s  067.43 iters/s

running (06m05.0s), 299/300 VUs, 8945 complete and 0 interrupted iterations
peak_restaurant_view   [  47% ] 299/300 VUs  06m04.4s/13m0s  067.65 iters/s

running (06m06.0s), 300/300 VUs, 8972 complete and 0 interrupted iterations
peak_restaurant_view   [  47% ] 300/300 VUs  06m05.4s/13m0s  067.87 iters/s

running (06m07.0s), 299/300 VUs, 9000 complete and 0 interrupted iterations
peak_restaurant_view   [  47% ] 299/300 VUs  06m06.4s/13m0s  068.09 iters/s

running (06m08.0s), 299/300 VUs, 9027 complete and 0 interrupted iterations
peak_restaurant_view   [  47% ] 299/300 VUs  06m07.4s/13m0s  068.31 iters/s

running (06m09.0s), 299/300 VUs, 9051 complete and 0 interrupted iterations
peak_restaurant_view   [  47% ] 299/300 VUs  06m08.4s/13m0s  068.54 iters/s

running (06m10.0s), 300/300 VUs, 9078 complete and 0 interrupted iterations
peak_restaurant_view   [  47% ] 300/300 VUs  06m09.4s/13m0s  068.76 iters/s

running (06m11.0s), 299/300 VUs, 9108 complete and 0 interrupted iterations
peak_restaurant_view   [  47% ] 299/300 VUs  06m10.4s/13m0s  068.98 iters/s

running (06m12.0s), 300/300 VUs, 9134 complete and 0 interrupted iterations
peak_restaurant_view   [  48% ] 300/300 VUs  06m11.4s/13m0s  069.20 iters/s

running (06m13.0s), 300/300 VUs, 9161 complete and 0 interrupted iterations
peak_restaurant_view   [  48% ] 300/300 VUs  06m12.4s/13m0s  069.43 iters/s

running (06m14.0s), 300/300 VUs, 9189 complete and 0 interrupted iterations
peak_restaurant_view   [  48% ] 300/300 VUs  06m13.4s/13m0s  069.65 iters/s

running (06m15.0s), 300/300 VUs, 9215 complete and 0 interrupted iterations
peak_restaurant_view   [  48% ] 300/300 VUs  06m14.4s/13m0s  069.87 iters/s

running (06m16.0s), 300/300 VUs, 9236 complete and 0 interrupted iterations
peak_restaurant_view   [  48% ] 300/300 VUs  06m15.4s/13m0s  070.09 iters/s

running (06m17.0s), 299/300 VUs, 9264 complete and 0 interrupted iterations
peak_restaurant_view   [  48% ] 299/300 VUs  06m16.4s/13m0s  070.32 iters/s

running (06m18.0s), 300/300 VUs, 9287 complete and 0 interrupted iterations
peak_restaurant_view   [  48% ] 300/300 VUs  06m17.4s/13m0s  070.54 iters/s

running (06m19.0s), 300/300 VUs, 9316 complete and 0 interrupted iterations
peak_restaurant_view   [  49% ] 300/300 VUs  06m18.4s/13m0s  070.76 iters/s

running (06m20.0s), 300/300 VUs, 9343 complete and 0 interrupted iterations
peak_restaurant_view   [  49% ] 300/300 VUs  06m19.4s/13m0s  070.98 iters/s

running (06m21.0s), 300/300 VUs, 9370 complete and 0 interrupted iterations
peak_restaurant_view   [  49% ] 300/300 VUs  06m20.4s/13m0s  071.20 iters/s

running (06m22.0s), 300/300 VUs, 9396 complete and 0 interrupted iterations
peak_restaurant_view   [  49% ] 300/300 VUs  06m21.4s/13m0s  071.43 iters/s

running (06m23.0s), 300/300 VUs, 9422 complete and 0 interrupted iterations
peak_restaurant_view   [  49% ] 300/300 VUs  06m22.4s/13m0s  071.65 iters/s

running (06m24.0s), 300/300 VUs, 9445 complete and 0 interrupted iterations
peak_restaurant_view   [  49% ] 300/300 VUs  06m23.4s/13m0s  071.87 iters/s

running (06m25.0s), 299/300 VUs, 9472 complete and 0 interrupted iterations
peak_restaurant_view   [  49% ] 299/300 VUs  06m24.4s/13m0s  072.09 iters/s

running (06m26.0s), 300/300 VUs, 9498 complete and 0 interrupted iterations
peak_restaurant_view   [  49% ] 300/300 VUs  06m25.4s/13m0s  072.32 iters/s

running (06m27.0s), 300/300 VUs, 9526 complete and 0 interrupted iterations
peak_restaurant_view   [  50% ] 300/300 VUs  06m26.4s/13m0s  072.54 iters/s

running (06m28.0s), 300/300 VUs, 9553 complete and 0 interrupted iterations
peak_restaurant_view   [  50% ] 300/300 VUs  06m27.4s/13m0s  072.76 iters/s

running (06m29.0s), 299/300 VUs, 9581 complete and 0 interrupted iterations
peak_restaurant_view   [  50% ] 299/300 VUs  06m28.4s/13m0s  072.98 iters/s

running (06m30.0s), 300/300 VUs, 9609 complete and 0 interrupted iterations
peak_restaurant_view   [  50% ] 300/300 VUs  06m29.4s/13m0s  073.20 iters/s

running (06m31.0s), 300/300 VUs, 9638 complete and 0 interrupted iterations
peak_restaurant_view   [  50% ] 300/300 VUs  06m30.4s/13m0s  073.43 iters/s

running (06m32.0s), 300/300 VUs, 9665 complete and 0 interrupted iterations
peak_restaurant_view   [  50% ] 300/300 VUs  06m31.4s/13m0s  073.65 iters/s

running (06m33.0s), 300/300 VUs, 9694 complete and 0 interrupted iterations
peak_restaurant_view   [  50% ] 300/300 VUs  06m32.4s/13m0s  073.87 iters/s

running (06m34.0s), 300/300 VUs, 9721 complete and 0 interrupted iterations
peak_restaurant_view   [  50% ] 300/300 VUs  06m33.4s/13m0s  074.09 iters/s

running (06m35.0s), 300/300 VUs, 9749 complete and 0 interrupted iterations
peak_restaurant_view   [  51% ] 300/300 VUs  06m34.4s/13m0s  074.32 iters/s

running (06m36.0s), 299/300 VUs, 9776 complete and 0 interrupted iterations
peak_restaurant_view   [  51% ] 299/300 VUs  06m35.4s/13m0s  074.54 iters/s

running (06m37.0s), 299/300 VUs, 9804 complete and 0 interrupted iterations
peak_restaurant_view   [  51% ] 299/300 VUs  06m36.4s/13m0s  074.76 iters/s

running (06m38.0s), 299/300 VUs, 9832 complete and 0 interrupted iterations
peak_restaurant_view   [  51% ] 299/300 VUs  06m37.4s/13m0s  074.98 iters/s

running (06m39.0s), 300/300 VUs, 9854 complete and 0 interrupted iterations
peak_restaurant_view   [  51% ] 300/300 VUs  06m38.4s/13m0s  075.20 iters/s

running (06m40.0s), 300/300 VUs, 9883 complete and 0 interrupted iterations
peak_restaurant_view   [  51% ] 300/300 VUs  06m39.4s/13m0s  075.43 iters/s

running (06m41.0s), 300/300 VUs, 9909 complete and 0 interrupted iterations
peak_restaurant_view   [  51% ] 300/300 VUs  06m40.4s/13m0s  075.65 iters/s

running (06m42.0s), 300/300 VUs, 9938 complete and 0 interrupted iterations
peak_restaurant_view   [  51% ] 300/300 VUs  06m41.4s/13m0s  075.87 iters/s

running (06m43.0s), 300/300 VUs, 9964 complete and 0 interrupted iterations
peak_restaurant_view   [  52% ] 300/300 VUs  06m42.4s/13m0s  076.09 iters/s

running (06m44.0s), 300/300 VUs, 9993 complete and 0 interrupted iterations
peak_restaurant_view   [  52% ] 300/300 VUs  06m43.4s/13m0s  076.32 iters/s

running (06m45.0s), 300/300 VUs, 10021 complete and 0 interrupted iterations
peak_restaurant_view   [  52% ] 300/300 VUs  06m44.4s/13m0s  076.54 iters/s

running (06m46.0s), 300/300 VUs, 10049 complete and 0 interrupted iterations
peak_restaurant_view   [  52% ] 300/300 VUs  06m45.4s/13m0s  076.76 iters/s

running (06m47.0s), 300/300 VUs, 10077 complete and 0 interrupted iterations
peak_restaurant_view   [  52% ] 300/300 VUs  06m46.4s/13m0s  076.98 iters/s

running (06m48.0s), 300/300 VUs, 10107 complete and 0 interrupted iterations
peak_restaurant_view   [  52% ] 300/300 VUs  06m47.4s/13m0s  077.21 iters/s

running (06m49.0s), 300/300 VUs, 10134 complete and 0 interrupted iterations
peak_restaurant_view   [  52% ] 300/300 VUs  06m48.4s/13m0s  077.43 iters/s

running (06m50.0s), 300/300 VUs, 10161 complete and 0 interrupted iterations
peak_restaurant_view   [  52% ] 300/300 VUs  06m49.4s/13m0s  077.65 iters/s

running (06m51.0s), 300/300 VUs, 10190 complete and 0 interrupted iterations
peak_restaurant_view   [  53% ] 300/300 VUs  06m50.4s/13m0s  077.87 iters/s

running (06m52.0s), 300/300 VUs, 10212 complete and 0 interrupted iterations
peak_restaurant_view   [  53% ] 300/300 VUs  06m51.4s/13m0s  078.09 iters/s

running (06m53.0s), 300/300 VUs, 10234 complete and 0 interrupted iterations
peak_restaurant_view   [  53% ] 300/300 VUs  06m52.4s/13m0s  078.31 iters/s

running (06m54.0s), 300/300 VUs, 10240 complete and 0 interrupted iterations
peak_restaurant_view   [  53% ] 300/300 VUs  06m53.4s/13m0s  078.54 iters/s

running (06m55.0s), 299/300 VUs, 10255 complete and 0 interrupted iterations
peak_restaurant_view   [  53% ] 299/300 VUs  06m54.4s/13m0s  078.76 iters/s

running (06m56.0s), 300/300 VUs, 10281 complete and 0 interrupted iterations
peak_restaurant_view   [  53% ] 300/300 VUs  06m55.4s/13m0s  078.98 iters/s

running (06m57.0s), 300/300 VUs, 10308 complete and 0 interrupted iterations
peak_restaurant_view   [  53% ] 300/300 VUs  06m56.4s/13m0s  079.21 iters/s

running (06m58.0s), 300/300 VUs, 10336 complete and 0 interrupted iterations
peak_restaurant_view   [  54% ] 300/300 VUs  06m57.4s/13m0s  079.43 iters/s

running (06m59.0s), 300/300 VUs, 10361 complete and 0 interrupted iterations
peak_restaurant_view   [  54% ] 300/300 VUs  06m58.4s/13m0s  079.65 iters/s

running (07m00.0s), 300/300 VUs, 10388 complete and 0 interrupted iterations
peak_restaurant_view   [  54% ] 300/300 VUs  06m59.4s/13m0s  079.87 iters/s

running (07m01.0s), 300/300 VUs, 10416 complete and 0 interrupted iterations
peak_restaurant_view   [  54% ] 300/300 VUs  07m00.4s/13m0s  080.19 iters/s

running (07m02.0s), 300/300 VUs, 10445 complete and 0 interrupted iterations
peak_restaurant_view   [  54% ] 300/300 VUs  07m01.4s/13m0s  080.63 iters/s

running (07m03.0s), 299/300 VUs, 10471 complete and 0 interrupted iterations
peak_restaurant_view   [  54% ] 299/300 VUs  07m02.4s/13m0s  081.07 iters/s

running (07m04.0s), 300/300 VUs, 10497 complete and 0 interrupted iterations
peak_restaurant_view   [  54% ] 300/300 VUs  07m03.4s/13m0s  081.52 iters/s

running (07m05.0s), 300/300 VUs, 10525 complete and 0 interrupted iterations
peak_restaurant_view   [  54% ] 300/300 VUs  07m04.4s/13m0s  081.96 iters/s

running (07m06.0s), 300/300 VUs, 10555 complete and 0 interrupted iterations
peak_restaurant_view   [  55% ] 300/300 VUs  07m05.4s/13m0s  082.41 iters/s

running (07m07.0s), 298/300 VUs, 10583 complete and 0 interrupted iterations
peak_restaurant_view   [  55% ] 298/300 VUs  07m06.4s/13m0s  082.85 iters/s

running (07m08.0s), 300/300 VUs, 10609 complete and 0 interrupted iterations
peak_restaurant_view   [  55% ] 300/300 VUs  07m07.4s/13m0s  083.30 iters/s

running (07m09.0s), 300/300 VUs, 10633 complete and 0 interrupted iterations
peak_restaurant_view   [  55% ] 300/300 VUs  07m08.4s/13m0s  083.74 iters/s

running (07m10.0s), 300/300 VUs, 10660 complete and 0 interrupted iterations
peak_restaurant_view   [  55% ] 300/300 VUs  07m09.4s/13m0s  084.19 iters/s

running (07m11.0s), 300/300 VUs, 10687 complete and 0 interrupted iterations
peak_restaurant_view   [  55% ] 300/300 VUs  07m10.4s/13m0s  084.63 iters/s

running (07m12.0s), 300/300 VUs, 10716 complete and 0 interrupted iterations
peak_restaurant_view   [  55% ] 300/300 VUs  07m11.4s/13m0s  085.08 iters/s

running (07m13.0s), 300/300 VUs, 10743 complete and 0 interrupted iterations
peak_restaurant_view   [  55% ] 300/300 VUs  07m12.4s/13m0s  085.52 iters/s

running (07m14.0s), 300/300 VUs, 10771 complete and 0 interrupted iterations
peak_restaurant_view   [  56% ] 300/300 VUs  07m13.4s/13m0s  085.96 iters/s

running (07m15.0s), 300/300 VUs, 10797 complete and 0 interrupted iterations
peak_restaurant_view   [  56% ] 300/300 VUs  07m14.4s/13m0s  086.41 iters/s

running (07m16.0s), 300/300 VUs, 10826 complete and 0 interrupted iterations
peak_restaurant_view   [  56% ] 300/300 VUs  07m15.4s/13m0s  086.85 iters/s

running (07m17.0s), 300/300 VUs, 10856 complete and 0 interrupted iterations
peak_restaurant_view   [  56% ] 300/300 VUs  07m16.4s/13m0s  087.30 iters/s

running (07m18.0s), 300/300 VUs, 10881 complete and 0 interrupted iterations
peak_restaurant_view   [  56% ] 300/300 VUs  07m17.4s/13m0s  087.74 iters/s

running (07m19.0s), 300/300 VUs, 10908 complete and 0 interrupted iterations
peak_restaurant_view   [  56% ] 300/300 VUs  07m18.4s/13m0s  088.18 iters/s

running (07m20.0s), 300/300 VUs, 10934 complete and 0 interrupted iterations
peak_restaurant_view   [  56% ] 300/300 VUs  07m19.4s/13m0s  088.63 iters/s

running (07m21.0s), 300/300 VUs, 10963 complete and 0 interrupted iterations
peak_restaurant_view   [  56% ] 300/300 VUs  07m20.4s/13m0s  089.08 iters/s

running (07m22.0s), 299/300 VUs, 10990 complete and 0 interrupted iterations
peak_restaurant_view   [  57% ] 299/300 VUs  07m21.4s/13m0s  089.52 iters/s

running (07m23.0s), 300/300 VUs, 11015 complete and 0 interrupted iterations
peak_restaurant_view   [  57% ] 300/300 VUs  07m22.4s/13m0s  089.97 iters/s

running (07m24.0s), 300/300 VUs, 11039 complete and 0 interrupted iterations
peak_restaurant_view   [  57% ] 300/300 VUs  07m23.4s/13m0s  090.41 iters/s

running (07m25.0s), 300/300 VUs, 11066 complete and 0 interrupted iterations
peak_restaurant_view   [  57% ] 300/300 VUs  07m24.4s/13m0s  090.86 iters/s

running (07m26.0s), 299/300 VUs, 11097 complete and 0 interrupted iterations
peak_restaurant_view   [  57% ] 299/300 VUs  07m25.4s/13m0s  091.30 iters/s

running (07m27.0s), 300/300 VUs, 11123 complete and 0 interrupted iterations
peak_restaurant_view   [  57% ] 300/300 VUs  07m26.4s/13m0s  091.74 iters/s

running (07m28.0s), 300/300 VUs, 11152 complete and 0 interrupted iterations
peak_restaurant_view   [  57% ] 300/300 VUs  07m27.4s/13m0s  092.19 iters/s

running (07m29.0s), 300/300 VUs, 11179 complete and 0 interrupted iterations
peak_restaurant_view   [  57% ] 300/300 VUs  07m28.4s/13m0s  092.63 iters/s

running (07m30.0s), 300/300 VUs, 11206 complete and 0 interrupted iterations
peak_restaurant_view   [  58% ] 300/300 VUs  07m29.4s/13m0s  093.07 iters/s

running (07m31.0s), 300/300 VUs, 11234 complete and 0 interrupted iterations
peak_restaurant_view   [  58% ] 300/300 VUs  07m30.4s/13m0s  093.52 iters/s

running (07m32.0s), 299/300 VUs, 11259 complete and 0 interrupted iterations
peak_restaurant_view   [  58% ] 299/300 VUs  07m31.4s/13m0s  093.96 iters/s

running (07m33.0s), 300/300 VUs, 11288 complete and 0 interrupted iterations
peak_restaurant_view   [  58% ] 300/300 VUs  07m32.4s/13m0s  094.41 iters/s

running (07m34.0s), 300/300 VUs, 11312 complete and 0 interrupted iterations
peak_restaurant_view   [  58% ] 300/300 VUs  07m33.4s/13m0s  094.85 iters/s

running (07m35.0s), 300/300 VUs, 11341 complete and 0 interrupted iterations
peak_restaurant_view   [  58% ] 300/300 VUs  07m34.4s/13m0s  095.30 iters/s

running (07m36.0s), 300/300 VUs, 11368 complete and 0 interrupted iterations
peak_restaurant_view   [  58% ] 300/300 VUs  07m35.4s/13m0s  095.74 iters/s

running (07m37.0s), 300/300 VUs, 11396 complete and 0 interrupted iterations
peak_restaurant_view   [  59% ] 300/300 VUs  07m36.4s/13m0s  096.19 iters/s

running (07m38.0s), 300/300 VUs, 11422 complete and 0 interrupted iterations
peak_restaurant_view   [  59% ] 300/300 VUs  07m37.4s/13m0s  096.63 iters/s

running (07m39.0s), 300/300 VUs, 11437 complete and 0 interrupted iterations
peak_restaurant_view   [  59% ] 300/300 VUs  07m38.4s/13m0s  097.07 iters/s

running (07m40.0s), 299/300 VUs, 11463 complete and 0 interrupted iterations
peak_restaurant_view   [  59% ] 299/300 VUs  07m39.4s/13m0s  097.52 iters/s

running (07m41.0s), 300/300 VUs, 11491 complete and 0 interrupted iterations
peak_restaurant_view   [  59% ] 300/300 VUs  07m40.4s/13m0s  097.96 iters/s

running (07m42.0s), 300/300 VUs, 11518 complete and 0 interrupted iterations
peak_restaurant_view   [  59% ] 300/300 VUs  07m41.4s/13m0s  098.41 iters/s

running (07m43.0s), 300/300 VUs, 11547 complete and 0 interrupted iterations
peak_restaurant_view   [  59% ] 300/300 VUs  07m42.4s/13m0s  098.85 iters/s

running (07m44.0s), 300/300 VUs, 11573 complete and 0 interrupted iterations
peak_restaurant_view   [  59% ] 300/300 VUs  07m43.4s/13m0s  099.30 iters/s

running (07m45.0s), 300/300 VUs, 11601 complete and 0 interrupted iterations
peak_restaurant_view   [  60% ] 300/300 VUs  07m44.4s/13m0s  099.74 iters/s

running (07m46.0s), 300/300 VUs, 11630 complete and 0 interrupted iterations
peak_restaurant_view   [  60% ] 300/300 VUs  07m45.4s/13m0s  100.18 iters/s

running (07m47.0s), 300/300 VUs, 11658 complete and 0 interrupted iterations
peak_restaurant_view   [  60% ] 300/300 VUs  07m46.4s/13m0s  100.63 iters/s

running (07m48.0s), 300/300 VUs, 11688 complete and 0 interrupted iterations
peak_restaurant_view   [  60% ] 300/300 VUs  07m47.4s/13m0s  101.08 iters/s

running (07m49.0s), 299/300 VUs, 11715 complete and 0 interrupted iterations
peak_restaurant_view   [  60% ] 299/300 VUs  07m48.4s/13m0s  101.52 iters/s

running (07m50.0s), 300/300 VUs, 11741 complete and 0 interrupted iterations
peak_restaurant_view   [  60% ] 300/300 VUs  07m49.4s/13m0s  101.97 iters/s

running (07m51.0s), 299/300 VUs, 11772 complete and 0 interrupted iterations
peak_restaurant_view   [  60% ] 299/300 VUs  07m50.4s/13m0s  102.41 iters/s

running (07m52.0s), 300/300 VUs, 11792 complete and 0 interrupted iterations
peak_restaurant_view   [  60% ] 300/300 VUs  07m51.4s/13m0s  102.85 iters/s

running (07m53.0s), 300/300 VUs, 11808 complete and 0 interrupted iterations
peak_restaurant_view   [  61% ] 300/300 VUs  07m52.4s/13m0s  103.30 iters/s

running (07m54.0s), 300/300 VUs, 11810 complete and 0 interrupted iterations
peak_restaurant_view   [  61% ] 300/300 VUs  07m53.4s/13m0s  103.74 iters/s

running (07m55.0s), 300/300 VUs, 11821 complete and 0 interrupted iterations
peak_restaurant_view   [  61% ] 300/300 VUs  07m54.4s/13m0s  104.19 iters/s

running (07m56.0s), 300/300 VUs, 11849 complete and 0 interrupted iterations
peak_restaurant_view   [  61% ] 300/300 VUs  07m55.4s/13m0s  104.63 iters/s

running (07m57.0s), 300/300 VUs, 11878 complete and 0 interrupted iterations
peak_restaurant_view   [  61% ] 300/300 VUs  07m56.4s/13m0s  105.07 iters/s

running (07m58.0s), 300/300 VUs, 11905 complete and 0 interrupted iterations
peak_restaurant_view   [  61% ] 300/300 VUs  07m57.4s/13m0s  105.52 iters/s

running (07m59.0s), 300/300 VUs, 11932 complete and 0 interrupted iterations
peak_restaurant_view   [  61% ] 300/300 VUs  07m58.4s/13m0s  105.96 iters/s

running (08m00.0s), 300/300 VUs, 11961 complete and 0 interrupted iterations
peak_restaurant_view   [  61% ] 300/300 VUs  07m59.4s/13m0s  106.41 iters/s

running (08m01.0s), 300/300 VUs, 11989 complete and 0 interrupted iterations
peak_restaurant_view   [  62% ] 300/300 VUs  08m00.4s/13m0s  106.85 iters/s

running (08m02.0s), 300/300 VUs, 12017 complete and 0 interrupted iterations
peak_restaurant_view   [  62% ] 300/300 VUs  08m01.4s/13m0s  107.30 iters/s

running (08m03.0s), 300/300 VUs, 12045 complete and 0 interrupted iterations
peak_restaurant_view   [  62% ] 300/300 VUs  08m02.4s/13m0s  107.74 iters/s

running (08m04.0s), 300/300 VUs, 12069 complete and 0 interrupted iterations
peak_restaurant_view   [  62% ] 300/300 VUs  08m03.4s/13m0s  108.19 iters/s

running (08m05.0s), 300/300 VUs, 12098 complete and 0 interrupted iterations
peak_restaurant_view   [  62% ] 300/300 VUs  08m04.4s/13m0s  108.63 iters/s

running (08m06.0s), 300/300 VUs, 12125 complete and 0 interrupted iterations
peak_restaurant_view   [  62% ] 300/300 VUs  08m05.4s/13m0s  109.07 iters/s

running (08m07.0s), 299/300 VUs, 12151 complete and 0 interrupted iterations
peak_restaurant_view   [  62% ] 299/300 VUs  08m06.4s/13m0s  109.52 iters/s

running (08m08.0s), 300/300 VUs, 12177 complete and 0 interrupted iterations
peak_restaurant_view   [  62% ] 300/300 VUs  08m07.4s/13m0s  109.96 iters/s

running (08m09.0s), 300/300 VUs, 12196 complete and 0 interrupted iterations
peak_restaurant_view   [  63% ] 300/300 VUs  08m08.4s/13m0s  110.41 iters/s

running (08m10.0s), 300/300 VUs, 12222 complete and 0 interrupted iterations
peak_restaurant_view   [  63% ] 300/300 VUs  08m09.4s/13m0s  110.85 iters/s

running (08m11.0s), 300/300 VUs, 12250 complete and 0 interrupted iterations
peak_restaurant_view   [  63% ] 300/300 VUs  08m10.4s/13m0s  111.30 iters/s

running (08m12.0s), 300/300 VUs, 12279 complete and 0 interrupted iterations
peak_restaurant_view   [  63% ] 300/300 VUs  08m11.4s/13m0s  111.74 iters/s

running (08m13.0s), 300/300 VUs, 12305 complete and 0 interrupted iterations
peak_restaurant_view   [  63% ] 300/300 VUs  08m12.4s/13m0s  112.19 iters/s

running (08m14.0s), 299/300 VUs, 12335 complete and 0 interrupted iterations
peak_restaurant_view   [  63% ] 299/300 VUs  08m13.4s/13m0s  112.63 iters/s

running (08m15.0s), 300/300 VUs, 12363 complete and 0 interrupted iterations
peak_restaurant_view   [  63% ] 300/300 VUs  08m14.4s/13m0s  113.08 iters/s

running (08m16.0s), 300/300 VUs, 12389 complete and 0 interrupted iterations
peak_restaurant_view   [  64% ] 300/300 VUs  08m15.4s/13m0s  113.52 iters/s

running (08m17.0s), 300/300 VUs, 12419 complete and 0 interrupted iterations
peak_restaurant_view   [  64% ] 300/300 VUs  08m16.4s/13m0s  113.96 iters/s

running (08m18.0s), 300/300 VUs, 12446 complete and 0 interrupted iterations
peak_restaurant_view   [  64% ] 300/300 VUs  08m17.4s/13m0s  114.41 iters/s

running (08m19.0s), 300/300 VUs, 12473 complete and 0 interrupted iterations
peak_restaurant_view   [  64% ] 300/300 VUs  08m18.4s/13m0s  114.85 iters/s

running (08m20.0s), 300/300 VUs, 12501 complete and 0 interrupted iterations
peak_restaurant_view   [  64% ] 300/300 VUs  08m19.4s/13m0s  115.30 iters/s

running (08m21.0s), 300/300 VUs, 12527 complete and 0 interrupted iterations
peak_restaurant_view   [  64% ] 300/300 VUs  08m20.4s/13m0s  115.74 iters/s

running (08m22.0s), 300/300 VUs, 12555 complete and 0 interrupted iterations
peak_restaurant_view   [  64% ] 300/300 VUs  08m21.4s/13m0s  116.19 iters/s

running (08m23.0s), 300/300 VUs, 12580 complete and 0 interrupted iterations
peak_restaurant_view   [  64% ] 300/300 VUs  08m22.4s/13m0s  116.63 iters/s

running (08m24.0s), 300/300 VUs, 12602 complete and 0 interrupted iterations
peak_restaurant_view   [  65% ] 300/300 VUs  08m23.4s/13m0s  117.07 iters/s

running (08m25.0s), 300/300 VUs, 12632 complete and 0 interrupted iterations
peak_restaurant_view   [  65% ] 300/300 VUs  08m24.4s/13m0s  117.52 iters/s

running (08m26.0s), 299/300 VUs, 12661 complete and 0 interrupted iterations
peak_restaurant_view   [  65% ] 299/300 VUs  08m25.4s/13m0s  117.96 iters/s

running (08m27.0s), 300/300 VUs, 12688 complete and 0 interrupted iterations
peak_restaurant_view   [  65% ] 300/300 VUs  08m26.4s/13m0s  118.41 iters/s

running (08m28.0s), 300/300 VUs, 12714 complete and 0 interrupted iterations
peak_restaurant_view   [  65% ] 300/300 VUs  08m27.4s/13m0s  118.85 iters/s

running (08m29.0s), 300/300 VUs, 12742 complete and 0 interrupted iterations
peak_restaurant_view   [  65% ] 300/300 VUs  08m28.4s/13m0s  119.30 iters/s

running (08m30.0s), 300/300 VUs, 12771 complete and 0 interrupted iterations
peak_restaurant_view   [  65% ] 300/300 VUs  08m29.4s/13m0s  119.74 iters/s

running (08m31.0s), 300/300 VUs, 12796 complete and 0 interrupted iterations
peak_restaurant_view   [  65% ] 300/300 VUs  08m30.4s/13m0s  120.19 iters/s

running (08m32.0s), 300/300 VUs, 12824 complete and 0 interrupted iterations
peak_restaurant_view   [  66% ] 300/300 VUs  08m31.4s/13m0s  120.63 iters/s

running (08m33.0s), 300/300 VUs, 12854 complete and 0 interrupted iterations
peak_restaurant_view   [  66% ] 300/300 VUs  08m32.4s/13m0s  121.07 iters/s

running (08m34.0s), 299/300 VUs, 12881 complete and 0 interrupted iterations
peak_restaurant_view   [  66% ] 299/300 VUs  08m33.4s/13m0s  121.52 iters/s

running (08m35.0s), 300/300 VUs, 12907 complete and 0 interrupted iterations
peak_restaurant_view   [  66% ] 300/300 VUs  08m34.4s/13m0s  121.96 iters/s

running (08m36.0s), 300/300 VUs, 12935 complete and 0 interrupted iterations
peak_restaurant_view   [  66% ] 300/300 VUs  08m35.4s/13m0s  122.41 iters/s

running (08m37.0s), 300/300 VUs, 12961 complete and 0 interrupted iterations
peak_restaurant_view   [  66% ] 300/300 VUs  08m36.4s/13m0s  122.85 iters/s

running (08m38.0s), 300/300 VUs, 12990 complete and 0 interrupted iterations
peak_restaurant_view   [  66% ] 300/300 VUs  08m37.4s/13m0s  123.30 iters/s

running (08m39.0s), 300/300 VUs, 13013 complete and 0 interrupted iterations
peak_restaurant_view   [  66% ] 300/300 VUs  08m38.4s/13m0s  123.74 iters/s

running (08m40.0s), 298/300 VUs, 13043 complete and 0 interrupted iterations
peak_restaurant_view   [  67% ] 298/300 VUs  08m39.4s/13m0s  124.18 iters/s

running (08m41.0s), 300/300 VUs, 13069 complete and 0 interrupted iterations
peak_restaurant_view   [  67% ] 300/300 VUs  08m40.4s/13m0s  124.63 iters/s

running (08m42.0s), 300/300 VUs, 13096 complete and 0 interrupted iterations
peak_restaurant_view   [  67% ] 300/300 VUs  08m41.4s/13m0s  125.08 iters/s

running (08m43.0s), 300/300 VUs, 13125 complete and 0 interrupted iterations
peak_restaurant_view   [  67% ] 300/300 VUs  08m42.4s/13m0s  125.52 iters/s

running (08m44.0s), 300/300 VUs, 13154 complete and 0 interrupted iterations
peak_restaurant_view   [  67% ] 300/300 VUs  08m43.4s/13m0s  125.96 iters/s

running (08m45.0s), 300/300 VUs, 13181 complete and 0 interrupted iterations
peak_restaurant_view   [  67% ] 300/300 VUs  08m44.4s/13m0s  126.41 iters/s

running (08m46.0s), 300/300 VUs, 13210 complete and 0 interrupted iterations
peak_restaurant_view   [  67% ] 300/300 VUs  08m45.4s/13m0s  126.85 iters/s

running (08m47.0s), 300/300 VUs, 13237 complete and 0 interrupted iterations
peak_restaurant_view   [  67% ] 300/300 VUs  08m46.4s/13m0s  127.30 iters/s

running (08m48.0s), 300/300 VUs, 13264 complete and 0 interrupted iterations
peak_restaurant_view   [  68% ] 300/300 VUs  08m47.4s/13m0s  127.74 iters/s

running (08m49.0s), 300/300 VUs, 13291 complete and 0 interrupted iterations
peak_restaurant_view   [  68% ] 300/300 VUs  08m48.4s/13m0s  128.19 iters/s

running (08m50.0s), 300/300 VUs, 13318 complete and 0 interrupted iterations
peak_restaurant_view   [  68% ] 300/300 VUs  08m49.4s/13m0s  128.63 iters/s

running (08m51.0s), 300/300 VUs, 13346 complete and 0 interrupted iterations
peak_restaurant_view   [  68% ] 300/300 VUs  08m50.4s/13m0s  129.08 iters/s

running (08m52.0s), 300/300 VUs, 13366 complete and 0 interrupted iterations
peak_restaurant_view   [  68% ] 300/300 VUs  08m51.4s/13m0s  129.52 iters/s

running (08m53.0s), 300/300 VUs, 13392 complete and 0 interrupted iterations
peak_restaurant_view   [  68% ] 300/300 VUs  08m52.4s/13m0s  129.97 iters/s

running (08m54.0s), 300/300 VUs, 13395 complete and 0 interrupted iterations
peak_restaurant_view   [  68% ] 300/300 VUs  08m53.4s/13m0s  130.41 iters/s

running (08m55.0s), 300/300 VUs, 13412 complete and 0 interrupted iterations
peak_restaurant_view   [  69% ] 300/300 VUs  08m54.4s/13m0s  130.85 iters/s

running (08m56.0s), 300/300 VUs, 13439 complete and 0 interrupted iterations
peak_restaurant_view   [  69% ] 300/300 VUs  08m55.4s/13m0s  131.30 iters/s

running (08m57.0s), 300/300 VUs, 13468 complete and 0 interrupted iterations
peak_restaurant_view   [  69% ] 300/300 VUs  08m56.4s/13m0s  131.74 iters/s

running (08m58.0s), 300/300 VUs, 13496 complete and 0 interrupted iterations
peak_restaurant_view   [  69% ] 300/300 VUs  08m57.4s/13m0s  132.19 iters/s

running (08m59.0s), 300/300 VUs, 13522 complete and 0 interrupted iterations
peak_restaurant_view   [  69% ] 300/300 VUs  08m58.4s/13m0s  132.63 iters/s

running (09m00.0s), 300/300 VUs, 13549 complete and 0 interrupted iterations
peak_restaurant_view   [  69% ] 300/300 VUs  08m59.4s/13m0s  133.07 iters/s

running (09m01.0s), 300/300 VUs, 13577 complete and 0 interrupted iterations
peak_restaurant_view   [  69% ] 300/300 VUs  09m00.4s/13m0s  133.52 iters/s

running (09m02.0s), 300/300 VUs, 13604 complete and 0 interrupted iterations
peak_restaurant_view   [  69% ] 300/300 VUs  09m01.4s/13m0s  133.96 iters/s

running (09m03.0s), 300/300 VUs, 13631 complete and 0 interrupted iterations
peak_restaurant_view   [  70% ] 300/300 VUs  09m02.4s/13m0s  134.41 iters/s

running (09m04.0s), 300/300 VUs, 13659 complete and 0 interrupted iterations
peak_restaurant_view   [  70% ] 300/300 VUs  09m03.4s/13m0s  134.85 iters/s

running (09m05.0s), 300/300 VUs, 13689 complete and 0 interrupted iterations
peak_restaurant_view   [  70% ] 300/300 VUs  09m04.4s/13m0s  135.30 iters/s

running (09m06.0s), 300/300 VUs, 13716 complete and 0 interrupted iterations
peak_restaurant_view   [  70% ] 300/300 VUs  09m05.4s/13m0s  135.74 iters/s

running (09m07.0s), 300/300 VUs, 13744 complete and 0 interrupted iterations
peak_restaurant_view   [  70% ] 300/300 VUs  09m06.4s/13m0s  136.19 iters/s

running (09m08.0s), 300/300 VUs, 13771 complete and 0 interrupted iterations
peak_restaurant_view   [  70% ] 300/300 VUs  09m07.4s/13m0s  136.63 iters/s

running (09m09.0s), 300/300 VUs, 13794 complete and 0 interrupted iterations
peak_restaurant_view   [  70% ] 300/300 VUs  09m08.4s/13m0s  137.08 iters/s

running (09m10.0s), 300/300 VUs, 13818 complete and 0 interrupted iterations
peak_restaurant_view   [  70% ] 300/300 VUs  09m09.4s/13m0s  137.52 iters/s

running (09m11.0s), 300/300 VUs, 13846 complete and 0 interrupted iterations
peak_restaurant_view   [  71% ] 300/300 VUs  09m10.4s/13m0s  137.96 iters/s

running (09m12.0s), 300/300 VUs, 13872 complete and 0 interrupted iterations
peak_restaurant_view   [  71% ] 300/300 VUs  09m11.4s/13m0s  138.41 iters/s

running (09m13.0s), 300/300 VUs, 13901 complete and 0 interrupted iterations
peak_restaurant_view   [  71% ] 300/300 VUs  09m12.4s/13m0s  138.85 iters/s

running (09m14.0s), 300/300 VUs, 13927 complete and 0 interrupted iterations
peak_restaurant_view   [  71% ] 300/300 VUs  09m13.4s/13m0s  139.30 iters/s

running (09m15.0s), 300/300 VUs, 13954 complete and 0 interrupted iterations
peak_restaurant_view   [  71% ] 300/300 VUs  09m14.4s/13m0s  139.74 iters/s

running (09m16.0s), 300/300 VUs, 13981 complete and 0 interrupted iterations
peak_restaurant_view   [  71% ] 300/300 VUs  09m15.4s/13m0s  140.19 iters/s

running (09m17.0s), 300/300 VUs, 14007 complete and 0 interrupted iterations
peak_restaurant_view   [  71% ] 300/300 VUs  09m16.4s/13m0s  140.63 iters/s

running (09m18.0s), 299/300 VUs, 14036 complete and 0 interrupted iterations
peak_restaurant_view   [  71% ] 299/300 VUs  09m17.4s/13m0s  141.07 iters/s

running (09m19.0s), 300/300 VUs, 14062 complete and 0 interrupted iterations
peak_restaurant_view   [  72% ] 300/300 VUs  09m18.4s/13m0s  141.52 iters/s

running (09m20.0s), 300/300 VUs, 14091 complete and 0 interrupted iterations
peak_restaurant_view   [  72% ] 300/300 VUs  09m19.4s/13m0s  141.96 iters/s

running (09m21.0s), 300/300 VUs, 14117 complete and 0 interrupted iterations
peak_restaurant_view   [  72% ] 300/300 VUs  09m20.4s/13m0s  142.41 iters/s

running (09m22.0s), 299/300 VUs, 14144 complete and 0 interrupted iterations
peak_restaurant_view   [  72% ] 299/300 VUs  09m21.4s/13m0s  142.85 iters/s

running (09m23.0s), 300/300 VUs, 14171 complete and 0 interrupted iterations
peak_restaurant_view   [  72% ] 300/300 VUs  09m22.4s/13m0s  143.30 iters/s

running (09m24.0s), 300/300 VUs, 14194 complete and 0 interrupted iterations
peak_restaurant_view   [  72% ] 300/300 VUs  09m23.4s/13m0s  143.74 iters/s

running (09m25.0s), 300/300 VUs, 14220 complete and 0 interrupted iterations
peak_restaurant_view   [  72% ] 300/300 VUs  09m24.4s/13m0s  144.19 iters/s

running (09m26.0s), 299/300 VUs, 14248 complete and 0 interrupted iterations
peak_restaurant_view   [  72% ] 299/300 VUs  09m25.4s/13m0s  144.63 iters/s

running (09m27.0s), 300/300 VUs, 14275 complete and 0 interrupted iterations
peak_restaurant_view   [  73% ] 300/300 VUs  09m26.4s/13m0s  145.07 iters/s

running (09m28.0s), 300/300 VUs, 14303 complete and 0 interrupted iterations
peak_restaurant_view   [  73% ] 300/300 VUs  09m27.4s/13m0s  145.52 iters/s

running (09m29.0s), 300/300 VUs, 14331 complete and 0 interrupted iterations
peak_restaurant_view   [  73% ] 300/300 VUs  09m28.4s/13m0s  145.96 iters/s

running (09m30.0s), 300/300 VUs, 14358 complete and 0 interrupted iterations
peak_restaurant_view   [  73% ] 300/300 VUs  09m29.4s/13m0s  146.41 iters/s

running (09m31.0s), 300/300 VUs, 14387 complete and 0 interrupted iterations
peak_restaurant_view   [  73% ] 300/300 VUs  09m30.4s/13m0s  146.85 iters/s

running (09m32.0s), 300/300 VUs, 14415 complete and 0 interrupted iterations
peak_restaurant_view   [  73% ] 300/300 VUs  09m31.4s/13m0s  147.30 iters/s

running (09m33.0s), 300/300 VUs, 14443 complete and 0 interrupted iterations
peak_restaurant_view   [  73% ] 300/300 VUs  09m32.4s/13m0s  147.74 iters/s

running (09m34.0s), 300/300 VUs, 14469 complete and 0 interrupted iterations
peak_restaurant_view   [  74% ] 300/300 VUs  09m33.4s/13m0s  148.19 iters/s

running (09m35.0s), 300/300 VUs, 14498 complete and 0 interrupted iterations
peak_restaurant_view   [  74% ] 300/300 VUs  09m34.4s/13m0s  148.63 iters/s

running (09m36.0s), 300/300 VUs, 14526 complete and 0 interrupted iterations
peak_restaurant_view   [  74% ] 300/300 VUs  09m35.4s/13m0s  149.08 iters/s

running (09m37.0s), 300/300 VUs, 14552 complete and 0 interrupted iterations
peak_restaurant_view   [  74% ] 300/300 VUs  09m36.4s/13m0s  149.52 iters/s

running (09m38.0s), 300/300 VUs, 14578 complete and 0 interrupted iterations
peak_restaurant_view   [  74% ] 300/300 VUs  09m37.4s/13m0s  149.96 iters/s

running (09m39.0s), 300/300 VUs, 14596 complete and 0 interrupted iterations
peak_restaurant_view   [  74% ] 300/300 VUs  09m38.4s/13m0s  150.41 iters/s

running (09m40.0s), 300/300 VUs, 14624 complete and 0 interrupted iterations
peak_restaurant_view   [  74% ] 300/300 VUs  09m39.4s/13m0s  150.85 iters/s

running (09m41.0s), 300/300 VUs, 14653 complete and 0 interrupted iterations
peak_restaurant_view   [  74% ] 300/300 VUs  09m40.4s/13m0s  151.30 iters/s

running (09m42.0s), 300/300 VUs, 14680 complete and 0 interrupted iterations
peak_restaurant_view   [  75% ] 300/300 VUs  09m41.4s/13m0s  151.74 iters/s

running (09m43.0s), 300/300 VUs, 14707 complete and 0 interrupted iterations
peak_restaurant_view   [  75% ] 300/300 VUs  09m42.4s/13m0s  152.19 iters/s

running (09m44.0s), 300/300 VUs, 14733 complete and 0 interrupted iterations
peak_restaurant_view   [  75% ] 300/300 VUs  09m43.4s/13m0s  152.63 iters/s

running (09m45.0s), 300/300 VUs, 14760 complete and 0 interrupted iterations
peak_restaurant_view   [  75% ] 300/300 VUs  09m44.4s/13m0s  153.08 iters/s

running (09m46.0s), 300/300 VUs, 14789 complete and 0 interrupted iterations
peak_restaurant_view   [  75% ] 300/300 VUs  09m45.4s/13m0s  153.52 iters/s

running (09m47.0s), 300/300 VUs, 14817 complete and 0 interrupted iterations
peak_restaurant_view   [  75% ] 300/300 VUs  09m46.4s/13m0s  153.97 iters/s

running (09m48.0s), 300/300 VUs, 14845 complete and 0 interrupted iterations
peak_restaurant_view   [  75% ] 300/300 VUs  09m47.4s/13m0s  154.41 iters/s

running (09m49.0s), 300/300 VUs, 14873 complete and 0 interrupted iterations
peak_restaurant_view   [  75% ] 300/300 VUs  09m48.4s/13m0s  154.85 iters/s

running (09m50.0s), 300/300 VUs, 14901 complete and 0 interrupted iterations
peak_restaurant_view   [  76% ] 300/300 VUs  09m49.4s/13m0s  155.30 iters/s

running (09m51.0s), 300/300 VUs, 14930 complete and 0 interrupted iterations
peak_restaurant_view   [  76% ] 300/300 VUs  09m50.4s/13m0s  155.74 iters/s

running (09m52.0s), 300/300 VUs, 14952 complete and 0 interrupted iterations
peak_restaurant_view   [  76% ] 300/300 VUs  09m51.4s/13m0s  156.19 iters/s

running (09m53.0s), 300/300 VUs, 14974 complete and 0 interrupted iterations
peak_restaurant_view   [  76% ] 300/300 VUs  09m52.4s/13m0s  156.63 iters/s

running (09m54.0s), 300/300 VUs, 14979 complete and 0 interrupted iterations
peak_restaurant_view   [  76% ] 300/300 VUs  09m53.4s/13m0s  157.07 iters/s

running (09m55.0s), 300/300 VUs, 14995 complete and 0 interrupted iterations
peak_restaurant_view   [  76% ] 300/300 VUs  09m54.4s/13m0s  157.52 iters/s

running (09m56.0s), 300/300 VUs, 15022 complete and 0 interrupted iterations
peak_restaurant_view   [  76% ] 300/300 VUs  09m55.4s/13m0s  157.96 iters/s

running (09m57.0s), 300/300 VUs, 15049 complete and 0 interrupted iterations
peak_restaurant_view   [  76% ] 300/300 VUs  09m56.4s/13m0s  158.41 iters/s

running (09m58.0s), 296/300 VUs, 15079 complete and 0 interrupted iterations
peak_restaurant_view   [  77% ] 296/300 VUs  09m57.4s/13m0s  158.85 iters/s

running (09m59.0s), 300/300 VUs, 15104 complete and 0 interrupted iterations
peak_restaurant_view   [  77% ] 300/300 VUs  09m58.4s/13m0s  159.30 iters/s

running (10m00.0s), 299/300 VUs, 15134 complete and 0 interrupted iterations
peak_restaurant_view   [  77% ] 299/300 VUs  09m59.4s/13m0s  159.74 iters/s

running (10m01.0s), 299/300 VUs, 15161 complete and 0 interrupted iterations
peak_restaurant_view   [  77% ] 299/300 VUs  10m00.4s/13m0s  160.37 iters/s

running (10m02.0s), 300/300 VUs, 15188 complete and 0 interrupted iterations
peak_restaurant_view   [  77% ] 300/300 VUs  10m01.4s/13m0s  161.26 iters/s

running (10m03.0s), 300/300 VUs, 15217 complete and 0 interrupted iterations
peak_restaurant_view   [  77% ] 300/300 VUs  10m02.4s/13m0s  162.15 iters/s

running (10m04.0s), 300/300 VUs, 15242 complete and 0 interrupted iterations
peak_restaurant_view   [  77% ] 300/300 VUs  10m03.4s/13m0s  163.04 iters/s

running (10m05.0s), 300/300 VUs, 15271 complete and 0 interrupted iterations
peak_restaurant_view   [  77% ] 300/300 VUs  10m04.4s/13m0s  163.93 iters/s

running (10m06.0s), 300/300 VUs, 15298 complete and 0 interrupted iterations
peak_restaurant_view   [  78% ] 300/300 VUs  10m05.4s/13m0s  164.82 iters/s

running (10m07.0s), 300/300 VUs, 15326 complete and 0 interrupted iterations
peak_restaurant_view   [  78% ] 300/300 VUs  10m06.4s/13m0s  165.71 iters/s

running (10m08.0s), 300/300 VUs, 15354 complete and 0 interrupted iterations
peak_restaurant_view   [  78% ] 300/300 VUs  10m07.4s/13m0s  166.59 iters/s

running (10m09.0s), 298/300 VUs, 15378 complete and 0 interrupted iterations
peak_restaurant_view   [  78% ] 298/300 VUs  10m08.4s/13m0s  167.48 iters/s

running (10m10.0s), 300/300 VUs, 15401 complete and 0 interrupted iterations
peak_restaurant_view   [  78% ] 300/300 VUs  10m09.4s/13m0s  168.37 iters/s

running (10m11.0s), 300/300 VUs, 15430 complete and 0 interrupted iterations
peak_restaurant_view   [  78% ] 300/300 VUs  10m10.4s/13m0s  169.26 iters/s

running (10m12.0s), 300/300 VUs, 15459 complete and 0 interrupted iterations
peak_restaurant_view   [  78% ] 300/300 VUs  10m11.4s/13m0s  170.15 iters/s

running (10m13.0s), 300/300 VUs, 15485 complete and 0 interrupted iterations
peak_restaurant_view   [  79% ] 300/300 VUs  10m12.4s/13m0s  171.04 iters/s

running (10m14.0s), 300/300 VUs, 15514 complete and 0 interrupted iterations
peak_restaurant_view   [  79% ] 300/300 VUs  10m13.4s/13m0s  171.93 iters/s

running (10m15.0s), 300/300 VUs, 15541 complete and 0 interrupted iterations
peak_restaurant_view   [  79% ] 300/300 VUs  10m14.4s/13m0s  172.82 iters/s

running (10m16.0s), 300/300 VUs, 15569 complete and 0 interrupted iterations
peak_restaurant_view   [  79% ] 300/300 VUs  10m15.4s/13m0s  173.70 iters/s

running (10m17.0s), 300/300 VUs, 15597 complete and 0 interrupted iterations
peak_restaurant_view   [  79% ] 300/300 VUs  10m16.4s/13m0s  174.59 iters/s

running (10m18.0s), 300/300 VUs, 15625 complete and 0 interrupted iterations
peak_restaurant_view   [  79% ] 300/300 VUs  10m17.4s/13m0s  175.48 iters/s

running (10m19.0s), 300/300 VUs, 15654 complete and 0 interrupted iterations
peak_restaurant_view   [  79% ] 300/300 VUs  10m18.4s/13m0s  176.37 iters/s

running (10m20.0s), 300/300 VUs, 15681 complete and 0 interrupted iterations
peak_restaurant_view   [  79% ] 300/300 VUs  10m19.4s/13m0s  177.26 iters/s

running (10m21.0s), 300/300 VUs, 15707 complete and 0 interrupted iterations
peak_restaurant_view   [  80% ] 300/300 VUs  10m20.4s/13m0s  178.15 iters/s

running (10m22.0s), 300/300 VUs, 15732 complete and 0 interrupted iterations
peak_restaurant_view   [  80% ] 300/300 VUs  10m21.4s/13m0s  179.04 iters/s

running (10m23.0s), 300/300 VUs, 15760 complete and 0 interrupted iterations
peak_restaurant_view   [  80% ] 300/300 VUs  10m22.4s/13m0s  179.93 iters/s

running (10m24.0s), 300/300 VUs, 15784 complete and 0 interrupted iterations
peak_restaurant_view   [  80% ] 300/300 VUs  10m23.4s/13m0s  180.82 iters/s

running (10m25.0s), 300/300 VUs, 15811 complete and 0 interrupted iterations
peak_restaurant_view   [  80% ] 300/300 VUs  10m24.4s/13m0s  181.71 iters/s

running (10m26.0s), 300/300 VUs, 15838 complete and 0 interrupted iterations
peak_restaurant_view   [  80% ] 300/300 VUs  10m25.4s/13m0s  182.60 iters/s

running (10m27.0s), 300/300 VUs, 15865 complete and 0 interrupted iterations
peak_restaurant_view   [  80% ] 300/300 VUs  10m26.4s/13m0s  183.48 iters/s

running (10m28.0s), 300/300 VUs, 15895 complete and 0 interrupted iterations
peak_restaurant_view   [  80% ] 300/300 VUs  10m27.4s/13m0s  184.37 iters/s

running (10m29.0s), 300/300 VUs, 15922 complete and 0 interrupted iterations
peak_restaurant_view   [  81% ] 300/300 VUs  10m28.4s/13m0s  185.26 iters/s

running (10m30.0s), 300/300 VUs, 15950 complete and 0 interrupted iterations
peak_restaurant_view   [  81% ] 300/300 VUs  10m29.4s/13m0s  186.15 iters/s

running (10m31.0s), 300/300 VUs, 15979 complete and 0 interrupted iterations
peak_restaurant_view   [  81% ] 300/300 VUs  10m30.4s/13m0s  187.04 iters/s

running (10m32.0s), 300/300 VUs, 16006 complete and 0 interrupted iterations
peak_restaurant_view   [  81% ] 300/300 VUs  10m31.4s/13m0s  187.93 iters/s

running (10m33.0s), 300/300 VUs, 16034 complete and 0 interrupted iterations
peak_restaurant_view   [  81% ] 300/300 VUs  10m32.4s/13m0s  188.82 iters/s

running (10m34.0s), 300/300 VUs, 16060 complete and 0 interrupted iterations
peak_restaurant_view   [  81% ] 300/300 VUs  10m33.4s/13m0s  189.71 iters/s

running (10m35.0s), 300/300 VUs, 16090 complete and 0 interrupted iterations
peak_restaurant_view   [  81% ] 300/300 VUs  10m34.4s/13m0s  190.59 iters/s

running (10m36.0s), 300/300 VUs, 16118 complete and 0 interrupted iterations
peak_restaurant_view   [  81% ] 300/300 VUs  10m35.4s/13m0s  191.48 iters/s

running (10m37.0s), 300/300 VUs, 16144 complete and 0 interrupted iterations
peak_restaurant_view   [  82% ] 300/300 VUs  10m36.4s/13m0s  192.37 iters/s

running (10m38.0s), 300/300 VUs, 16173 complete and 0 interrupted iterations
peak_restaurant_view   [  82% ] 300/300 VUs  10m37.4s/13m0s  193.26 iters/s

running (10m39.0s), 300/300 VUs, 16195 complete and 0 interrupted iterations
peak_restaurant_view   [  82% ] 300/300 VUs  10m38.4s/13m0s  194.15 iters/s

running (10m40.0s), 300/300 VUs, 16224 complete and 0 interrupted iterations
peak_restaurant_view   [  82% ] 300/300 VUs  10m39.4s/13m0s  195.04 iters/s

running (10m41.0s), 300/300 VUs, 16249 complete and 0 interrupted iterations
peak_restaurant_view   [  82% ] 300/300 VUs  10m40.4s/13m0s  195.93 iters/s

running (10m42.0s), 300/300 VUs, 16278 complete and 0 interrupted iterations
peak_restaurant_view   [  82% ] 300/300 VUs  10m41.4s/13m0s  196.82 iters/s

running (10m43.0s), 300/300 VUs, 16303 complete and 0 interrupted iterations
peak_restaurant_view   [  82% ] 300/300 VUs  10m42.4s/13m0s  197.70 iters/s

running (10m44.0s), 300/300 VUs, 16332 complete and 0 interrupted iterations
peak_restaurant_view   [  82% ] 300/300 VUs  10m43.4s/13m0s  198.59 iters/s

running (10m45.0s), 300/300 VUs, 16357 complete and 0 interrupted iterations
peak_restaurant_view   [  83% ] 300/300 VUs  10m44.4s/13m0s  199.48 iters/s

running (10m46.0s), 300/300 VUs, 16386 complete and 0 interrupted iterations
peak_restaurant_view   [  83% ] 300/300 VUs  10m45.4s/13m0s  200.37 iters/s

running (10m47.0s), 299/300 VUs, 16414 complete and 0 interrupted iterations
peak_restaurant_view   [  83% ] 299/300 VUs  10m46.4s/13m0s  201.26 iters/s

running (10m48.0s), 300/300 VUs, 16440 complete and 0 interrupted iterations
peak_restaurant_view   [  83% ] 300/300 VUs  10m47.4s/13m0s  202.15 iters/s

running (10m49.0s), 300/300 VUs, 16469 complete and 0 interrupted iterations
peak_restaurant_view   [  83% ] 300/300 VUs  10m48.4s/13m0s  203.04 iters/s

running (10m50.0s), 300/300 VUs, 16497 complete and 0 interrupted iterations
peak_restaurant_view   [  83% ] 300/300 VUs  10m49.4s/13m0s  203.93 iters/s

running (10m51.0s), 300/300 VUs, 16523 complete and 0 interrupted iterations
peak_restaurant_view   [  83% ] 300/300 VUs  10m50.4s/13m0s  204.82 iters/s

running (10m52.0s), 300/300 VUs, 16544 complete and 0 interrupted iterations
peak_restaurant_view   [  84% ] 300/300 VUs  10m51.4s/13m0s  205.71 iters/s

running (10m53.0s), 300/300 VUs, 16554 complete and 0 interrupted iterations
peak_restaurant_view   [  84% ] 300/300 VUs  10m52.4s/13m0s  206.60 iters/s

running (10m54.0s), 300/300 VUs, 16563 complete and 0 interrupted iterations
peak_restaurant_view   [  84% ] 300/300 VUs  10m53.4s/13m0s  207.48 iters/s

running (10m55.0s), 300/300 VUs, 16564 complete and 0 interrupted iterations
peak_restaurant_view   [  84% ] 300/300 VUs  10m54.4s/13m0s  208.37 iters/s

running (10m56.0s), 300/300 VUs, 16589 complete and 0 interrupted iterations
peak_restaurant_view   [  84% ] 300/300 VUs  10m55.4s/13m0s  209.26 iters/s

running (10m57.0s), 299/300 VUs, 16618 complete and 0 interrupted iterations
peak_restaurant_view   [  84% ] 299/300 VUs  10m56.4s/13m0s  210.15 iters/s

running (10m58.0s), 300/300 VUs, 16645 complete and 0 interrupted iterations
peak_restaurant_view   [  84% ] 300/300 VUs  10m57.4s/13m0s  211.04 iters/s

running (10m59.0s), 300/300 VUs, 16670 complete and 0 interrupted iterations
peak_restaurant_view   [  84% ] 300/300 VUs  10m58.4s/13m0s  211.93 iters/s

running (11m00.0s), 300/300 VUs, 16698 complete and 0 interrupted iterations
peak_restaurant_view   [  85% ] 300/300 VUs  10m59.4s/13m0s  212.82 iters/s

running (11m01.0s), 300/300 VUs, 16725 complete and 0 interrupted iterations
peak_restaurant_view   [  85% ] 300/300 VUs  11m00.4s/13m0s  213.71 iters/s

running (11m02.0s), 300/300 VUs, 16753 complete and 0 interrupted iterations
peak_restaurant_view   [  85% ] 300/300 VUs  11m01.4s/13m0s  214.59 iters/s

running (11m03.0s), 299/300 VUs, 16782 complete and 0 interrupted iterations
peak_restaurant_view   [  85% ] 299/300 VUs  11m02.4s/13m0s  215.48 iters/s

running (11m04.0s), 300/300 VUs, 16807 complete and 0 interrupted iterations
peak_restaurant_view   [  85% ] 300/300 VUs  11m03.4s/13m0s  216.37 iters/s

running (11m05.0s), 300/300 VUs, 16833 complete and 0 interrupted iterations
peak_restaurant_view   [  85% ] 300/300 VUs  11m04.4s/13m0s  217.26 iters/s

running (11m06.0s), 300/300 VUs, 16863 complete and 0 interrupted iterations
peak_restaurant_view   [  85% ] 300/300 VUs  11m05.4s/13m0s  218.15 iters/s

running (11m07.0s), 300/300 VUs, 16890 complete and 0 interrupted iterations
peak_restaurant_view   [  85% ] 300/300 VUs  11m06.4s/13m0s  219.04 iters/s

running (11m08.0s), 300/300 VUs, 16917 complete and 0 interrupted iterations
peak_restaurant_view   [  86% ] 300/300 VUs  11m07.4s/13m0s  219.93 iters/s

running (11m09.0s), 299/300 VUs, 16941 complete and 0 interrupted iterations
peak_restaurant_view   [  86% ] 299/300 VUs  11m08.4s/13m0s  220.82 iters/s

running (11m10.0s), 300/300 VUs, 16966 complete and 0 interrupted iterations
peak_restaurant_view   [  86% ] 300/300 VUs  11m09.4s/13m0s  221.70 iters/s

running (11m11.0s), 300/300 VUs, 16995 complete and 0 interrupted iterations
peak_restaurant_view   [  86% ] 300/300 VUs  11m10.4s/13m0s  222.59 iters/s

running (11m12.0s), 300/300 VUs, 17022 complete and 0 interrupted iterations
peak_restaurant_view   [  86% ] 300/300 VUs  11m11.4s/13m0s  223.49 iters/s

running (11m13.0s), 300/300 VUs, 17051 complete and 0 interrupted iterations
peak_restaurant_view   [  86% ] 300/300 VUs  11m12.4s/13m0s  224.37 iters/s

running (11m14.0s), 300/300 VUs, 17076 complete and 0 interrupted iterations
peak_restaurant_view   [  86% ] 300/300 VUs  11m13.4s/13m0s  225.26 iters/s

running (11m15.0s), 300/300 VUs, 17106 complete and 0 interrupted iterations
peak_restaurant_view   [  86% ] 300/300 VUs  11m14.4s/13m0s  226.15 iters/s

running (11m16.0s), 299/300 VUs, 17134 complete and 0 interrupted iterations
peak_restaurant_view   [  87% ] 299/300 VUs  11m15.4s/13m0s  227.04 iters/s

running (11m17.0s), 300/300 VUs, 17154 complete and 0 interrupted iterations
peak_restaurant_view   [  87% ] 300/300 VUs  11m16.4s/13m0s  227.93 iters/s

running (11m18.0s), 300/300 VUs, 17175 complete and 0 interrupted iterations
peak_restaurant_view   [  87% ] 300/300 VUs  11m17.4s/13m0s  228.82 iters/s

running (11m19.0s), 300/300 VUs, 17202 complete and 0 interrupted iterations
peak_restaurant_view   [  87% ] 300/300 VUs  11m18.4s/13m0s  229.70 iters/s

running (11m20.0s), 300/300 VUs, 17230 complete and 0 interrupted iterations
peak_restaurant_view   [  87% ] 300/300 VUs  11m19.4s/13m0s  230.60 iters/s

running (11m21.0s), 300/300 VUs, 17257 complete and 0 interrupted iterations
peak_restaurant_view   [  87% ] 300/300 VUs  11m20.4s/13m0s  231.48 iters/s

running (11m22.0s), 300/300 VUs, 17285 complete and 0 interrupted iterations
peak_restaurant_view   [  87% ] 300/300 VUs  11m21.4s/13m0s  232.37 iters/s

running (11m23.0s), 300/300 VUs, 17311 complete and 0 interrupted iterations
peak_restaurant_view   [  87% ] 300/300 VUs  11m22.4s/13m0s  233.26 iters/s

running (11m24.0s), 300/300 VUs, 17333 complete and 0 interrupted iterations
peak_restaurant_view   [  88% ] 300/300 VUs  11m23.4s/13m0s  234.15 iters/s

running (11m25.0s), 300/300 VUs, 17361 complete and 0 interrupted iterations
peak_restaurant_view   [  88% ] 300/300 VUs  11m24.4s/13m0s  235.04 iters/s

running (11m26.0s), 300/300 VUs, 17389 complete and 0 interrupted iterations
peak_restaurant_view   [  88% ] 300/300 VUs  11m25.4s/13m0s  235.93 iters/s

running (11m27.0s), 300/300 VUs, 17416 complete and 0 interrupted iterations
peak_restaurant_view   [  88% ] 300/300 VUs  11m26.4s/13m0s  236.82 iters/s

running (11m28.0s), 300/300 VUs, 17445 complete and 0 interrupted iterations
peak_restaurant_view   [  88% ] 300/300 VUs  11m27.4s/13m0s  237.71 iters/s

running (11m29.0s), 300/300 VUs, 17472 complete and 0 interrupted iterations
peak_restaurant_view   [  88% ] 300/300 VUs  11m28.4s/13m0s  238.59 iters/s

running (11m30.0s), 300/300 VUs, 17499 complete and 0 interrupted iterations
peak_restaurant_view   [  88% ] 300/300 VUs  11m29.4s/13m0s  239.48 iters/s

running (11m31.0s), 300/300 VUs, 17526 complete and 0 interrupted iterations
peak_restaurant_view   [  89% ] 300/300 VUs  11m30.4s/13m0s  240.37 iters/s

running (11m32.0s), 300/300 VUs, 17552 complete and 0 interrupted iterations
peak_restaurant_view   [  89% ] 300/300 VUs  11m31.4s/13m0s  241.26 iters/s

running (11m33.0s), 300/300 VUs, 17580 complete and 0 interrupted iterations
peak_restaurant_view   [  89% ] 300/300 VUs  11m32.4s/13m0s  242.15 iters/s

running (11m34.0s), 300/300 VUs, 17607 complete and 0 interrupted iterations
peak_restaurant_view   [  89% ] 300/300 VUs  11m33.4s/13m0s  243.04 iters/s

running (11m35.0s), 299/300 VUs, 17635 complete and 0 interrupted iterations
peak_restaurant_view   [  89% ] 299/300 VUs  11m34.4s/13m0s  243.93 iters/s

running (11m36.0s), 300/300 VUs, 17662 complete and 0 interrupted iterations
peak_restaurant_view   [  89% ] 300/300 VUs  11m35.4s/13m0s  244.82 iters/s

running (11m37.0s), 300/300 VUs, 17689 complete and 0 interrupted iterations
peak_restaurant_view   [  89% ] 300/300 VUs  11m36.4s/13m0s  245.70 iters/s

running (11m38.0s), 300/300 VUs, 17714 complete and 0 interrupted iterations
peak_restaurant_view   [  89% ] 300/300 VUs  11m37.4s/13m0s  246.59 iters/s

running (11m39.0s), 300/300 VUs, 17737 complete and 0 interrupted iterations
peak_restaurant_view   [  90% ] 300/300 VUs  11m38.4s/13m0s  247.49 iters/s

running (11m40.0s), 300/300 VUs, 17763 complete and 0 interrupted iterations
peak_restaurant_view   [  90% ] 300/300 VUs  11m39.4s/13m0s  248.37 iters/s

running (11m41.0s), 300/300 VUs, 17793 complete and 0 interrupted iterations
peak_restaurant_view   [  90% ] 300/300 VUs  11m40.4s/13m0s  249.26 iters/s

running (11m42.0s), 300/300 VUs, 17820 complete and 0 interrupted iterations
peak_restaurant_view   [  90% ] 300/300 VUs  11m41.4s/13m0s  250.15 iters/s

running (11m43.0s), 300/300 VUs, 17848 complete and 0 interrupted iterations
peak_restaurant_view   [  90% ] 300/300 VUs  11m42.4s/13m0s  251.04 iters/s

running (11m44.0s), 300/300 VUs, 17876 complete and 0 interrupted iterations
peak_restaurant_view   [  90% ] 300/300 VUs  11m43.4s/13m0s  251.93 iters/s

running (11m45.0s), 300/300 VUs, 17902 complete and 0 interrupted iterations
peak_restaurant_view   [  90% ] 300/300 VUs  11m44.4s/13m0s  252.82 iters/s

running (11m46.0s), 300/300 VUs, 17929 complete and 0 interrupted iterations
peak_restaurant_view   [  90% ] 300/300 VUs  11m45.4s/13m0s  253.71 iters/s

running (11m47.0s), 300/300 VUs, 17955 complete and 0 interrupted iterations
peak_restaurant_view   [  91% ] 300/300 VUs  11m46.4s/13m0s  254.60 iters/s

running (11m48.0s), 300/300 VUs, 17983 complete and 0 interrupted iterations
peak_restaurant_view   [  91% ] 300/300 VUs  11m47.4s/13m0s  255.48 iters/s

running (11m49.0s), 300/300 VUs, 18011 complete and 0 interrupted iterations
peak_restaurant_view   [  91% ] 300/300 VUs  11m48.4s/13m0s  256.37 iters/s

running (11m50.0s), 300/300 VUs, 18038 complete and 0 interrupted iterations
peak_restaurant_view   [  91% ] 300/300 VUs  11m49.4s/13m0s  257.26 iters/s

running (11m51.0s), 300/300 VUs, 18068 complete and 0 interrupted iterations
peak_restaurant_view   [  91% ] 300/300 VUs  11m50.4s/13m0s  258.15 iters/s

running (11m52.0s), 300/300 VUs, 18089 complete and 0 interrupted iterations
peak_restaurant_view   [  91% ] 300/300 VUs  11m51.4s/13m0s  259.04 iters/s

running (11m53.0s), 300/300 VUs, 18110 complete and 0 interrupted iterations
peak_restaurant_view   [  91% ] 300/300 VUs  11m52.4s/13m0s  259.93 iters/s

running (11m54.0s), 300/300 VUs, 18118 complete and 0 interrupted iterations
peak_restaurant_view   [  91% ] 300/300 VUs  11m53.4s/13m0s  260.82 iters/s

running (11m55.0s), 300/300 VUs, 18140 complete and 0 interrupted iterations
peak_restaurant_view   [  92% ] 300/300 VUs  11m54.4s/13m0s  261.71 iters/s

running (11m56.0s), 300/300 VUs, 18165 complete and 0 interrupted iterations
peak_restaurant_view   [  92% ] 300/300 VUs  11m55.4s/13m0s  262.59 iters/s

running (11m57.0s), 300/300 VUs, 18193 complete and 0 interrupted iterations
peak_restaurant_view   [  92% ] 300/300 VUs  11m56.4s/13m0s  263.48 iters/s

running (11m58.0s), 300/300 VUs, 18219 complete and 0 interrupted iterations
peak_restaurant_view   [  92% ] 300/300 VUs  11m57.4s/13m0s  264.37 iters/s

running (11m59.0s), 300/300 VUs, 18247 complete and 0 interrupted iterations
peak_restaurant_view   [  92% ] 300/300 VUs  11m58.4s/13m0s  265.26 iters/s

running (12m00.0s), 300/300 VUs, 18275 complete and 0 interrupted iterations
peak_restaurant_view   [  92% ] 300/300 VUs  11m59.4s/13m0s  266.15 iters/s

running (12m01.0s), 300/300 VUs, 18301 complete and 0 interrupted iterations
peak_restaurant_view   [  92% ] 300/300 VUs  12m00.4s/13m0s  267.04 iters/s

running (12m02.0s), 300/300 VUs, 18330 complete and 0 interrupted iterations
peak_restaurant_view   [  92% ] 300/300 VUs  12m01.4s/13m0s  267.93 iters/s

running (12m03.0s), 300/300 VUs, 18355 complete and 0 interrupted iterations
peak_restaurant_view   [  93% ] 300/300 VUs  12m02.4s/13m0s  268.82 iters/s

running (12m04.0s), 300/300 VUs, 18384 complete and 0 interrupted iterations
peak_restaurant_view   [  93% ] 300/300 VUs  12m03.4s/13m0s  269.70 iters/s

running (12m05.0s), 299/300 VUs, 18409 complete and 0 interrupted iterations
peak_restaurant_view   [  93% ] 299/300 VUs  12m04.4s/13m0s  270.59 iters/s

running (12m06.0s), 300/300 VUs, 18438 complete and 0 interrupted iterations
peak_restaurant_view   [  93% ] 300/300 VUs  12m05.4s/13m0s  271.48 iters/s

running (12m07.0s), 300/300 VUs, 18463 complete and 0 interrupted iterations
peak_restaurant_view   [  93% ] 300/300 VUs  12m06.4s/13m0s  272.37 iters/s

running (12m08.0s), 300/300 VUs, 18491 complete and 0 interrupted iterations
peak_restaurant_view   [  93% ] 300/300 VUs  12m07.4s/13m0s  273.26 iters/s

running (12m09.0s), 300/300 VUs, 18515 complete and 0 interrupted iterations
peak_restaurant_view   [  93% ] 300/300 VUs  12m08.4s/13m0s  274.15 iters/s

running (12m10.0s), 300/300 VUs, 18542 complete and 0 interrupted iterations
peak_restaurant_view   [  94% ] 300/300 VUs  12m09.4s/13m0s  275.04 iters/s

running (12m11.0s), 300/300 VUs, 18568 complete and 0 interrupted iterations
peak_restaurant_view   [  94% ] 300/300 VUs  12m10.4s/13m0s  275.93 iters/s

running (12m12.0s), 300/300 VUs, 18598 complete and 0 interrupted iterations
peak_restaurant_view   [  94% ] 300/300 VUs  12m11.4s/13m0s  276.82 iters/s

running (12m13.0s), 300/300 VUs, 18626 complete and 0 interrupted iterations
peak_restaurant_view   [  94% ] 300/300 VUs  12m12.4s/13m0s  277.71 iters/s

running (12m14.0s), 300/300 VUs, 18650 complete and 0 interrupted iterations
peak_restaurant_view   [  94% ] 300/300 VUs  12m13.4s/13m0s  278.59 iters/s

running (12m15.0s), 300/300 VUs, 18679 complete and 0 interrupted iterations
peak_restaurant_view   [  94% ] 300/300 VUs  12m14.4s/13m0s  279.48 iters/s

running (12m16.0s), 300/300 VUs, 18706 complete and 0 interrupted iterations
peak_restaurant_view   [  94% ] 300/300 VUs  12m15.4s/13m0s  280.37 iters/s

running (12m17.0s), 300/300 VUs, 18733 complete and 0 interrupted iterations
peak_restaurant_view   [  94% ] 300/300 VUs  12m16.4s/13m0s  281.26 iters/s

running (12m18.0s), 300/300 VUs, 18763 complete and 0 interrupted iterations
peak_restaurant_view   [  95% ] 300/300 VUs  12m17.4s/13m0s  282.15 iters/s

running (12m19.0s), 300/300 VUs, 18790 complete and 0 interrupted iterations
peak_restaurant_view   [  95% ] 300/300 VUs  12m18.4s/13m0s  283.04 iters/s

running (12m20.0s), 300/300 VUs, 18820 complete and 0 interrupted iterations
peak_restaurant_view   [  95% ] 300/300 VUs  12m19.4s/13m0s  283.93 iters/s

running (12m21.0s), 300/300 VUs, 18847 complete and 0 interrupted iterations
peak_restaurant_view   [  95% ] 300/300 VUs  12m20.4s/13m0s  284.82 iters/s

running (12m22.0s), 300/300 VUs, 18871 complete and 0 interrupted iterations
peak_restaurant_view   [  95% ] 300/300 VUs  12m21.4s/13m0s  285.71 iters/s

running (12m23.0s), 299/300 VUs, 18897 complete and 0 interrupted iterations
peak_restaurant_view   [  95% ] 299/300 VUs  12m22.4s/13m0s  286.59 iters/s

running (12m24.0s), 300/300 VUs, 18921 complete and 0 interrupted iterations
peak_restaurant_view   [  95% ] 300/300 VUs  12m23.4s/13m0s  287.48 iters/s

running (12m25.0s), 300/300 VUs, 18947 complete and 0 interrupted iterations
peak_restaurant_view   [  95% ] 300/300 VUs  12m24.4s/13m0s  288.37 iters/s

running (12m26.0s), 300/300 VUs, 18977 complete and 0 interrupted iterations
peak_restaurant_view   [  96% ] 300/300 VUs  12m25.4s/13m0s  289.26 iters/s

running (12m27.0s), 300/300 VUs, 19005 complete and 0 interrupted iterations
peak_restaurant_view   [  96% ] 300/300 VUs  12m26.4s/13m0s  290.15 iters/s

running (12m28.0s), 300/300 VUs, 19031 complete and 0 interrupted iterations
peak_restaurant_view   [  96% ] 300/300 VUs  12m27.4s/13m0s  291.04 iters/s

running (12m29.0s), 300/300 VUs, 19061 complete and 0 interrupted iterations
peak_restaurant_view   [  96% ] 300/300 VUs  12m28.4s/13m0s  291.93 iters/s

running (12m30.0s), 300/300 VUs, 19089 complete and 0 interrupted iterations
peak_restaurant_view   [  96% ] 300/300 VUs  12m29.4s/13m0s  292.82 iters/s

running (12m31.0s), 300/300 VUs, 19117 complete and 0 interrupted iterations
peak_restaurant_view   [  96% ] 300/300 VUs  12m30.4s/13m0s  293.71 iters/s

running (12m32.0s), 300/300 VUs, 19146 complete and 0 interrupted iterations
peak_restaurant_view   [  96% ] 300/300 VUs  12m31.4s/13m0s  294.60 iters/s

running (12m33.0s), 300/300 VUs, 19174 complete and 0 interrupted iterations
peak_restaurant_view   [  96% ] 300/300 VUs  12m32.4s/13m0s  295.48 iters/s

running (12m34.0s), 300/300 VUs, 19200 complete and 0 interrupted iterations
peak_restaurant_view   [  97% ] 300/300 VUs  12m33.4s/13m0s  296.37 iters/s

running (12m35.0s), 300/300 VUs, 19229 complete and 0 interrupted iterations
peak_restaurant_view   [  97% ] 300/300 VUs  12m34.4s/13m0s  297.26 iters/s

running (12m36.0s), 300/300 VUs, 19258 complete and 0 interrupted iterations
peak_restaurant_view   [  97% ] 300/300 VUs  12m35.4s/13m0s  298.15 iters/s

running (12m37.0s), 300/300 VUs, 19284 complete and 0 interrupted iterations
peak_restaurant_view   [  97% ] 300/300 VUs  12m36.4s/13m0s  299.04 iters/s

running (12m38.0s), 300/300 VUs, 19313 complete and 0 interrupted iterations
peak_restaurant_view   [  97% ] 300/300 VUs  12m37.4s/13m0s  299.93 iters/s

running (12m39.0s), 300/300 VUs, 19332 complete and 0 interrupted iterations
peak_restaurant_view   [  97% ] 300/300 VUs  12m38.4s/13m0s  300.82 iters/s

running (12m40.0s), 300/300 VUs, 19357 complete and 0 interrupted iterations
peak_restaurant_view   [  97% ] 300/300 VUs  12m39.4s/13m0s  301.71 iters/s

running (12m41.0s), 300/300 VUs, 19386 complete and 0 interrupted iterations
peak_restaurant_view   [  97% ] 300/300 VUs  12m40.4s/13m0s  302.59 iters/s

running (12m42.0s), 299/300 VUs, 19414 complete and 0 interrupted iterations
peak_restaurant_view   [  98% ] 299/300 VUs  12m41.4s/13m0s  303.48 iters/s

running (12m43.0s), 300/300 VUs, 19441 complete and 0 interrupted iterations
peak_restaurant_view   [  98% ] 300/300 VUs  12m42.4s/13m0s  304.37 iters/s

running (12m44.0s), 300/300 VUs, 19470 complete and 0 interrupted iterations
peak_restaurant_view   [  98% ] 300/300 VUs  12m43.4s/13m0s  305.26 iters/s

running (12m45.0s), 300/300 VUs, 19494 complete and 0 interrupted iterations
peak_restaurant_view   [  98% ] 300/300 VUs  12m44.4s/13m0s  306.15 iters/s

running (12m46.0s), 300/300 VUs, 19524 complete and 0 interrupted iterations
peak_restaurant_view   [  98% ] 300/300 VUs  12m45.4s/13m0s  307.04 iters/s

running (12m47.0s), 300/300 VUs, 19550 complete and 0 interrupted iterations
peak_restaurant_view   [  98% ] 300/300 VUs  12m46.4s/13m0s  307.93 iters/s

running (12m48.0s), 300/300 VUs, 19578 complete and 0 interrupted iterations
peak_restaurant_view   [  98% ] 300/300 VUs  12m47.4s/13m0s  308.82 iters/s

running (12m49.0s), 300/300 VUs, 19605 complete and 0 interrupted iterations
peak_restaurant_view   [  99% ] 300/300 VUs  12m48.4s/13m0s  309.71 iters/s

running (12m50.0s), 300/300 VUs, 19633 complete and 0 interrupted iterations
peak_restaurant_view   [  99% ] 300/300 VUs  12m49.4s/13m0s  310.59 iters/s

running (12m51.0s), 300/300 VUs, 19662 complete and 0 interrupted iterations
peak_restaurant_view   [  99% ] 300/300 VUs  12m50.4s/13m0s  311.48 iters/s

running (12m52.0s), 300/300 VUs, 19683 complete and 0 interrupted iterations
peak_restaurant_view   [  99% ] 300/300 VUs  12m51.4s/13m0s  312.37 iters/s

running (12m53.0s), 300/300 VUs, 19699 complete and 0 interrupted iterations
peak_restaurant_view   [  99% ] 300/300 VUs  12m52.4s/13m0s  313.26 iters/s

running (12m54.0s), 300/300 VUs, 19703 complete and 0 interrupted iterations
peak_restaurant_view   [  99% ] 300/300 VUs  12m53.4s/13m0s  314.15 iters/s

running (12m55.0s), 300/300 VUs, 19712 complete and 0 interrupted iterations
peak_restaurant_view   [  99% ] 300/300 VUs  12m54.4s/13m0s  315.04 iters/s

running (12m56.0s), 300/300 VUs, 19726 complete and 0 interrupted iterations
peak_restaurant_view   [  99% ] 300/300 VUs  12m55.4s/13m0s  315.93 iters/s

running (12m57.0s), 300/300 VUs, 19747 complete and 0 interrupted iterations
peak_restaurant_view   [ 100% ] 300/300 VUs  12m56.4s/13m0s  316.82 iters/s

running (12m58.0s), 300/300 VUs, 19772 complete and 0 interrupted iterations
peak_restaurant_view   [ 100% ] 300/300 VUs  12m57.4s/13m0s  317.70 iters/s

running (12m59.0s), 300/300 VUs, 19797 complete and 0 interrupted iterations
peak_restaurant_view   [ 100% ] 300/300 VUs  12m58.4s/13m0s  318.60 iters/s

running (13m00.0s), 300/300 VUs, 19825 complete and 0 interrupted iterations
peak_restaurant_view   [ 100% ] 300/300 VUs  12m59.4s/13m0s  319.48 iters/s

running (13m01.0s), 290/300 VUs, 19851 complete and 0 interrupted iterations
peak_restaurant_view ↓ [ 100% ] 300/300 VUs  13m0s  320.00 iters/s

running (13m02.0s), 262/300 VUs, 19879 complete and 0 interrupted iterations
peak_restaurant_view ↓ [ 100% ] 300/300 VUs  13m0s  320.00 iters/s

running (13m03.0s), 235/300 VUs, 19906 complete and 0 interrupted iterations
peak_restaurant_view ↓ [ 100% ] 300/300 VUs  13m0s  320.00 iters/s

running (13m04.0s), 206/300 VUs, 19935 complete and 0 interrupted iterations
peak_restaurant_view ↓ [ 100% ] 300/300 VUs  13m0s  320.00 iters/s

running (13m05.0s), 177/300 VUs, 19964 complete and 0 interrupted iterations
peak_restaurant_view ↓ [ 100% ] 300/300 VUs  13m0s  320.00 iters/s

running (13m06.0s), 151/300 VUs, 19990 complete and 0 interrupted iterations
peak_restaurant_view ↓ [ 100% ] 300/300 VUs  13m0s  320.00 iters/s

running (13m07.0s), 122/300 VUs, 20019 complete and 0 interrupted iterations
peak_restaurant_view ↓ [ 100% ] 300/300 VUs  13m0s  320.00 iters/s

running (13m08.0s), 095/300 VUs, 20046 complete and 0 interrupted iterations
peak_restaurant_view ↓ [ 100% ] 300/300 VUs  13m0s  320.00 iters/s

running (13m09.0s), 072/300 VUs, 20069 complete and 0 interrupted iterations
peak_restaurant_view ↓ [ 100% ] 300/300 VUs  13m0s  320.00 iters/s

running (13m10.0s), 046/300 VUs, 20095 complete and 0 interrupted iterations
peak_restaurant_view ↓ [ 100% ] 300/300 VUs  13m0s  320.00 iters/s

running (13m11.0s), 017/300 VUs, 20124 complete and 0 interrupted iterations
peak_restaurant_view ↓ [ 100% ] 300/300 VUs  13m0s  320.00 iters/s


  █ TOTAL RESULTS 

    checks_total.......: 80564  101.788125/s
    checks_succeeded...: 99.99% 80560 out of 80564
    checks_failed......: 0.00%  4 out of 80564

    ✗ peak_restaurant_detail status is 200
      ↳  99% — ✓ 20139 / ✗ 2
    ✗ peak_restaurant_detail body.success is true
      ↳  99% — ✓ 20139 / ✗ 2
    ✓ peak_dining_sessions status is 200
    ✓ peak_dining_sessions body.success is true

    HTTP
    http_req_duration..............: avg=4.61s min=0s       med=2.33s max=31.6s  p(90)=10.47s p(95)=12.98s
      { expected_response:true }...: avg=4.61s min=6.58ms   med=2.33s max=30.29s p(90)=10.46s p(95)=12.98s
    http_req_failed................: 0.00%  2 out of 40287
    http_reqs......................: 40287  50.900379/s

    EXECUTION
    dropped_iterations.............: 62058  78.406825/s
    iteration_duration.............: avg=9.24s min=177.74ms med=7.75s max=47.02s p(90)=18.32s p(95)=21.79s
    iterations.....................: 20141  25.447031/s
    vus............................: 17     min=4          max=300
    vus_max........................: 300    min=50         max=300

    NETWORK
    data_received..................: 384 MB 485 kB/s
    data_sent......................: 4.3 MB 5.4 kB/s




running (13m11.5s), 000/300 VUs, 20141 complete and 0 interrupted iterations
peak_restaurant_view ✓ [ 100% ] 000/300 VUs  13m0s  320.00 iters/s
