
         /\      Grafana   /‾‾/  
    /\  /  \     |\  __   /  /   
   /  \/    \    | |/ /  /   ‾‾\ 
  /          \   |   (  |  (‾)  |
 / __________ \  |_|\_\  \_____/ 


     execution: local
        script: k6/scenarios/peak-restaurant-view.js
        output: -

     scenarios: (100.00%) 1 scenario, 300 max VUs, 13m30s max duration (incl. graceful stop):
              * peak_restaurant_view: Up to 320.00 iterations/s for 13m0s over 5 stages (maxVUs: 50-300, gracefulStop: 30s)


running (00m01.0s), 004/050 VUs, 5 complete and 0 interrupted iterations
peak_restaurant_view   [   0% ] 004/050 VUs  00m00.5s/13m0s  020.00 iters/s

running (00m02.0s), 005/050 VUs, 24 complete and 0 interrupted iterations
peak_restaurant_view   [   0% ] 005/050 VUs  00m01.5s/13m0s  020.00 iters/s

running (00m03.0s), 004/050 VUs, 45 complete and 0 interrupted iterations
peak_restaurant_view   [   0% ] 004/050 VUs  00m02.5s/13m0s  020.00 iters/s

running (00m04.0s), 004/050 VUs, 65 complete and 0 interrupted iterations
peak_restaurant_view   [   0% ] 004/050 VUs  00m03.5s/13m0s  020.00 iters/s

running (00m05.0s), 005/050 VUs, 84 complete and 0 interrupted iterations
peak_restaurant_view   [   1% ] 005/050 VUs  00m04.5s/13m0s  020.00 iters/s

running (00m06.0s), 007/050 VUs, 102 complete and 0 interrupted iterations
peak_restaurant_view   [   1% ] 007/050 VUs  00m05.5s/13m0s  020.00 iters/s

running (00m07.0s), 004/050 VUs, 125 complete and 0 interrupted iterations
peak_restaurant_view   [   1% ] 004/050 VUs  00m06.5s/13m0s  020.00 iters/s

running (00m08.0s), 005/050 VUs, 144 complete and 0 interrupted iterations
peak_restaurant_view   [   1% ] 005/050 VUs  00m07.5s/13m0s  020.00 iters/s

running (00m09.0s), 004/050 VUs, 165 complete and 0 interrupted iterations
peak_restaurant_view   [   1% ] 004/050 VUs  00m08.5s/13m0s  020.00 iters/s

running (00m10.0s), 004/050 VUs, 185 complete and 0 interrupted iterations
peak_restaurant_view   [   1% ] 004/050 VUs  00m09.5s/13m0s  020.00 iters/s

running (00m11.0s), 004/050 VUs, 205 complete and 0 interrupted iterations
peak_restaurant_view   [   1% ] 004/050 VUs  00m10.5s/13m0s  020.00 iters/s

running (00m12.0s), 004/050 VUs, 225 complete and 0 interrupted iterations
peak_restaurant_view   [   1% ] 004/050 VUs  00m11.5s/13m0s  020.00 iters/s

running (00m13.0s), 005/050 VUs, 244 complete and 0 interrupted iterations
peak_restaurant_view   [   2% ] 005/050 VUs  00m12.5s/13m0s  020.00 iters/s

running (00m14.0s), 022/050 VUs, 247 complete and 0 interrupted iterations
peak_restaurant_view   [   2% ] 022/050 VUs  00m13.5s/13m0s  020.00 iters/s

running (00m15.0s), 016/050 VUs, 273 complete and 0 interrupted iterations
peak_restaurant_view   [   2% ] 016/050 VUs  00m14.5s/13m0s  020.00 iters/s

running (00m16.0s), 014/050 VUs, 295 complete and 0 interrupted iterations
peak_restaurant_view   [   2% ] 014/050 VUs  00m15.5s/13m0s  020.00 iters/s

running (00m17.0s), 010/050 VUs, 319 complete and 0 interrupted iterations
peak_restaurant_view   [   2% ] 010/050 VUs  00m16.5s/13m0s  020.00 iters/s

running (00m18.0s), 010/050 VUs, 339 complete and 0 interrupted iterations
peak_restaurant_view   [   2% ] 010/050 VUs  00m17.5s/13m0s  020.00 iters/s

running (00m19.0s), 010/050 VUs, 359 complete and 0 interrupted iterations
peak_restaurant_view   [   2% ] 010/050 VUs  00m18.5s/13m0s  020.00 iters/s

running (00m20.0s), 013/050 VUs, 376 complete and 0 interrupted iterations
peak_restaurant_view   [   2% ] 013/050 VUs  00m19.5s/13m0s  020.00 iters/s

running (00m21.0s), 004/050 VUs, 405 complete and 0 interrupted iterations
peak_restaurant_view   [   3% ] 004/050 VUs  00m20.5s/13m0s  020.00 iters/s

running (00m22.0s), 005/050 VUs, 424 complete and 0 interrupted iterations
peak_restaurant_view   [   3% ] 005/050 VUs  00m21.5s/13m0s  020.00 iters/s

running (00m23.0s), 010/050 VUs, 439 complete and 0 interrupted iterations
peak_restaurant_view   [   3% ] 010/050 VUs  00m22.5s/13m0s  020.00 iters/s

running (00m24.0s), 004/050 VUs, 465 complete and 0 interrupted iterations
peak_restaurant_view   [   3% ] 004/050 VUs  00m23.5s/13m0s  020.00 iters/s

running (00m25.0s), 005/050 VUs, 484 complete and 0 interrupted iterations
peak_restaurant_view   [   3% ] 005/050 VUs  00m24.5s/13m0s  020.00 iters/s

running (00m26.0s), 006/050 VUs, 503 complete and 0 interrupted iterations
peak_restaurant_view   [   3% ] 006/050 VUs  00m25.5s/13m0s  020.00 iters/s

running (00m27.0s), 005/050 VUs, 524 complete and 0 interrupted iterations
peak_restaurant_view   [   3% ] 005/050 VUs  00m26.5s/13m0s  020.00 iters/s

running (00m28.0s), 005/050 VUs, 544 complete and 0 interrupted iterations
peak_restaurant_view   [   4% ] 005/050 VUs  00m27.5s/13m0s  020.00 iters/s

running (00m29.0s), 004/050 VUs, 565 complete and 0 interrupted iterations
peak_restaurant_view   [   4% ] 004/050 VUs  00m28.5s/13m0s  020.00 iters/s

running (00m30.0s), 005/050 VUs, 584 complete and 0 interrupted iterations
peak_restaurant_view   [   4% ] 005/050 VUs  00m29.5s/13m0s  020.00 iters/s

running (00m31.0s), 004/050 VUs, 605 complete and 0 interrupted iterations
peak_restaurant_view   [   4% ] 004/050 VUs  00m30.5s/13m0s  020.00 iters/s

running (00m32.0s), 004/050 VUs, 625 complete and 0 interrupted iterations
peak_restaurant_view   [   4% ] 004/050 VUs  00m31.5s/13m0s  020.00 iters/s

running (00m33.0s), 004/050 VUs, 645 complete and 0 interrupted iterations
peak_restaurant_view   [   4% ] 004/050 VUs  00m32.5s/13m0s  020.00 iters/s

running (00m34.0s), 006/050 VUs, 663 complete and 0 interrupted iterations
peak_restaurant_view   [   4% ] 006/050 VUs  00m33.5s/13m0s  020.00 iters/s

running (00m35.0s), 004/050 VUs, 685 complete and 0 interrupted iterations
peak_restaurant_view   [   4% ] 004/050 VUs  00m34.5s/13m0s  020.00 iters/s

running (00m36.0s), 005/050 VUs, 704 complete and 0 interrupted iterations
peak_restaurant_view   [   5% ] 005/050 VUs  00m35.5s/13m0s  020.00 iters/s

running (00m37.0s), 004/050 VUs, 725 complete and 0 interrupted iterations
peak_restaurant_view   [   5% ] 004/050 VUs  00m36.5s/13m0s  020.00 iters/s

running (00m38.0s), 005/050 VUs, 744 complete and 0 interrupted iterations
peak_restaurant_view   [   5% ] 005/050 VUs  00m37.5s/13m0s  020.00 iters/s

running (00m39.0s), 005/050 VUs, 764 complete and 0 interrupted iterations
peak_restaurant_view   [   5% ] 005/050 VUs  00m38.5s/13m0s  020.00 iters/s

running (00m40.0s), 004/050 VUs, 785 complete and 0 interrupted iterations
peak_restaurant_view   [   5% ] 004/050 VUs  00m39.5s/13m0s  020.00 iters/s

running (00m41.0s), 004/050 VUs, 805 complete and 0 interrupted iterations
peak_restaurant_view   [   5% ] 004/050 VUs  00m40.5s/13m0s  020.00 iters/s

running (00m42.0s), 004/050 VUs, 825 complete and 0 interrupted iterations
peak_restaurant_view   [   5% ] 004/050 VUs  00m41.5s/13m0s  020.00 iters/s

running (00m43.0s), 004/050 VUs, 845 complete and 0 interrupted iterations
peak_restaurant_view   [   5% ] 004/050 VUs  00m42.5s/13m0s  020.00 iters/s

running (00m44.0s), 004/050 VUs, 865 complete and 0 interrupted iterations
peak_restaurant_view   [   6% ] 004/050 VUs  00m43.5s/13m0s  020.00 iters/s

running (00m45.0s), 005/050 VUs, 884 complete and 0 interrupted iterations
peak_restaurant_view   [   6% ] 005/050 VUs  00m44.5s/13m0s  020.00 iters/s

running (00m46.0s), 004/050 VUs, 905 complete and 0 interrupted iterations
peak_restaurant_view   [   6% ] 004/050 VUs  00m45.5s/13m0s  020.00 iters/s

running (00m47.0s), 005/050 VUs, 924 complete and 0 interrupted iterations
peak_restaurant_view   [   6% ] 005/050 VUs  00m46.5s/13m0s  020.00 iters/s

running (00m48.0s), 004/050 VUs, 945 complete and 0 interrupted iterations
peak_restaurant_view   [   6% ] 004/050 VUs  00m47.5s/13m0s  020.00 iters/s

running (00m49.0s), 004/050 VUs, 965 complete and 0 interrupted iterations
peak_restaurant_view   [   6% ] 004/050 VUs  00m48.5s/13m0s  020.00 iters/s

running (00m50.0s), 004/050 VUs, 985 complete and 0 interrupted iterations
peak_restaurant_view   [   6% ] 004/050 VUs  00m49.5s/13m0s  020.00 iters/s

running (00m51.0s), 012/050 VUs, 997 complete and 0 interrupted iterations
peak_restaurant_view   [   6% ] 012/050 VUs  00m50.5s/13m0s  020.00 iters/s

running (00m52.0s), 011/050 VUs, 1018 complete and 0 interrupted iterations
peak_restaurant_view   [   7% ] 011/050 VUs  00m51.5s/13m0s  020.00 iters/s

running (00m53.0s), 025/050 VUs, 1024 complete and 0 interrupted iterations
peak_restaurant_view   [   7% ] 025/050 VUs  00m52.5s/13m0s  020.00 iters/s

running (00m54.0s), 021/050 VUs, 1048 complete and 0 interrupted iterations
peak_restaurant_view   [   7% ] 021/050 VUs  00m53.5s/13m0s  020.00 iters/s

running (00m55.0s), 014/050 VUs, 1075 complete and 0 interrupted iterations
peak_restaurant_view   [   7% ] 014/050 VUs  00m54.5s/13m0s  020.00 iters/s

running (00m56.0s), 005/050 VUs, 1104 complete and 0 interrupted iterations
peak_restaurant_view   [   7% ] 005/050 VUs  00m55.5s/13m0s  020.00 iters/s

running (00m57.0s), 006/050 VUs, 1123 complete and 0 interrupted iterations
peak_restaurant_view   [   7% ] 006/050 VUs  00m56.5s/13m0s  020.00 iters/s

running (00m58.0s), 005/050 VUs, 1144 complete and 0 interrupted iterations
peak_restaurant_view   [   7% ] 005/050 VUs  00m57.5s/13m0s  020.00 iters/s

running (00m59.0s), 005/050 VUs, 1164 complete and 0 interrupted iterations
peak_restaurant_view   [   7% ] 005/050 VUs  00m58.5s/13m0s  020.00 iters/s

running (01m00.0s), 006/050 VUs, 1183 complete and 0 interrupted iterations
peak_restaurant_view   [   8% ] 006/050 VUs  00m59.5s/13m0s  020.00 iters/s

running (01m01.0s), 004/050 VUs, 1205 complete and 0 interrupted iterations
peak_restaurant_view   [   8% ] 004/050 VUs  01m00.5s/13m0s  020.05 iters/s

running (01m02.0s), 005/050 VUs, 1224 complete and 0 interrupted iterations
peak_restaurant_view   [   8% ] 005/050 VUs  01m01.5s/13m0s  020.16 iters/s

running (01m03.0s), 006/050 VUs, 1244 complete and 0 interrupted iterations
peak_restaurant_view   [   8% ] 006/050 VUs  01m02.5s/13m0s  020.28 iters/s

running (01m04.0s), 005/050 VUs, 1265 complete and 0 interrupted iterations
peak_restaurant_view   [   8% ] 005/050 VUs  01m03.5s/13m0s  020.39 iters/s

running (01m05.0s), 005/050 VUs, 1285 complete and 0 interrupted iterations
peak_restaurant_view   [   8% ] 005/050 VUs  01m04.5s/13m0s  020.50 iters/s

running (01m06.0s), 006/050 VUs, 1305 complete and 0 interrupted iterations
peak_restaurant_view   [   8% ] 006/050 VUs  01m05.5s/13m0s  020.61 iters/s

running (01m07.0s), 006/050 VUs, 1326 complete and 0 interrupted iterations
peak_restaurant_view   [   9% ] 006/050 VUs  01m06.5s/13m0s  020.72 iters/s

running (01m08.0s), 005/050 VUs, 1347 complete and 0 interrupted iterations
peak_restaurant_view   [   9% ] 005/050 VUs  01m07.5s/13m0s  020.83 iters/s

running (01m09.0s), 005/050 VUs, 1368 complete and 0 interrupted iterations
peak_restaurant_view   [   9% ] 005/050 VUs  01m08.5s/13m0s  020.94 iters/s

running (01m10.0s), 005/050 VUs, 1389 complete and 0 interrupted iterations
peak_restaurant_view   [   9% ] 005/050 VUs  01m09.5s/13m0s  021.05 iters/s

running (01m11.0s), 005/050 VUs, 1410 complete and 0 interrupted iterations
peak_restaurant_view   [   9% ] 005/050 VUs  01m10.5s/13m0s  021.16 iters/s

running (01m12.0s), 004/050 VUs, 1432 complete and 0 interrupted iterations
peak_restaurant_view   [   9% ] 004/050 VUs  01m11.5s/13m0s  021.27 iters/s

running (01m13.0s), 005/050 VUs, 1453 complete and 0 interrupted iterations
peak_restaurant_view   [   9% ] 005/050 VUs  01m12.5s/13m0s  021.39 iters/s

running (01m14.0s), 005/050 VUs, 1474 complete and 0 interrupted iterations
peak_restaurant_view   [   9% ] 005/050 VUs  01m13.5s/13m0s  021.50 iters/s

running (01m15.0s), 005/050 VUs, 1496 complete and 0 interrupted iterations
peak_restaurant_view   [  10% ] 005/050 VUs  01m14.5s/13m0s  021.61 iters/s

running (01m16.0s), 004/050 VUs, 1518 complete and 0 interrupted iterations
peak_restaurant_view   [  10% ] 004/050 VUs  01m15.5s/13m0s  021.72 iters/s

running (01m17.0s), 006/050 VUs, 1538 complete and 0 interrupted iterations
peak_restaurant_view   [  10% ] 006/050 VUs  01m16.5s/13m0s  021.83 iters/s

running (01m18.0s), 004/050 VUs, 1562 complete and 0 interrupted iterations
peak_restaurant_view   [  10% ] 004/050 VUs  01m17.5s/13m0s  021.94 iters/s

running (01m19.0s), 005/050 VUs, 1583 complete and 0 interrupted iterations
peak_restaurant_view   [  10% ] 005/050 VUs  01m18.5s/13m0s  022.05 iters/s

running (01m20.0s), 005/050 VUs, 1605 complete and 0 interrupted iterations
peak_restaurant_view   [  10% ] 005/050 VUs  01m19.5s/13m0s  022.16 iters/s

running (01m21.0s), 005/050 VUs, 1627 complete and 0 interrupted iterations
peak_restaurant_view   [  10% ] 005/050 VUs  01m20.5s/13m0s  022.27 iters/s

running (01m22.0s), 005/050 VUs, 1650 complete and 0 interrupted iterations
peak_restaurant_view   [  10% ] 005/050 VUs  01m21.5s/13m0s  022.39 iters/s

running (01m23.0s), 005/050 VUs, 1672 complete and 0 interrupted iterations
peak_restaurant_view   [  11% ] 005/050 VUs  01m22.5s/13m0s  022.50 iters/s

running (01m24.0s), 005/050 VUs, 1695 complete and 0 interrupted iterations
peak_restaurant_view   [  11% ] 005/050 VUs  01m23.5s/13m0s  022.61 iters/s

running (01m25.0s), 009/050 VUs, 1713 complete and 0 interrupted iterations
peak_restaurant_view   [  11% ] 009/050 VUs  01m24.5s/13m0s  022.72 iters/s

running (01m26.0s), 010/050 VUs, 1735 complete and 0 interrupted iterations
peak_restaurant_view   [  11% ] 010/050 VUs  01m25.5s/13m0s  022.83 iters/s

running (01m27.0s), 010/050 VUs, 1758 complete and 0 interrupted iterations
peak_restaurant_view   [  11% ] 010/050 VUs  01m26.5s/13m0s  022.94 iters/s

running (01m28.0s), 010/050 VUs, 1781 complete and 0 interrupted iterations
peak_restaurant_view   [  11% ] 010/050 VUs  01m27.5s/13m0s  023.05 iters/s

running (01m29.0s), 010/050 VUs, 1804 complete and 0 interrupted iterations
peak_restaurant_view   [  11% ] 010/050 VUs  01m28.5s/13m0s  023.16 iters/s

running (01m30.0s), 011/050 VUs, 1826 complete and 0 interrupted iterations
peak_restaurant_view   [  11% ] 011/050 VUs  01m29.5s/13m0s  023.27 iters/s

running (01m31.0s), 012/050 VUs, 1849 complete and 0 interrupted iterations
peak_restaurant_view   [  12% ] 012/050 VUs  01m30.5s/13m0s  023.39 iters/s

running (01m32.0s), 006/050 VUs, 1878 complete and 0 interrupted iterations
peak_restaurant_view   [  12% ] 006/050 VUs  01m31.5s/13m0s  023.50 iters/s

running (01m33.0s), 008/050 VUs, 1900 complete and 0 interrupted iterations
peak_restaurant_view   [  12% ] 008/050 VUs  01m32.5s/13m0s  023.61 iters/s

running (01m34.0s), 006/050 VUs, 1925 complete and 0 interrupted iterations
peak_restaurant_view   [  12% ] 006/050 VUs  01m33.5s/13m0s  023.72 iters/s

running (01m35.0s), 006/050 VUs, 1949 complete and 0 interrupted iterations
peak_restaurant_view   [  12% ] 006/050 VUs  01m34.5s/13m0s  023.83 iters/s

running (01m36.0s), 008/050 VUs, 1971 complete and 0 interrupted iterations
peak_restaurant_view   [  12% ] 008/050 VUs  01m35.5s/13m0s  023.94 iters/s

running (01m37.0s), 006/050 VUs, 1997 complete and 0 interrupted iterations
peak_restaurant_view   [  12% ] 006/050 VUs  01m36.5s/13m0s  024.05 iters/s

running (01m38.0s), 012/050 VUs, 2015 complete and 0 interrupted iterations
peak_restaurant_view   [  12% ] 012/050 VUs  01m37.5s/13m0s  024.16 iters/s

running (01m39.0s), 007/050 VUs, 2044 complete and 0 interrupted iterations
peak_restaurant_view   [  13% ] 007/050 VUs  01m38.5s/13m0s  024.27 iters/s

running (01m40.0s), 006/050 VUs, 2070 complete and 0 interrupted iterations
peak_restaurant_view   [  13% ] 006/050 VUs  01m39.5s/13m0s  024.39 iters/s

running (01m41.0s), 006/050 VUs, 2094 complete and 0 interrupted iterations
peak_restaurant_view   [  13% ] 006/050 VUs  01m40.5s/13m0s  024.50 iters/s

running (01m42.0s), 007/050 VUs, 2118 complete and 0 interrupted iterations
peak_restaurant_view   [  13% ] 007/050 VUs  01m41.5s/13m0s  024.61 iters/s

running (01m43.0s), 006/050 VUs, 2143 complete and 0 interrupted iterations
peak_restaurant_view   [  13% ] 006/050 VUs  01m42.5s/13m0s  024.72 iters/s

running (01m44.0s), 017/050 VUs, 2157 complete and 0 interrupted iterations
peak_restaurant_view   [  13% ] 017/050 VUs  01m43.5s/13m0s  024.83 iters/s

running (01m45.0s), 014/050 VUs, 2185 complete and 0 interrupted iterations
peak_restaurant_view   [  13% ] 014/050 VUs  01m44.5s/13m0s  024.94 iters/s

running (01m46.0s), 011/050 VUs, 2213 complete and 0 interrupted iterations
peak_restaurant_view   [  14% ] 011/050 VUs  01m45.5s/13m0s  025.05 iters/s

running (01m47.0s), 012/050 VUs, 2237 complete and 0 interrupted iterations
peak_restaurant_view   [  14% ] 012/050 VUs  01m46.5s/13m0s  025.16 iters/s

running (01m48.0s), 008/050 VUs, 2266 complete and 0 interrupted iterations
peak_restaurant_view   [  14% ] 008/050 VUs  01m47.5s/13m0s  025.27 iters/s

running (01m49.0s), 008/050 VUs, 2292 complete and 0 interrupted iterations
peak_restaurant_view   [  14% ] 008/050 VUs  01m48.5s/13m0s  025.39 iters/s

running (01m50.0s), 007/050 VUs, 2318 complete and 0 interrupted iterations
peak_restaurant_view   [  14% ] 007/050 VUs  01m49.5s/13m0s  025.50 iters/s

running (01m51.0s), 017/050 VUs, 2334 complete and 0 interrupted iterations
peak_restaurant_view   [  14% ] 017/050 VUs  01m50.5s/13m0s  025.61 iters/s

running (01m52.0s), 020/050 VUs, 2356 complete and 0 interrupted iterations
peak_restaurant_view   [  14% ] 020/050 VUs  01m51.5s/13m0s  025.72 iters/s

running (01m53.0s), 037/050 VUs, 2365 complete and 0 interrupted iterations
peak_restaurant_view   [  14% ] 037/050 VUs  01m52.5s/13m0s  025.83 iters/s

running (01m54.0s), 034/050 VUs, 2394 complete and 0 interrupted iterations
peak_restaurant_view   [  15% ] 034/050 VUs  01m53.5s/13m0s  025.94 iters/s

running (01m55.0s), 037/050 VUs, 2417 complete and 0 interrupted iterations
peak_restaurant_view   [  15% ] 037/050 VUs  01m54.5s/13m0s  026.05 iters/s

running (01m56.0s), 034/050 VUs, 2446 complete and 0 interrupted iterations
peak_restaurant_view   [  15% ] 034/050 VUs  01m55.5s/13m0s  026.16 iters/s

running (01m57.0s), 033/050 VUs, 2473 complete and 0 interrupted iterations
peak_restaurant_view   [  15% ] 033/050 VUs  01m56.5s/13m0s  026.27 iters/s

running (01m58.0s), 032/050 VUs, 2501 complete and 0 interrupted iterations
peak_restaurant_view   [  15% ] 032/050 VUs  01m57.5s/13m0s  026.39 iters/s

running (01m59.0s), 032/050 VUs, 2527 complete and 0 interrupted iterations
peak_restaurant_view   [  15% ] 032/050 VUs  01m58.5s/13m0s  026.50 iters/s

running (02m00.0s), 032/050 VUs, 2554 complete and 0 interrupted iterations
peak_restaurant_view   [  15% ] 032/050 VUs  01m59.5s/13m0s  026.61 iters/s

running (02m01.0s), 030/050 VUs, 2582 complete and 0 interrupted iterations
peak_restaurant_view   [  15% ] 030/050 VUs  02m00.5s/13m0s  026.72 iters/s

running (02m02.0s), 031/050 VUs, 2608 complete and 0 interrupted iterations
peak_restaurant_view   [  16% ] 031/050 VUs  02m01.5s/13m0s  026.83 iters/s

running (02m03.0s), 033/050 VUs, 2633 complete and 0 interrupted iterations
peak_restaurant_view   [  16% ] 033/050 VUs  02m02.5s/13m0s  026.94 iters/s

running (02m04.0s), 030/050 VUs, 2663 complete and 0 interrupted iterations
peak_restaurant_view   [  16% ] 030/050 VUs  02m03.5s/13m0s  027.05 iters/s

running (02m05.0s), 029/050 VUs, 2691 complete and 0 interrupted iterations
peak_restaurant_view   [  16% ] 029/050 VUs  02m04.5s/13m0s  027.16 iters/s

running (02m06.0s), 031/050 VUs, 2716 complete and 0 interrupted iterations
peak_restaurant_view   [  16% ] 031/050 VUs  02m05.5s/13m0s  027.27 iters/s

running (02m07.0s), 031/050 VUs, 2744 complete and 0 interrupted iterations
peak_restaurant_view   [  16% ] 031/050 VUs  02m06.5s/13m0s  027.39 iters/s

running (02m08.0s), 042/050 VUs, 2760 complete and 0 interrupted iterations
peak_restaurant_view   [  16% ] 042/050 VUs  02m07.5s/13m0s  027.50 iters/s

running (02m09.0s), 047/050 VUs, 2783 complete and 0 interrupted iterations
peak_restaurant_view   [  16% ] 047/050 VUs  02m08.5s/13m0s  027.61 iters/s

running (02m10.0s), 046/050 VUs, 2811 complete and 0 interrupted iterations
peak_restaurant_view   [  17% ] 046/050 VUs  02m09.5s/13m0s  027.72 iters/s

running (02m11.0s), 045/050 VUs, 2840 complete and 0 interrupted iterations
peak_restaurant_view   [  17% ] 045/050 VUs  02m10.5s/13m0s  027.83 iters/s

running (02m12.0s), 048/050 VUs, 2865 complete and 0 interrupted iterations
peak_restaurant_view   [  17% ] 048/050 VUs  02m11.5s/13m0s  027.94 iters/s

running (02m13.0s), 048/051 VUs, 2892 complete and 0 interrupted iterations
peak_restaurant_view   [  17% ] 048/051 VUs  02m12.5s/13m0s  028.05 iters/s

running (02m14.0s), 054/055 VUs, 2910 complete and 0 interrupted iterations
peak_restaurant_view   [  17% ] 054/055 VUs  02m13.5s/13m0s  028.16 iters/s

running (02m15.0s), 045/056 VUs, 2946 complete and 0 interrupted iterations
peak_restaurant_view   [  17% ] 045/056 VUs  02m14.5s/13m0s  028.27 iters/s

running (02m16.0s), 048/056 VUs, 2972 complete and 0 interrupted iterations
peak_restaurant_view   [  17% ] 048/056 VUs  02m15.5s/13m0s  028.39 iters/s

running (02m17.0s), 050/056 VUs, 2998 complete and 0 interrupted iterations
peak_restaurant_view   [  17% ] 050/056 VUs  02m16.5s/13m0s  028.50 iters/s

running (02m18.0s), 050/056 VUs, 3027 complete and 0 interrupted iterations
peak_restaurant_view   [  18% ] 050/056 VUs  02m17.5s/13m0s  028.61 iters/s

running (02m19.0s), 052/056 VUs, 3053 complete and 0 interrupted iterations
peak_restaurant_view   [  18% ] 052/056 VUs  02m18.5s/13m0s  028.72 iters/s

running (02m20.0s), 056/057 VUs, 3077 complete and 0 interrupted iterations
peak_restaurant_view   [  18% ] 056/057 VUs  02m19.5s/13m0s  028.83 iters/s

running (02m21.0s), 058/058 VUs, 3103 complete and 0 interrupted iterations
peak_restaurant_view   [  18% ] 058/058 VUs  02m20.5s/13m0s  028.94 iters/s

running (02m22.0s), 058/060 VUs, 3130 complete and 0 interrupted iterations
peak_restaurant_view   [  18% ] 058/060 VUs  02m21.5s/13m0s  029.05 iters/s

running (02m23.0s), 060/063 VUs, 3154 complete and 0 interrupted iterations
peak_restaurant_view   [  18% ] 060/063 VUs  02m22.5s/13m0s  029.16 iters/s

running (02m24.0s), 060/064 VUs, 3182 complete and 0 interrupted iterations
peak_restaurant_view   [  18% ] 060/064 VUs  02m23.5s/13m0s  029.27 iters/s

running (02m25.0s), 064/066 VUs, 3206 complete and 0 interrupted iterations
peak_restaurant_view   [  19% ] 064/066 VUs  02m24.5s/13m0s  029.39 iters/s

running (02m26.0s), 065/067 VUs, 3233 complete and 0 interrupted iterations
peak_restaurant_view   [  19% ] 065/067 VUs  02m25.5s/13m0s  029.50 iters/s

running (02m27.0s), 067/068 VUs, 3260 complete and 0 interrupted iterations
peak_restaurant_view   [  19% ] 067/068 VUs  02m26.5s/13m0s  029.61 iters/s

running (02m28.0s), 066/069 VUs, 3289 complete and 0 interrupted iterations
peak_restaurant_view   [  19% ] 066/069 VUs  02m27.5s/13m0s  029.72 iters/s

running (02m29.0s), 068/071 VUs, 3315 complete and 0 interrupted iterations
peak_restaurant_view   [  19% ] 068/071 VUs  02m28.5s/13m0s  029.83 iters/s

running (02m30.0s), 071/072 VUs, 3341 complete and 0 interrupted iterations
peak_restaurant_view   [  19% ] 071/072 VUs  02m29.5s/13m0s  029.94 iters/s

running (02m31.0s), 071/074 VUs, 3369 complete and 0 interrupted iterations
peak_restaurant_view   [  19% ] 071/074 VUs  02m30.5s/13m0s  030.05 iters/s

running (02m32.0s), 075/076 VUs, 3393 complete and 0 interrupted iterations
peak_restaurant_view   [  19% ] 075/076 VUs  02m31.5s/13m0s  030.16 iters/s

running (02m33.0s), 075/078 VUs, 3421 complete and 0 interrupted iterations
peak_restaurant_view   [  20% ] 075/078 VUs  02m32.5s/13m0s  030.27 iters/s

running (02m34.0s), 076/079 VUs, 3450 complete and 0 interrupted iterations
peak_restaurant_view   [  20% ] 076/079 VUs  02m33.5s/13m0s  030.39 iters/s

running (02m35.0s), 081/081 VUs, 3473 complete and 0 interrupted iterations
peak_restaurant_view   [  20% ] 081/081 VUs  02m34.5s/13m0s  030.50 iters/s

running (02m36.0s), 082/083 VUs, 3501 complete and 0 interrupted iterations
peak_restaurant_view   [  20% ] 082/083 VUs  02m35.5s/13m0s  030.61 iters/s

running (02m37.0s), 084/086 VUs, 3526 complete and 0 interrupted iterations
peak_restaurant_view   [  20% ] 084/086 VUs  02m36.5s/13m0s  030.72 iters/s

running (02m38.0s), 091/092 VUs, 3544 complete and 0 interrupted iterations
peak_restaurant_view   [  20% ] 091/092 VUs  02m37.5s/13m0s  030.83 iters/s

running (02m39.0s), 092/095 VUs, 3571 complete and 0 interrupted iterations
peak_restaurant_view   [  20% ] 092/095 VUs  02m38.5s/13m0s  030.94 iters/s

running (02m40.0s), 094/098 VUs, 3597 complete and 0 interrupted iterations
peak_restaurant_view   [  20% ] 094/098 VUs  02m39.5s/13m0s  031.05 iters/s

running (02m41.0s), 097/099 VUs, 3624 complete and 0 interrupted iterations
peak_restaurant_view   [  21% ] 097/099 VUs  02m40.5s/13m0s  031.16 iters/s

running (02m42.0s), 100/101 VUs, 3650 complete and 0 interrupted iterations
peak_restaurant_view   [  21% ] 100/101 VUs  02m41.5s/13m0s  031.27 iters/s

running (02m43.0s), 102/105 VUs, 3676 complete and 0 interrupted iterations
peak_restaurant_view   [  21% ] 102/105 VUs  02m42.5s/13m0s  031.39 iters/s

running (02m44.0s), 111/111 VUs, 3692 complete and 0 interrupted iterations
peak_restaurant_view   [  21% ] 111/111 VUs  02m43.5s/13m0s  031.50 iters/s

running (02m45.0s), 104/112 VUs, 3730 complete and 0 interrupted iterations
peak_restaurant_view   [  21% ] 104/112 VUs  02m44.5s/13m0s  031.61 iters/s

running (02m46.0s), 106/112 VUs, 3759 complete and 0 interrupted iterations
peak_restaurant_view   [  21% ] 106/112 VUs  02m45.5s/13m0s  031.72 iters/s

running (02m47.0s), 110/115 VUs, 3784 complete and 0 interrupted iterations
peak_restaurant_view   [  21% ] 110/115 VUs  02m46.5s/13m0s  031.83 iters/s

running (02m48.0s), 116/117 VUs, 3808 complete and 0 interrupted iterations
peak_restaurant_view   [  21% ] 116/117 VUs  02m47.5s/13m0s  031.94 iters/s

running (02m49.0s), 117/119 VUs, 3837 complete and 0 interrupted iterations
peak_restaurant_view   [  22% ] 117/119 VUs  02m48.5s/13m0s  032.05 iters/s

running (02m50.0s), 119/122 VUs, 3864 complete and 0 interrupted iterations
peak_restaurant_view   [  22% ] 119/122 VUs  02m49.5s/13m0s  032.16 iters/s

running (02m51.0s), 128/129 VUs, 3880 complete and 0 interrupted iterations
peak_restaurant_view   [  22% ] 128/129 VUs  02m50.5s/13m0s  032.27 iters/s

running (02m52.0s), 135/136 VUs, 3899 complete and 0 interrupted iterations
peak_restaurant_view   [  22% ] 135/136 VUs  02m51.5s/13m0s  032.39 iters/s

running (02m53.0s), 148/149 VUs, 3905 complete and 0 interrupted iterations
peak_restaurant_view   [  22% ] 148/149 VUs  02m52.5s/13m0s  032.50 iters/s

running (02m54.0s), 159/159 VUs, 3917 complete and 0 interrupted iterations
peak_restaurant_view   [  22% ] 159/159 VUs  02m53.5s/13m0s  032.61 iters/s

running (02m55.0s), 162/163 VUs, 3942 complete and 0 interrupted iterations
peak_restaurant_view   [  22% ] 162/163 VUs  02m54.5s/13m0s  032.72 iters/s

running (02m56.0s), 166/166 VUs, 3968 complete and 0 interrupted iterations
peak_restaurant_view   [  22% ] 166/166 VUs  02m55.5s/13m0s  032.83 iters/s

running (02m57.0s), 166/170 VUs, 3997 complete and 0 interrupted iterations
peak_restaurant_view   [  23% ] 166/170 VUs  02m56.5s/13m0s  032.94 iters/s

running (02m58.0s), 171/174 VUs, 4021 complete and 0 interrupted iterations
peak_restaurant_view   [  23% ] 171/174 VUs  02m57.5s/13m0s  033.05 iters/s

running (02m59.0s), 176/176 VUs, 4047 complete and 0 interrupted iterations
peak_restaurant_view   [  23% ] 176/176 VUs  02m58.5s/13m0s  033.16 iters/s

running (03m00.0s), 178/180 VUs, 4074 complete and 0 interrupted iterations
peak_restaurant_view   [  23% ] 178/180 VUs  02m59.5s/13m0s  033.27 iters/s

running (03m01.0s), 184/184 VUs, 4098 complete and 0 interrupted iterations
peak_restaurant_view   [  23% ] 184/184 VUs  03m00.5s/13m0s  033.39 iters/s

running (03m02.0s), 185/188 VUs, 4126 complete and 0 interrupted iterations
peak_restaurant_view   [  23% ] 185/188 VUs  03m01.5s/13m0s  033.50 iters/s

running (03m03.0s), 192/192 VUs, 4149 complete and 0 interrupted iterations
peak_restaurant_view   [  23% ] 192/192 VUs  03m02.5s/13m0s  033.61 iters/s

running (03m04.0s), 194/195 VUs, 4177 complete and 0 interrupted iterations
peak_restaurant_view   [  24% ] 194/195 VUs  03m03.5s/13m0s  033.72 iters/s

running (03m05.0s), 198/200 VUs, 4202 complete and 0 interrupted iterations
peak_restaurant_view   [  24% ] 198/200 VUs  03m04.5s/13m0s  033.83 iters/s

running (03m06.0s), 201/204 VUs, 4229 complete and 0 interrupted iterations
peak_restaurant_view   [  24% ] 201/204 VUs  03m05.5s/13m0s  033.94 iters/s

running (03m07.0s), 207/208 VUs, 4253 complete and 0 interrupted iterations
peak_restaurant_view   [  24% ] 207/208 VUs  03m06.5s/13m0s  034.05 iters/s

running (03m08.0s), 213/213 VUs, 4276 complete and 0 interrupted iterations
peak_restaurant_view   [  24% ] 213/213 VUs  03m07.5s/13m0s  034.16 iters/s

running (03m09.0s), 219/219 VUs, 4298 complete and 0 interrupted iterations
peak_restaurant_view   [  24% ] 219/219 VUs  03m08.5s/13m0s  034.28 iters/s

running (03m10.0s), 222/223 VUs, 4326 complete and 0 interrupted iterations
peak_restaurant_view   [  24% ] 222/223 VUs  03m09.5s/13m0s  034.39 iters/s

running (03m11.0s), 223/228 VUs, 4354 complete and 0 interrupted iterations
peak_restaurant_view   [  24% ] 223/228 VUs  03m10.5s/13m0s  034.50 iters/s

running (03m12.0s), 231/231 VUs, 4378 complete and 0 interrupted iterations
peak_restaurant_view   [  25% ] 231/231 VUs  03m11.5s/13m0s  034.61 iters/s

running (03m13.0s), 233/236 VUs, 4405 complete and 0 interrupted iterations
peak_restaurant_view   [  25% ] 233/236 VUs  03m12.5s/13m0s  034.72 iters/s

running (03m14.0s), 245/245 VUs, 4419 complete and 0 interrupted iterations
peak_restaurant_view   [  25% ] 245/245 VUs  03m13.5s/13m0s  034.83 iters/s

running (03m15.0s), 239/247 VUs, 4458 complete and 0 interrupted iterations
peak_restaurant_view   [  25% ] 239/247 VUs  03m14.5s/13m0s  034.94 iters/s

running (03m16.0s), 247/248 VUs, 4484 complete and 0 interrupted iterations
peak_restaurant_view   [  25% ] 247/248 VUs  03m15.5s/13m0s  035.05 iters/s

running (03m17.0s), 252/253 VUs, 4509 complete and 0 interrupted iterations
peak_restaurant_view   [  25% ] 252/253 VUs  03m16.5s/13m0s  035.16 iters/s

running (03m18.0s), 255/257 VUs, 4537 complete and 0 interrupted iterations
peak_restaurant_view   [  25% ] 255/257 VUs  03m17.5s/13m0s  035.28 iters/s

running (03m19.0s), 261/261 VUs, 4563 complete and 0 interrupted iterations
peak_restaurant_view   [  25% ] 261/261 VUs  03m18.5s/13m0s  035.39 iters/s

running (03m20.0s), 263/266 VUs, 4591 complete and 0 interrupted iterations
peak_restaurant_view   [  26% ] 263/266 VUs  03m19.5s/13m0s  035.50 iters/s

running (03m21.0s), 270/272 VUs, 4614 complete and 0 interrupted iterations
peak_restaurant_view   [  26% ] 270/272 VUs  03m20.5s/13m0s  035.61 iters/s

running (03m22.0s), 274/278 VUs, 4639 complete and 0 interrupted iterations
peak_restaurant_view   [  26% ] 274/278 VUs  03m21.5s/13m0s  035.72 iters/s

running (03m23.0s), 282/283 VUs, 4662 complete and 0 interrupted iterations
peak_restaurant_view   [  26% ] 282/283 VUs  03m22.5s/13m0s  035.83 iters/s

running (03m24.0s), 286/288 VUs, 4689 complete and 0 interrupted iterations
peak_restaurant_view   [  26% ] 286/288 VUs  03m23.5s/13m0s  035.94 iters/s

running (03m25.0s), 293/294 VUs, 4712 complete and 0 interrupted iterations
peak_restaurant_view   [  26% ] 293/294 VUs  03m24.5s/13m0s  036.05 iters/s

running (03m26.0s), 297/298 VUs, 4740 complete and 0 interrupted iterations
peak_restaurant_view   [  26% ] 297/298 VUs  03m25.5s/13m0s  036.16 iters/s
time="2026-08-12T10:48:35+09:00" level=warning msg="Insufficient VUs, reached 300 active VUs and cannot initialize more" executor=ramping-arrival-rate scenario=peak_restaurant_view

running (03m27.0s), 298/300 VUs, 4768 complete and 0 interrupted iterations
peak_restaurant_view   [  26% ] 298/300 VUs  03m26.5s/13m0s  036.28 iters/s

running (03m28.0s), 298/300 VUs, 4795 complete and 0 interrupted iterations
peak_restaurant_view   [  27% ] 298/300 VUs  03m27.5s/13m0s  036.39 iters/s

running (03m29.0s), 300/300 VUs, 4820 complete and 0 interrupted iterations
peak_restaurant_view   [  27% ] 300/300 VUs  03m28.5s/13m0s  036.50 iters/s

running (03m30.0s), 296/300 VUs, 4847 complete and 0 interrupted iterations
peak_restaurant_view   [  27% ] 296/300 VUs  03m29.5s/13m0s  036.61 iters/s

running (03m31.0s), 300/300 VUs, 4871 complete and 0 interrupted iterations
peak_restaurant_view   [  27% ] 300/300 VUs  03m30.5s/13m0s  036.72 iters/s

running (03m32.0s), 300/300 VUs, 4897 complete and 0 interrupted iterations
peak_restaurant_view   [  27% ] 300/300 VUs  03m31.5s/13m0s  036.83 iters/s

running (03m33.0s), 297/300 VUs, 4927 complete and 0 interrupted iterations
peak_restaurant_view   [  27% ] 297/300 VUs  03m32.5s/13m0s  036.94 iters/s

running (03m34.0s), 300/300 VUs, 4950 complete and 0 interrupted iterations
peak_restaurant_view   [  27% ] 300/300 VUs  03m33.5s/13m0s  037.05 iters/s

running (03m35.0s), 300/300 VUs, 4978 complete and 0 interrupted iterations
peak_restaurant_view   [  27% ] 300/300 VUs  03m34.5s/13m0s  037.16 iters/s

running (03m36.0s), 299/300 VUs, 5004 complete and 0 interrupted iterations
peak_restaurant_view   [  28% ] 299/300 VUs  03m35.5s/13m0s  037.28 iters/s

running (03m37.0s), 300/300 VUs, 5030 complete and 0 interrupted iterations
peak_restaurant_view   [  28% ] 300/300 VUs  03m36.5s/13m0s  037.39 iters/s

running (03m38.0s), 300/300 VUs, 5052 complete and 0 interrupted iterations
peak_restaurant_view   [  28% ] 300/300 VUs  03m37.5s/13m0s  037.50 iters/s

running (03m39.0s), 300/300 VUs, 5076 complete and 0 interrupted iterations
peak_restaurant_view   [  28% ] 300/300 VUs  03m38.5s/13m0s  037.61 iters/s

running (03m40.0s), 300/300 VUs, 5102 complete and 0 interrupted iterations
peak_restaurant_view   [  28% ] 300/300 VUs  03m39.5s/13m0s  037.72 iters/s

running (03m41.0s), 300/300 VUs, 5128 complete and 0 interrupted iterations
peak_restaurant_view   [  28% ] 300/300 VUs  03m40.5s/13m0s  037.83 iters/s

running (03m42.0s), 300/300 VUs, 5155 complete and 0 interrupted iterations
peak_restaurant_view   [  28% ] 300/300 VUs  03m41.5s/13m0s  037.94 iters/s

running (03m43.0s), 300/300 VUs, 5178 complete and 0 interrupted iterations
peak_restaurant_view   [  29% ] 300/300 VUs  03m42.5s/13m0s  038.05 iters/s

running (03m44.0s), 300/300 VUs, 5193 complete and 0 interrupted iterations
peak_restaurant_view   [  29% ] 300/300 VUs  03m43.5s/13m0s  038.16 iters/s

running (03m45.0s), 300/300 VUs, 5227 complete and 0 interrupted iterations
peak_restaurant_view   [  29% ] 300/300 VUs  03m44.5s/13m0s  038.28 iters/s

running (03m46.0s), 297/300 VUs, 5255 complete and 0 interrupted iterations
peak_restaurant_view   [  29% ] 297/300 VUs  03m45.5s/13m0s  038.39 iters/s

running (03m47.0s), 300/300 VUs, 5279 complete and 0 interrupted iterations
peak_restaurant_view   [  29% ] 300/300 VUs  03m46.5s/13m0s  038.50 iters/s

running (03m48.0s), 300/300 VUs, 5302 complete and 0 interrupted iterations
peak_restaurant_view   [  29% ] 300/300 VUs  03m47.5s/13m0s  038.61 iters/s

running (03m49.0s), 298/300 VUs, 5330 complete and 0 interrupted iterations
peak_restaurant_view   [  29% ] 298/300 VUs  03m48.5s/13m0s  038.72 iters/s

running (03m50.0s), 299/300 VUs, 5357 complete and 0 interrupted iterations
peak_restaurant_view   [  29% ] 299/300 VUs  03m49.5s/13m0s  038.83 iters/s

running (03m51.0s), 300/300 VUs, 5372 complete and 0 interrupted iterations
peak_restaurant_view   [  30% ] 300/300 VUs  03m50.5s/13m0s  038.94 iters/s

running (03m52.0s), 300/300 VUs, 5394 complete and 0 interrupted iterations
peak_restaurant_view   [  30% ] 300/300 VUs  03m51.5s/13m0s  039.05 iters/s

running (03m53.0s), 299/300 VUs, 5402 complete and 0 interrupted iterations
peak_restaurant_view   [  30% ] 299/300 VUs  03m52.5s/13m0s  039.16 iters/s

running (03m54.0s), 299/300 VUs, 5424 complete and 0 interrupted iterations
peak_restaurant_view   [  30% ] 299/300 VUs  03m53.5s/13m0s  039.28 iters/s

running (03m55.0s), 300/300 VUs, 5449 complete and 0 interrupted iterations
peak_restaurant_view   [  30% ] 300/300 VUs  03m54.5s/13m0s  039.39 iters/s

running (03m56.0s), 300/300 VUs, 5478 complete and 0 interrupted iterations
peak_restaurant_view   [  30% ] 300/300 VUs  03m55.5s/13m0s  039.50 iters/s

running (03m57.0s), 300/300 VUs, 5502 complete and 0 interrupted iterations
peak_restaurant_view   [  30% ] 300/300 VUs  03m56.5s/13m0s  039.61 iters/s

running (03m58.0s), 300/300 VUs, 5528 complete and 0 interrupted iterations
peak_restaurant_view   [  30% ] 300/300 VUs  03m57.5s/13m0s  039.72 iters/s

running (03m59.0s), 300/300 VUs, 5555 complete and 0 interrupted iterations
peak_restaurant_view   [  31% ] 300/300 VUs  03m58.5s/13m0s  039.83 iters/s

running (04m00.0s), 300/300 VUs, 5580 complete and 0 interrupted iterations
peak_restaurant_view   [  31% ] 300/300 VUs  03m59.5s/13m0s  039.94 iters/s

running (04m01.0s), 299/300 VUs, 5607 complete and 0 interrupted iterations
peak_restaurant_view   [  31% ] 299/300 VUs  04m00.5s/13m0s  040.11 iters/s

running (04m02.0s), 300/300 VUs, 5633 complete and 0 interrupted iterations
peak_restaurant_view   [  31% ] 300/300 VUs  04m01.5s/13m0s  040.33 iters/s

running (04m03.0s), 300/300 VUs, 5658 complete and 0 interrupted iterations
peak_restaurant_view   [  31% ] 300/300 VUs  04m02.5s/13m0s  040.55 iters/s

running (04m04.0s), 300/300 VUs, 5684 complete and 0 interrupted iterations
peak_restaurant_view   [  31% ] 300/300 VUs  04m03.5s/13m0s  040.77 iters/s

running (04m05.0s), 299/300 VUs, 5709 complete and 0 interrupted iterations
peak_restaurant_view   [  31% ] 299/300 VUs  04m04.5s/13m0s  041.00 iters/s

running (04m06.0s), 298/300 VUs, 5733 complete and 0 interrupted iterations
peak_restaurant_view   [  31% ] 298/300 VUs  04m05.5s/13m0s  041.22 iters/s

running (04m07.0s), 299/300 VUs, 5756 complete and 0 interrupted iterations
peak_restaurant_view   [  32% ] 299/300 VUs  04m06.5s/13m0s  041.44 iters/s

running (04m08.0s), 298/300 VUs, 5782 complete and 0 interrupted iterations
peak_restaurant_view   [  32% ] 298/300 VUs  04m07.5s/13m0s  041.66 iters/s

running (04m09.0s), 300/300 VUs, 5805 complete and 0 interrupted iterations
peak_restaurant_view   [  32% ] 300/300 VUs  04m08.5s/13m0s  041.89 iters/s

running (04m10.0s), 300/300 VUs, 5832 complete and 0 interrupted iterations
peak_restaurant_view   [  32% ] 300/300 VUs  04m09.5s/13m0s  042.11 iters/s

running (04m11.0s), 299/300 VUs, 5856 complete and 0 interrupted iterations
peak_restaurant_view   [  32% ] 299/300 VUs  04m10.5s/13m0s  042.33 iters/s

running (04m12.0s), 299/300 VUs, 5883 complete and 0 interrupted iterations
peak_restaurant_view   [  32% ] 299/300 VUs  04m11.5s/13m0s  042.55 iters/s

running (04m13.0s), 300/300 VUs, 5907 complete and 0 interrupted iterations
peak_restaurant_view   [  32% ] 300/300 VUs  04m12.5s/13m0s  042.77 iters/s

running (04m14.0s), 300/300 VUs, 5925 complete and 0 interrupted iterations
peak_restaurant_view   [  32% ] 300/300 VUs  04m13.5s/13m0s  043.00 iters/s

running (04m15.0s), 300/300 VUs, 5960 complete and 0 interrupted iterations
peak_restaurant_view   [  33% ] 300/300 VUs  04m14.5s/13m0s  043.22 iters/s

running (04m16.0s), 299/300 VUs, 5987 complete and 0 interrupted iterations
peak_restaurant_view   [  33% ] 299/300 VUs  04m15.5s/13m0s  043.44 iters/s

running (04m17.0s), 300/300 VUs, 6013 complete and 0 interrupted iterations
peak_restaurant_view   [  33% ] 300/300 VUs  04m16.5s/13m0s  043.66 iters/s

running (04m18.0s), 299/300 VUs, 6038 complete and 0 interrupted iterations
peak_restaurant_view   [  33% ] 299/300 VUs  04m17.5s/13m0s  043.89 iters/s

running (04m19.0s), 300/300 VUs, 6065 complete and 0 interrupted iterations
peak_restaurant_view   [  33% ] 300/300 VUs  04m18.5s/13m0s  044.11 iters/s

running (04m20.0s), 298/300 VUs, 6092 complete and 0 interrupted iterations
peak_restaurant_view   [  33% ] 298/300 VUs  04m19.5s/13m0s  044.33 iters/s

running (04m21.0s), 300/300 VUs, 6113 complete and 0 interrupted iterations
peak_restaurant_view   [  33% ] 300/300 VUs  04m20.5s/13m0s  044.55 iters/s

running (04m22.0s), 299/300 VUs, 6136 complete and 0 interrupted iterations
peak_restaurant_view   [  34% ] 299/300 VUs  04m21.5s/13m0s  044.77 iters/s

running (04m23.0s), 299/300 VUs, 6159 complete and 0 interrupted iterations
peak_restaurant_view   [  34% ] 299/300 VUs  04m22.5s/13m0s  045.00 iters/s

running (04m24.0s), 300/300 VUs, 6185 complete and 0 interrupted iterations
peak_restaurant_view   [  34% ] 300/300 VUs  04m23.5s/13m0s  045.22 iters/s

running (04m25.0s), 298/300 VUs, 6210 complete and 0 interrupted iterations
peak_restaurant_view   [  34% ] 298/300 VUs  04m24.5s/13m0s  045.44 iters/s

running (04m26.0s), 300/300 VUs, 6236 complete and 0 interrupted iterations
peak_restaurant_view   [  34% ] 300/300 VUs  04m25.5s/13m0s  045.66 iters/s

running (04m27.0s), 299/300 VUs, 6264 complete and 0 interrupted iterations
peak_restaurant_view   [  34% ] 299/300 VUs  04m26.5s/13m0s  045.89 iters/s

running (04m28.0s), 300/300 VUs, 6287 complete and 0 interrupted iterations
peak_restaurant_view   [  34% ] 300/300 VUs  04m27.5s/13m0s  046.11 iters/s

running (04m29.0s), 300/300 VUs, 6315 complete and 0 interrupted iterations
peak_restaurant_view   [  34% ] 300/300 VUs  04m28.5s/13m0s  046.33 iters/s

running (04m30.0s), 298/300 VUs, 6342 complete and 0 interrupted iterations
peak_restaurant_view   [  35% ] 298/300 VUs  04m29.5s/13m0s  046.55 iters/s

running (04m31.0s), 300/300 VUs, 6365 complete and 0 interrupted iterations
peak_restaurant_view   [  35% ] 300/300 VUs  04m30.5s/13m0s  046.77 iters/s

running (04m32.0s), 299/300 VUs, 6395 complete and 0 interrupted iterations
peak_restaurant_view   [  35% ] 299/300 VUs  04m31.5s/13m0s  047.00 iters/s

running (04m33.0s), 300/300 VUs, 6417 complete and 0 interrupted iterations
peak_restaurant_view   [  35% ] 300/300 VUs  04m32.5s/13m0s  047.22 iters/s

running (04m34.0s), 300/300 VUs, 6445 complete and 0 interrupted iterations
peak_restaurant_view   [  35% ] 300/300 VUs  04m33.5s/13m0s  047.44 iters/s

running (04m35.0s), 300/300 VUs, 6468 complete and 0 interrupted iterations
peak_restaurant_view   [  35% ] 300/300 VUs  04m34.5s/13m0s  047.66 iters/s

running (04m36.0s), 300/300 VUs, 6492 complete and 0 interrupted iterations
peak_restaurant_view   [  35% ] 300/300 VUs  04m35.5s/13m0s  047.89 iters/s

running (04m37.0s), 300/300 VUs, 6515 complete and 0 interrupted iterations
peak_restaurant_view   [  35% ] 300/300 VUs  04m36.5s/13m0s  048.11 iters/s

running (04m38.0s), 299/300 VUs, 6538 complete and 0 interrupted iterations
peak_restaurant_view   [  36% ] 299/300 VUs  04m37.5s/13m0s  048.33 iters/s

running (04m39.0s), 300/300 VUs, 6563 complete and 0 interrupted iterations
peak_restaurant_view   [  36% ] 300/300 VUs  04m38.5s/13m0s  048.55 iters/s

running (04m40.0s), 299/300 VUs, 6589 complete and 0 interrupted iterations
peak_restaurant_view   [  36% ] 299/300 VUs  04m39.5s/13m0s  048.77 iters/s

running (04m41.0s), 300/300 VUs, 6613 complete and 0 interrupted iterations
peak_restaurant_view   [  36% ] 300/300 VUs  04m40.5s/13m0s  049.00 iters/s

running (04m42.0s), 300/300 VUs, 6640 complete and 0 interrupted iterations
peak_restaurant_view   [  36% ] 300/300 VUs  04m41.5s/13m0s  049.22 iters/s

running (04m43.0s), 300/300 VUs, 6665 complete and 0 interrupted iterations
peak_restaurant_view   [  36% ] 300/300 VUs  04m42.5s/13m0s  049.44 iters/s

running (04m44.0s), 300/300 VUs, 6686 complete and 0 interrupted iterations
peak_restaurant_view   [  36% ] 300/300 VUs  04m43.5s/13m0s  049.66 iters/s

running (04m45.0s), 300/300 VUs, 6718 complete and 0 interrupted iterations
peak_restaurant_view   [  36% ] 300/300 VUs  04m44.5s/13m0s  049.89 iters/s

running (04m46.0s), 300/300 VUs, 6742 complete and 0 interrupted iterations
peak_restaurant_view   [  37% ] 300/300 VUs  04m45.5s/13m0s  050.11 iters/s

running (04m47.0s), 299/300 VUs, 6770 complete and 0 interrupted iterations
peak_restaurant_view   [  37% ] 299/300 VUs  04m46.5s/13m0s  050.33 iters/s

running (04m48.0s), 299/300 VUs, 6794 complete and 0 interrupted iterations
peak_restaurant_view   [  37% ] 299/300 VUs  04m47.5s/13m0s  050.55 iters/s

running (04m49.0s), 298/300 VUs, 6822 complete and 0 interrupted iterations
peak_restaurant_view   [  37% ] 298/300 VUs  04m48.5s/13m0s  050.77 iters/s

running (04m50.0s), 299/300 VUs, 6847 complete and 0 interrupted iterations
peak_restaurant_view   [  37% ] 299/300 VUs  04m49.5s/13m0s  051.00 iters/s

running (04m51.0s), 300/300 VUs, 6862 complete and 0 interrupted iterations
peak_restaurant_view   [  37% ] 300/300 VUs  04m50.5s/13m0s  051.22 iters/s

running (04m52.0s), 300/300 VUs, 6877 complete and 0 interrupted iterations
peak_restaurant_view   [  37% ] 300/300 VUs  04m51.5s/13m0s  051.44 iters/s

running (04m53.0s), 300/300 VUs, 6881 complete and 0 interrupted iterations
peak_restaurant_view   [  37% ] 300/300 VUs  04m52.5s/13m0s  051.66 iters/s

running (04m54.0s), 300/300 VUs, 6889 complete and 0 interrupted iterations
peak_restaurant_view   [  38% ] 300/300 VUs  04m53.5s/13m0s  051.89 iters/s

running (04m55.0s), 300/300 VUs, 6913 complete and 0 interrupted iterations
peak_restaurant_view   [  38% ] 300/300 VUs  04m54.5s/13m0s  052.11 iters/s

running (04m56.0s), 300/300 VUs, 6940 complete and 0 interrupted iterations
peak_restaurant_view   [  38% ] 300/300 VUs  04m55.5s/13m0s  052.33 iters/s

running (04m57.0s), 300/300 VUs, 6964 complete and 0 interrupted iterations
peak_restaurant_view   [  38% ] 300/300 VUs  04m56.5s/13m0s  052.55 iters/s

running (04m58.0s), 299/300 VUs, 6989 complete and 0 interrupted iterations
peak_restaurant_view   [  38% ] 299/300 VUs  04m57.5s/13m0s  052.77 iters/s

running (04m59.0s), 300/300 VUs, 7014 complete and 0 interrupted iterations
peak_restaurant_view   [  38% ] 300/300 VUs  04m58.5s/13m0s  053.00 iters/s

running (05m00.0s), 299/300 VUs, 7041 complete and 0 interrupted iterations
peak_restaurant_view   [  38% ] 299/300 VUs  04m59.5s/13m0s  053.22 iters/s

running (05m01.0s), 300/300 VUs, 7065 complete and 0 interrupted iterations
peak_restaurant_view   [  39% ] 300/300 VUs  05m00.5s/13m0s  053.44 iters/s

running (05m02.0s), 298/300 VUs, 7094 complete and 0 interrupted iterations
peak_restaurant_view   [  39% ] 298/300 VUs  05m01.5s/13m0s  053.66 iters/s

running (05m03.0s), 299/300 VUs, 7117 complete and 0 interrupted iterations
peak_restaurant_view   [  39% ] 299/300 VUs  05m02.5s/13m0s  053.89 iters/s

running (05m04.0s), 300/300 VUs, 7144 complete and 0 interrupted iterations
peak_restaurant_view   [  39% ] 300/300 VUs  05m03.5s/13m0s  054.11 iters/s

running (05m05.0s), 300/300 VUs, 7168 complete and 0 interrupted iterations
peak_restaurant_view   [  39% ] 300/300 VUs  05m04.5s/13m0s  054.33 iters/s

running (05m06.0s), 300/300 VUs, 7192 complete and 0 interrupted iterations
peak_restaurant_view   [  39% ] 300/300 VUs  05m05.5s/13m0s  054.55 iters/s

running (05m07.0s), 299/300 VUs, 7219 complete and 0 interrupted iterations
peak_restaurant_view   [  39% ] 299/300 VUs  05m06.5s/13m0s  054.77 iters/s

running (05m08.0s), 300/300 VUs, 7240 complete and 0 interrupted iterations
peak_restaurant_view   [  39% ] 300/300 VUs  05m07.5s/13m0s  055.00 iters/s

running (05m09.0s), 300/300 VUs, 7262 complete and 0 interrupted iterations
peak_restaurant_view   [  40% ] 300/300 VUs  05m08.5s/13m0s  055.22 iters/s

running (05m10.0s), 299/300 VUs, 7287 complete and 0 interrupted iterations
peak_restaurant_view   [  40% ] 299/300 VUs  05m09.5s/13m0s  055.44 iters/s

running (05m11.0s), 299/300 VUs, 7312 complete and 0 interrupted iterations
peak_restaurant_view   [  40% ] 299/300 VUs  05m10.5s/13m0s  055.66 iters/s

running (05m12.0s), 300/300 VUs, 7337 complete and 0 interrupted iterations
peak_restaurant_view   [  40% ] 300/300 VUs  05m11.5s/13m0s  055.89 iters/s

running (05m13.0s), 300/300 VUs, 7363 complete and 0 interrupted iterations
peak_restaurant_view   [  40% ] 300/300 VUs  05m12.5s/13m0s  056.11 iters/s

running (05m14.0s), 300/300 VUs, 7385 complete and 0 interrupted iterations
peak_restaurant_view   [  40% ] 300/300 VUs  05m13.5s/13m0s  056.33 iters/s

running (05m15.0s), 300/300 VUs, 7413 complete and 0 interrupted iterations
peak_restaurant_view   [  40% ] 300/300 VUs  05m14.5s/13m0s  056.55 iters/s

running (05m16.0s), 299/300 VUs, 7435 complete and 0 interrupted iterations
peak_restaurant_view   [  40% ] 299/300 VUs  05m15.5s/13m0s  056.77 iters/s

running (05m17.0s), 300/300 VUs, 7460 complete and 0 interrupted iterations
peak_restaurant_view   [  41% ] 300/300 VUs  05m16.5s/13m0s  057.00 iters/s

running (05m18.0s), 300/300 VUs, 7486 complete and 0 interrupted iterations
peak_restaurant_view   [  41% ] 300/300 VUs  05m17.5s/13m0s  057.22 iters/s

running (05m19.0s), 300/300 VUs, 7512 complete and 0 interrupted iterations
peak_restaurant_view   [  41% ] 300/300 VUs  05m18.5s/13m0s  057.44 iters/s

running (05m20.0s), 300/300 VUs, 7537 complete and 0 interrupted iterations
peak_restaurant_view   [  41% ] 300/300 VUs  05m19.5s/13m0s  057.66 iters/s

running (05m21.0s), 300/300 VUs, 7561 complete and 0 interrupted iterations
peak_restaurant_view   [  41% ] 300/300 VUs  05m20.5s/13m0s  057.89 iters/s

running (05m22.0s), 300/300 VUs, 7586 complete and 0 interrupted iterations
peak_restaurant_view   [  41% ] 300/300 VUs  05m21.5s/13m0s  058.11 iters/s

running (05m23.0s), 299/300 VUs, 7606 complete and 0 interrupted iterations
peak_restaurant_view   [  41% ] 299/300 VUs  05m22.5s/13m0s  058.33 iters/s

running (05m24.0s), 299/300 VUs, 7631 complete and 0 interrupted iterations
peak_restaurant_view   [  41% ] 299/300 VUs  05m23.5s/13m0s  058.55 iters/s

running (05m25.0s), 299/300 VUs, 7657 complete and 0 interrupted iterations
peak_restaurant_view   [  42% ] 299/300 VUs  05m24.5s/13m0s  058.77 iters/s

running (05m26.0s), 300/300 VUs, 7681 complete and 0 interrupted iterations
peak_restaurant_view   [  42% ] 300/300 VUs  05m25.5s/13m0s  059.00 iters/s

running (05m27.0s), 300/300 VUs, 7705 complete and 0 interrupted iterations
peak_restaurant_view   [  42% ] 300/300 VUs  05m26.5s/13m0s  059.22 iters/s

running (05m28.0s), 300/300 VUs, 7729 complete and 0 interrupted iterations
peak_restaurant_view   [  42% ] 300/300 VUs  05m27.5s/13m0s  059.44 iters/s

running (05m29.0s), 299/300 VUs, 7752 complete and 0 interrupted iterations
peak_restaurant_view   [  42% ] 299/300 VUs  05m28.5s/13m0s  059.66 iters/s

running (05m30.0s), 300/300 VUs, 7775 complete and 0 interrupted iterations
peak_restaurant_view   [  42% ] 300/300 VUs  05m29.5s/13m0s  059.89 iters/s

running (05m31.0s), 300/300 VUs, 7803 complete and 0 interrupted iterations
peak_restaurant_view   [  42% ] 300/300 VUs  05m30.5s/13m0s  060.11 iters/s

running (05m32.0s), 300/300 VUs, 7828 complete and 0 interrupted iterations
peak_restaurant_view   [  42% ] 300/300 VUs  05m31.5s/13m0s  060.33 iters/s

running (05m33.0s), 298/300 VUs, 7855 complete and 0 interrupted iterations
peak_restaurant_view   [  43% ] 298/300 VUs  05m32.5s/13m0s  060.55 iters/s

running (05m34.0s), 300/300 VUs, 7878 complete and 0 interrupted iterations
peak_restaurant_view   [  43% ] 300/300 VUs  05m33.5s/13m0s  060.77 iters/s

running (05m35.0s), 300/300 VUs, 7905 complete and 0 interrupted iterations
peak_restaurant_view   [  43% ] 300/300 VUs  05m34.5s/13m0s  061.00 iters/s

running (05m36.0s), 300/300 VUs, 7929 complete and 0 interrupted iterations
peak_restaurant_view   [  43% ] 300/300 VUs  05m35.5s/13m0s  061.22 iters/s

running (05m37.0s), 300/300 VUs, 7955 complete and 0 interrupted iterations
peak_restaurant_view   [  43% ] 300/300 VUs  05m36.5s/13m0s  061.44 iters/s

running (05m38.0s), 300/300 VUs, 7979 complete and 0 interrupted iterations
peak_restaurant_view   [  43% ] 300/300 VUs  05m37.5s/13m0s  061.66 iters/s

running (05m39.0s), 300/300 VUs, 8003 complete and 0 interrupted iterations
peak_restaurant_view   [  43% ] 300/300 VUs  05m38.5s/13m0s  061.88 iters/s

running (05m40.0s), 300/300 VUs, 8028 complete and 0 interrupted iterations
peak_restaurant_view   [  44% ] 300/300 VUs  05m39.5s/13m0s  062.11 iters/s

running (05m41.0s), 300/300 VUs, 8054 complete and 0 interrupted iterations
peak_restaurant_view   [  44% ] 300/300 VUs  05m40.5s/13m0s  062.33 iters/s

running (05m42.0s), 299/300 VUs, 8081 complete and 0 interrupted iterations
peak_restaurant_view   [  44% ] 299/300 VUs  05m41.5s/13m0s  062.55 iters/s

running (05m43.0s), 300/300 VUs, 8105 complete and 0 interrupted iterations
peak_restaurant_view   [  44% ] 300/300 VUs  05m42.5s/13m0s  062.77 iters/s

running (05m44.0s), 300/300 VUs, 8122 complete and 0 interrupted iterations
peak_restaurant_view   [  44% ] 300/300 VUs  05m43.5s/13m0s  063.00 iters/s

running (05m45.0s), 300/300 VUs, 8158 complete and 0 interrupted iterations
peak_restaurant_view   [  44% ] 300/300 VUs  05m44.5s/13m0s  063.22 iters/s

running (05m46.0s), 299/300 VUs, 8183 complete and 0 interrupted iterations
peak_restaurant_view   [  44% ] 299/300 VUs  05m45.5s/13m0s  063.44 iters/s

running (05m47.0s), 299/300 VUs, 8208 complete and 0 interrupted iterations
peak_restaurant_view   [  44% ] 299/300 VUs  05m46.5s/13m0s  063.66 iters/s

running (05m48.0s), 300/300 VUs, 8233 complete and 0 interrupted iterations
peak_restaurant_view   [  45% ] 300/300 VUs  05m47.5s/13m0s  063.88 iters/s

running (05m49.0s), 300/300 VUs, 8258 complete and 0 interrupted iterations
peak_restaurant_view   [  45% ] 300/300 VUs  05m48.5s/13m0s  064.11 iters/s

running (05m50.0s), 300/300 VUs, 8281 complete and 0 interrupted iterations
peak_restaurant_view   [  45% ] 300/300 VUs  05m49.5s/13m0s  064.33 iters/s

running (05m51.0s), 299/300 VUs, 8298 complete and 0 interrupted iterations
peak_restaurant_view   [  45% ] 299/300 VUs  05m50.5s/13m0s  064.55 iters/s

running (05m52.0s), 300/300 VUs, 8322 complete and 0 interrupted iterations
peak_restaurant_view   [  45% ] 300/300 VUs  05m51.5s/13m0s  064.77 iters/s

running (05m53.0s), 300/300 VUs, 8326 complete and 0 interrupted iterations
peak_restaurant_view   [  45% ] 300/300 VUs  05m52.5s/13m0s  065.00 iters/s

running (05m54.0s), 300/300 VUs, 8347 complete and 0 interrupted iterations
peak_restaurant_view   [  45% ] 300/300 VUs  05m53.5s/13m0s  065.22 iters/s

running (05m55.0s), 300/300 VUs, 8373 complete and 0 interrupted iterations
peak_restaurant_view   [  45% ] 300/300 VUs  05m54.5s/13m0s  065.44 iters/s

running (05m56.0s), 300/300 VUs, 8398 complete and 0 interrupted iterations
peak_restaurant_view   [  46% ] 300/300 VUs  05m55.5s/13m0s  065.66 iters/s

running (05m57.0s), 300/300 VUs, 8421 complete and 0 interrupted iterations
peak_restaurant_view   [  46% ] 300/300 VUs  05m56.5s/13m0s  065.88 iters/s

running (05m58.0s), 300/300 VUs, 8447 complete and 0 interrupted iterations
peak_restaurant_view   [  46% ] 300/300 VUs  05m57.5s/13m0s  066.11 iters/s

running (05m59.0s), 300/300 VUs, 8474 complete and 0 interrupted iterations
peak_restaurant_view   [  46% ] 300/300 VUs  05m58.5s/13m0s  066.33 iters/s

running (06m00.0s), 300/300 VUs, 8497 complete and 0 interrupted iterations
peak_restaurant_view   [  46% ] 300/300 VUs  05m59.5s/13m0s  066.55 iters/s

running (06m01.0s), 300/300 VUs, 8524 complete and 0 interrupted iterations
peak_restaurant_view   [  46% ] 300/300 VUs  06m00.5s/13m0s  066.77 iters/s

running (06m02.0s), 300/300 VUs, 8549 complete and 0 interrupted iterations
peak_restaurant_view   [  46% ] 300/300 VUs  06m01.5s/13m0s  067.00 iters/s

running (06m03.0s), 300/300 VUs, 8573 complete and 0 interrupted iterations
peak_restaurant_view   [  46% ] 300/300 VUs  06m02.5s/13m0s  067.22 iters/s

running (06m04.0s), 300/300 VUs, 8601 complete and 0 interrupted iterations
peak_restaurant_view   [  47% ] 300/300 VUs  06m03.5s/13m0s  067.44 iters/s

running (06m05.0s), 299/300 VUs, 8624 complete and 0 interrupted iterations
peak_restaurant_view   [  47% ] 299/300 VUs  06m04.5s/13m0s  067.66 iters/s

running (06m06.0s), 299/300 VUs, 8649 complete and 0 interrupted iterations
peak_restaurant_view   [  47% ] 299/300 VUs  06m05.5s/13m0s  067.88 iters/s

running (06m07.0s), 300/300 VUs, 8674 complete and 0 interrupted iterations
peak_restaurant_view   [  47% ] 300/300 VUs  06m06.5s/13m0s  068.11 iters/s

running (06m08.0s), 300/300 VUs, 8696 complete and 0 interrupted iterations
peak_restaurant_view   [  47% ] 300/300 VUs  06m07.5s/13m0s  068.33 iters/s

running (06m09.0s), 299/300 VUs, 8721 complete and 0 interrupted iterations
peak_restaurant_view   [  47% ] 299/300 VUs  06m08.5s/13m0s  068.55 iters/s

running (06m10.0s), 300/300 VUs, 8746 complete and 0 interrupted iterations
peak_restaurant_view   [  47% ] 300/300 VUs  06m09.5s/13m0s  068.77 iters/s

running (06m11.0s), 300/300 VUs, 8771 complete and 0 interrupted iterations
peak_restaurant_view   [  47% ] 300/300 VUs  06m10.5s/13m0s  069.00 iters/s

running (06m12.0s), 300/300 VUs, 8798 complete and 0 interrupted iterations
peak_restaurant_view   [  48% ] 300/300 VUs  06m11.5s/13m0s  069.22 iters/s

running (06m13.0s), 300/300 VUs, 8821 complete and 0 interrupted iterations
peak_restaurant_view   [  48% ] 300/300 VUs  06m12.5s/13m0s  069.44 iters/s

running (06m14.0s), 298/300 VUs, 8843 complete and 0 interrupted iterations
peak_restaurant_view   [  48% ] 298/300 VUs  06m13.5s/13m0s  069.66 iters/s

running (06m15.0s), 300/300 VUs, 8873 complete and 0 interrupted iterations
peak_restaurant_view   [  48% ] 300/300 VUs  06m14.5s/13m0s  069.88 iters/s

running (06m16.0s), 300/300 VUs, 8898 complete and 0 interrupted iterations
peak_restaurant_view   [  48% ] 300/300 VUs  06m15.5s/13m0s  070.11 iters/s

running (06m17.0s), 299/300 VUs, 8925 complete and 0 interrupted iterations
peak_restaurant_view   [  48% ] 299/300 VUs  06m16.5s/13m0s  070.33 iters/s

running (06m18.0s), 300/300 VUs, 8950 complete and 0 interrupted iterations
peak_restaurant_view   [  48% ] 300/300 VUs  06m17.5s/13m0s  070.55 iters/s

running (06m19.0s), 298/300 VUs, 8976 complete and 0 interrupted iterations
peak_restaurant_view   [  49% ] 298/300 VUs  06m18.5s/13m0s  070.78 iters/s

running (06m20.0s), 300/300 VUs, 9000 complete and 0 interrupted iterations
peak_restaurant_view   [  49% ] 300/300 VUs  06m19.5s/13m0s  071.00 iters/s

running (06m21.0s), 300/300 VUs, 9024 complete and 0 interrupted iterations
peak_restaurant_view   [  49% ] 300/300 VUs  06m20.5s/13m0s  071.22 iters/s

running (06m22.0s), 299/300 VUs, 9048 complete and 0 interrupted iterations
peak_restaurant_view   [  49% ] 299/300 VUs  06m21.5s/13m0s  071.44 iters/s

running (06m23.0s), 300/300 VUs, 9071 complete and 0 interrupted iterations
peak_restaurant_view   [  49% ] 300/300 VUs  06m22.5s/13m0s  071.66 iters/s

running (06m24.0s), 299/300 VUs, 9097 complete and 0 interrupted iterations
peak_restaurant_view   [  49% ] 299/300 VUs  06m23.5s/13m0s  071.88 iters/s

running (06m25.0s), 299/300 VUs, 9119 complete and 0 interrupted iterations
peak_restaurant_view   [  49% ] 299/300 VUs  06m24.5s/13m0s  072.11 iters/s

running (06m26.0s), 300/300 VUs, 9145 complete and 0 interrupted iterations
peak_restaurant_view   [  49% ] 300/300 VUs  06m25.5s/13m0s  072.33 iters/s

running (06m27.0s), 300/300 VUs, 9171 complete and 0 interrupted iterations
peak_restaurant_view   [  50% ] 300/300 VUs  06m26.5s/13m0s  072.55 iters/s

running (06m28.0s), 300/300 VUs, 9195 complete and 0 interrupted iterations
peak_restaurant_view   [  50% ] 300/300 VUs  06m27.5s/13m0s  072.78 iters/s

running (06m29.0s), 300/300 VUs, 9221 complete and 0 interrupted iterations
peak_restaurant_view   [  50% ] 300/300 VUs  06m28.5s/13m0s  073.00 iters/s

running (06m30.0s), 300/300 VUs, 9246 complete and 0 interrupted iterations
peak_restaurant_view   [  50% ] 300/300 VUs  06m29.5s/13m0s  073.22 iters/s

running (06m31.0s), 299/300 VUs, 9271 complete and 0 interrupted iterations
peak_restaurant_view   [  50% ] 299/300 VUs  06m30.5s/13m0s  073.44 iters/s

running (06m32.0s), 300/300 VUs, 9298 complete and 0 interrupted iterations
peak_restaurant_view   [  50% ] 300/300 VUs  06m31.5s/13m0s  073.66 iters/s

running (06m33.0s), 299/300 VUs, 9323 complete and 0 interrupted iterations
peak_restaurant_view   [  50% ] 299/300 VUs  06m32.5s/13m0s  073.88 iters/s

running (06m34.0s), 300/300 VUs, 9347 complete and 0 interrupted iterations
peak_restaurant_view   [  50% ] 300/300 VUs  06m33.5s/13m0s  074.11 iters/s

running (06m35.0s), 300/300 VUs, 9372 complete and 0 interrupted iterations
peak_restaurant_view   [  51% ] 300/300 VUs  06m34.5s/13m0s  074.33 iters/s

running (06m36.0s), 300/300 VUs, 9397 complete and 0 interrupted iterations
peak_restaurant_view   [  51% ] 300/300 VUs  06m35.5s/13m0s  074.55 iters/s

running (06m37.0s), 300/300 VUs, 9419 complete and 0 interrupted iterations
peak_restaurant_view   [  51% ] 300/300 VUs  06m36.5s/13m0s  074.78 iters/s

running (06m38.0s), 299/300 VUs, 9437 complete and 0 interrupted iterations
peak_restaurant_view   [  51% ] 299/300 VUs  06m37.5s/13m0s  074.99 iters/s

running (06m39.0s), 299/300 VUs, 9464 complete and 0 interrupted iterations
peak_restaurant_view   [  51% ] 299/300 VUs  06m38.5s/13m0s  075.22 iters/s

running (06m40.0s), 300/300 VUs, 9486 complete and 0 interrupted iterations
peak_restaurant_view   [  51% ] 300/300 VUs  06m39.5s/13m0s  075.44 iters/s

running (06m41.0s), 300/300 VUs, 9512 complete and 0 interrupted iterations
peak_restaurant_view   [  51% ] 300/300 VUs  06m40.5s/13m0s  075.66 iters/s

running (06m42.0s), 300/300 VUs, 9539 complete and 0 interrupted iterations
peak_restaurant_view   [  51% ] 300/300 VUs  06m41.5s/13m0s  075.88 iters/s

running (06m43.0s), 299/300 VUs, 9563 complete and 0 interrupted iterations
peak_restaurant_view   [  52% ] 299/300 VUs  06m42.5s/13m0s  076.11 iters/s

running (06m44.0s), 300/300 VUs, 9583 complete and 0 interrupted iterations
peak_restaurant_view   [  52% ] 300/300 VUs  06m43.5s/13m0s  076.33 iters/s

running (06m45.0s), 300/300 VUs, 9614 complete and 0 interrupted iterations
peak_restaurant_view   [  52% ] 300/300 VUs  06m44.5s/13m0s  076.55 iters/s

running (06m46.0s), 300/300 VUs, 9642 complete and 0 interrupted iterations
peak_restaurant_view   [  52% ] 300/300 VUs  06m45.5s/13m0s  076.78 iters/s

running (06m47.0s), 300/300 VUs, 9667 complete and 0 interrupted iterations
peak_restaurant_view   [  52% ] 300/300 VUs  06m46.5s/13m0s  076.99 iters/s

running (06m48.0s), 300/300 VUs, 9693 complete and 0 interrupted iterations
peak_restaurant_view   [  52% ] 300/300 VUs  06m47.5s/13m0s  077.22 iters/s

running (06m49.0s), 300/300 VUs, 9718 complete and 0 interrupted iterations
peak_restaurant_view   [  52% ] 300/300 VUs  06m48.5s/13m0s  077.44 iters/s

running (06m50.0s), 300/300 VUs, 9743 complete and 0 interrupted iterations
peak_restaurant_view   [  52% ] 300/300 VUs  06m49.5s/13m0s  077.66 iters/s

running (06m51.0s), 300/300 VUs, 9760 complete and 0 interrupted iterations
peak_restaurant_view   [  53% ] 300/300 VUs  06m50.5s/13m0s  077.88 iters/s

running (06m52.0s), 299/300 VUs, 9781 complete and 0 interrupted iterations
peak_restaurant_view   [  53% ] 299/300 VUs  06m51.5s/13m0s  078.11 iters/s

running (06m53.0s), 300/300 VUs, 9790 complete and 0 interrupted iterations
peak_restaurant_view   [  53% ] 300/300 VUs  06m52.5s/13m0s  078.33 iters/s

running (06m54.0s), 299/300 VUs, 9815 complete and 0 interrupted iterations
peak_restaurant_view   [  53% ] 299/300 VUs  06m53.5s/13m0s  078.55 iters/s

running (06m55.0s), 300/300 VUs, 9840 complete and 0 interrupted iterations
peak_restaurant_view   [  53% ] 300/300 VUs  06m54.5s/13m0s  078.78 iters/s

running (06m56.0s), 298/300 VUs, 9864 complete and 0 interrupted iterations
peak_restaurant_view   [  53% ] 298/300 VUs  06m55.5s/13m0s  079.00 iters/s

running (06m57.0s), 300/300 VUs, 9890 complete and 0 interrupted iterations
peak_restaurant_view   [  53% ] 300/300 VUs  06m56.5s/13m0s  079.22 iters/s

running (06m58.0s), 300/300 VUs, 9915 complete and 0 interrupted iterations
peak_restaurant_view   [  54% ] 300/300 VUs  06m57.5s/13m0s  079.44 iters/s

running (06m59.0s), 300/300 VUs, 9942 complete and 0 interrupted iterations
peak_restaurant_view   [  54% ] 300/300 VUs  06m58.5s/13m0s  079.66 iters/s

running (07m00.0s), 300/300 VUs, 9965 complete and 0 interrupted iterations
peak_restaurant_view   [  54% ] 300/300 VUs  06m59.5s/13m0s  079.88 iters/s

running (07m01.0s), 300/300 VUs, 9992 complete and 0 interrupted iterations
peak_restaurant_view   [  54% ] 300/300 VUs  07m00.5s/13m0s  080.21 iters/s

running (07m02.0s), 300/300 VUs, 10017 complete and 0 interrupted iterations
peak_restaurant_view   [  54% ] 300/300 VUs  07m01.5s/13m0s  080.66 iters/s

running (07m03.0s), 300/300 VUs, 10042 complete and 0 interrupted iterations
peak_restaurant_view   [  54% ] 300/300 VUs  07m02.5s/13m0s  081.11 iters/s

running (07m04.0s), 300/300 VUs, 10067 complete and 0 interrupted iterations
peak_restaurant_view   [  54% ] 300/300 VUs  07m03.5s/13m0s  081.55 iters/s

running (07m05.0s), 300/300 VUs, 10093 complete and 0 interrupted iterations
peak_restaurant_view   [  54% ] 300/300 VUs  07m04.5s/13m0s  081.99 iters/s

running (07m06.0s), 300/300 VUs, 10118 complete and 0 interrupted iterations
peak_restaurant_view   [  55% ] 300/300 VUs  07m05.5s/13m0s  082.44 iters/s

running (07m07.0s), 300/300 VUs, 10143 complete and 0 interrupted iterations
peak_restaurant_view   [  55% ] 300/300 VUs  07m06.5s/13m0s  082.88 iters/s

running (07m08.0s), 300/300 VUs, 10161 complete and 0 interrupted iterations
peak_restaurant_view   [  55% ] 300/300 VUs  07m07.5s/13m0s  083.33 iters/s

running (07m09.0s), 300/300 VUs, 10187 complete and 0 interrupted iterations
peak_restaurant_view   [  55% ] 300/300 VUs  07m08.5s/13m0s  083.77 iters/s

running (07m10.0s), 297/300 VUs, 10215 complete and 0 interrupted iterations
peak_restaurant_view   [  55% ] 297/300 VUs  07m09.5s/13m0s  084.21 iters/s

running (07m11.0s), 300/300 VUs, 10237 complete and 0 interrupted iterations
peak_restaurant_view   [  55% ] 300/300 VUs  07m10.5s/13m0s  084.66 iters/s

running (07m12.0s), 300/300 VUs, 10264 complete and 0 interrupted iterations
peak_restaurant_view   [  55% ] 300/300 VUs  07m11.5s/13m0s  085.10 iters/s

running (07m13.0s), 300/300 VUs, 10290 complete and 0 interrupted iterations
peak_restaurant_view   [  55% ] 300/300 VUs  07m12.5s/13m0s  085.55 iters/s

running (07m14.0s), 298/300 VUs, 10311 complete and 0 interrupted iterations
peak_restaurant_view   [  56% ] 298/300 VUs  07m13.5s/13m0s  085.99 iters/s

running (07m15.0s), 300/300 VUs, 10340 complete and 0 interrupted iterations
peak_restaurant_view   [  56% ] 300/300 VUs  07m14.5s/13m0s  086.44 iters/s

running (07m16.0s), 300/300 VUs, 10367 complete and 0 interrupted iterations
peak_restaurant_view   [  56% ] 300/300 VUs  07m15.5s/13m0s  086.88 iters/s

running (07m17.0s), 300/300 VUs, 10391 complete and 0 interrupted iterations
peak_restaurant_view   [  56% ] 300/300 VUs  07m16.5s/13m0s  087.32 iters/s

running (07m18.0s), 300/300 VUs, 10418 complete and 0 interrupted iterations
peak_restaurant_view   [  56% ] 300/300 VUs  07m17.5s/13m0s  087.77 iters/s

running (07m19.0s), 300/300 VUs, 10444 complete and 0 interrupted iterations
peak_restaurant_view   [  56% ] 300/300 VUs  07m18.5s/13m0s  088.21 iters/s

running (07m20.0s), 300/300 VUs, 10469 complete and 0 interrupted iterations
peak_restaurant_view   [  56% ] 300/300 VUs  07m19.5s/13m0s  088.66 iters/s

running (07m21.0s), 300/300 VUs, 10492 complete and 0 interrupted iterations
peak_restaurant_view   [  56% ] 300/300 VUs  07m20.5s/13m0s  089.10 iters/s

running (07m22.0s), 300/300 VUs, 10517 complete and 0 interrupted iterations
peak_restaurant_view   [  57% ] 300/300 VUs  07m21.5s/13m0s  089.55 iters/s

running (07m23.0s), 300/300 VUs, 10540 complete and 0 interrupted iterations
peak_restaurant_view   [  57% ] 300/300 VUs  07m22.5s/13m0s  089.99 iters/s

running (07m24.0s), 300/300 VUs, 10563 complete and 0 interrupted iterations
peak_restaurant_view   [  57% ] 300/300 VUs  07m23.5s/13m0s  090.44 iters/s

running (07m25.0s), 300/300 VUs, 10591 complete and 0 interrupted iterations
peak_restaurant_view   [  57% ] 300/300 VUs  07m24.5s/13m0s  090.88 iters/s

running (07m26.0s), 300/300 VUs, 10614 complete and 0 interrupted iterations
peak_restaurant_view   [  57% ] 300/300 VUs  07m25.5s/13m0s  091.32 iters/s

running (07m27.0s), 300/300 VUs, 10640 complete and 0 interrupted iterations
peak_restaurant_view   [  57% ] 300/300 VUs  07m26.5s/13m0s  091.77 iters/s

running (07m28.0s), 300/300 VUs, 10664 complete and 0 interrupted iterations
peak_restaurant_view   [  57% ] 300/300 VUs  07m27.5s/13m0s  092.21 iters/s

running (07m29.0s), 300/300 VUs, 10689 complete and 0 interrupted iterations
peak_restaurant_view   [  57% ] 300/300 VUs  07m28.5s/13m0s  092.66 iters/s

running (07m30.0s), 299/300 VUs, 10716 complete and 0 interrupted iterations
peak_restaurant_view   [  58% ] 299/300 VUs  07m29.5s/13m0s  093.10 iters/s

running (07m31.0s), 300/300 VUs, 10741 complete and 0 interrupted iterations
peak_restaurant_view   [  58% ] 300/300 VUs  07m30.5s/13m0s  093.55 iters/s

running (07m32.0s), 300/300 VUs, 10765 complete and 0 interrupted iterations
peak_restaurant_view   [  58% ] 300/300 VUs  07m31.5s/13m0s  093.99 iters/s

running (07m33.0s), 300/300 VUs, 10792 complete and 0 interrupted iterations
peak_restaurant_view   [  58% ] 300/300 VUs  07m32.5s/13m0s  094.44 iters/s

running (07m34.0s), 299/300 VUs, 10817 complete and 0 interrupted iterations
peak_restaurant_view   [  58% ] 299/300 VUs  07m33.5s/13m0s  094.88 iters/s

running (07m35.0s), 300/300 VUs, 10843 complete and 0 interrupted iterations
peak_restaurant_view   [  58% ] 300/300 VUs  07m34.5s/13m0s  095.32 iters/s

running (07m36.0s), 299/300 VUs, 10868 complete and 0 interrupted iterations
peak_restaurant_view   [  58% ] 299/300 VUs  07m35.5s/13m0s  095.77 iters/s

running (07m37.0s), 300/300 VUs, 10890 complete and 0 interrupted iterations
peak_restaurant_view   [  59% ] 300/300 VUs  07m36.5s/13m0s  096.22 iters/s

running (07m38.0s), 299/300 VUs, 10914 complete and 0 interrupted iterations
peak_restaurant_view   [  59% ] 299/300 VUs  07m37.5s/13m0s  096.66 iters/s

running (07m39.0s), 300/300 VUs, 10938 complete and 0 interrupted iterations
peak_restaurant_view   [  59% ] 300/300 VUs  07m38.5s/13m0s  097.10 iters/s

running (07m40.0s), 300/300 VUs, 10961 complete and 0 interrupted iterations
peak_restaurant_view   [  59% ] 300/300 VUs  07m39.5s/13m0s  097.55 iters/s

running (07m41.0s), 300/300 VUs, 10988 complete and 0 interrupted iterations
peak_restaurant_view   [  59% ] 300/300 VUs  07m40.5s/13m0s  097.99 iters/s

running (07m42.0s), 300/300 VUs, 11013 complete and 0 interrupted iterations
peak_restaurant_view   [  59% ] 300/300 VUs  07m41.5s/13m0s  098.44 iters/s

running (07m43.0s), 300/300 VUs, 11041 complete and 0 interrupted iterations
peak_restaurant_view   [  59% ] 300/300 VUs  07m42.5s/13m0s  098.88 iters/s

running (07m44.0s), 300/300 VUs, 11061 complete and 0 interrupted iterations
peak_restaurant_view   [  59% ] 300/300 VUs  07m43.5s/13m0s  099.32 iters/s

running (07m45.0s), 300/300 VUs, 11092 complete and 0 interrupted iterations
peak_restaurant_view   [  60% ] 300/300 VUs  07m44.5s/13m0s  099.77 iters/s

running (07m46.0s), 300/300 VUs, 11115 complete and 0 interrupted iterations
peak_restaurant_view   [  60% ] 300/300 VUs  07m45.5s/13m0s  100.22 iters/s

running (07m47.0s), 300/300 VUs, 11141 complete and 0 interrupted iterations
peak_restaurant_view   [  60% ] 300/300 VUs  07m46.5s/13m0s  100.66 iters/s

running (07m48.0s), 300/300 VUs, 11165 complete and 0 interrupted iterations
peak_restaurant_view   [  60% ] 300/300 VUs  07m47.5s/13m0s  101.10 iters/s

running (07m49.0s), 300/300 VUs, 11190 complete and 0 interrupted iterations
peak_restaurant_view   [  60% ] 300/300 VUs  07m48.5s/13m0s  101.55 iters/s

running (07m50.0s), 300/300 VUs, 11217 complete and 0 interrupted iterations
peak_restaurant_view   [  60% ] 300/300 VUs  07m49.5s/13m0s  101.99 iters/s

running (07m51.0s), 300/300 VUs, 11233 complete and 0 interrupted iterations
peak_restaurant_view   [  60% ] 300/300 VUs  07m50.5s/13m0s  102.43 iters/s

running (07m52.0s), 300/300 VUs, 11254 complete and 0 interrupted iterations
peak_restaurant_view   [  60% ] 300/300 VUs  07m51.5s/13m0s  102.88 iters/s

running (07m53.0s), 300/300 VUs, 11262 complete and 0 interrupted iterations
peak_restaurant_view   [  61% ] 300/300 VUs  07m52.5s/13m0s  103.32 iters/s

running (07m54.0s), 300/300 VUs, 11285 complete and 0 interrupted iterations
peak_restaurant_view   [  61% ] 300/300 VUs  07m53.5s/13m0s  103.77 iters/s

running (07m55.0s), 300/300 VUs, 11311 complete and 0 interrupted iterations
peak_restaurant_view   [  61% ] 300/300 VUs  07m54.5s/13m0s  104.22 iters/s

running (07m56.0s), 300/300 VUs, 11336 complete and 0 interrupted iterations
peak_restaurant_view   [  61% ] 300/300 VUs  07m55.5s/13m0s  104.66 iters/s

running (07m57.0s), 299/300 VUs, 11360 complete and 0 interrupted iterations
peak_restaurant_view   [  61% ] 299/300 VUs  07m56.5s/13m0s  105.10 iters/s

running (07m58.0s), 300/300 VUs, 11386 complete and 0 interrupted iterations
peak_restaurant_view   [  61% ] 300/300 VUs  07m57.5s/13m0s  105.55 iters/s

running (07m59.0s), 300/300 VUs, 11410 complete and 0 interrupted iterations
peak_restaurant_view   [  61% ] 300/300 VUs  07m58.5s/13m0s  105.99 iters/s

running (08m00.0s), 299/300 VUs, 11437 complete and 0 interrupted iterations
peak_restaurant_view   [  61% ] 299/300 VUs  07m59.5s/13m0s  106.44 iters/s

running (08m01.0s), 300/300 VUs, 11462 complete and 0 interrupted iterations
peak_restaurant_view   [  62% ] 300/300 VUs  08m00.5s/13m0s  106.88 iters/s

running (08m02.0s), 300/300 VUs, 11485 complete and 0 interrupted iterations
peak_restaurant_view   [  62% ] 300/300 VUs  08m01.5s/13m0s  107.33 iters/s

running (08m03.0s), 300/300 VUs, 11511 complete and 0 interrupted iterations
peak_restaurant_view   [  62% ] 300/300 VUs  08m02.5s/13m0s  107.77 iters/s

running (08m04.0s), 300/300 VUs, 11535 complete and 0 interrupted iterations
peak_restaurant_view   [  62% ] 300/300 VUs  08m03.5s/13m0s  108.22 iters/s

running (08m05.0s), 299/300 VUs, 11561 complete and 0 interrupted iterations
peak_restaurant_view   [  62% ] 299/300 VUs  08m04.5s/13m0s  108.66 iters/s

running (08m06.0s), 300/300 VUs, 11584 complete and 0 interrupted iterations
peak_restaurant_view   [  62% ] 300/300 VUs  08m05.5s/13m0s  109.10 iters/s

running (08m07.0s), 300/300 VUs, 11608 complete and 0 interrupted iterations
peak_restaurant_view   [  62% ] 300/300 VUs  08m06.5s/13m0s  109.55 iters/s

running (08m08.0s), 300/300 VUs, 11628 complete and 0 interrupted iterations
peak_restaurant_view   [  62% ] 300/300 VUs  08m07.5s/13m0s  109.99 iters/s

running (08m09.0s), 300/300 VUs, 11654 complete and 0 interrupted iterations
peak_restaurant_view   [  63% ] 300/300 VUs  08m08.5s/13m0s  110.44 iters/s

running (08m10.0s), 300/300 VUs, 11680 complete and 0 interrupted iterations
peak_restaurant_view   [  63% ] 300/300 VUs  08m09.5s/13m0s  110.88 iters/s

running (08m11.0s), 300/300 VUs, 11704 complete and 0 interrupted iterations
peak_restaurant_view   [  63% ] 300/300 VUs  08m10.5s/13m0s  111.33 iters/s

running (08m12.0s), 300/300 VUs, 11730 complete and 0 interrupted iterations
peak_restaurant_view   [  63% ] 300/300 VUs  08m11.5s/13m0s  111.77 iters/s

running (08m13.0s), 300/300 VUs, 11755 complete and 0 interrupted iterations
peak_restaurant_view   [  63% ] 300/300 VUs  08m12.5s/13m0s  112.22 iters/s

running (08m14.0s), 300/300 VUs, 11773 complete and 0 interrupted iterations
peak_restaurant_view   [  63% ] 300/300 VUs  08m13.5s/13m0s  112.66 iters/s

running (08m15.0s), 300/300 VUs, 11805 complete and 0 interrupted iterations
peak_restaurant_view   [  63% ] 300/300 VUs  08m14.5s/13m0s  113.10 iters/s

running (08m16.0s), 300/300 VUs, 11827 complete and 0 interrupted iterations
peak_restaurant_view   [  64% ] 300/300 VUs  08m15.5s/13m0s  113.55 iters/s

running (08m17.0s), 300/300 VUs, 11853 complete and 0 interrupted iterations
peak_restaurant_view   [  64% ] 300/300 VUs  08m16.5s/13m0s  113.99 iters/s

running (08m18.0s), 300/300 VUs, 11877 complete and 0 interrupted iterations
peak_restaurant_view   [  64% ] 300/300 VUs  08m17.5s/13m0s  114.44 iters/s

running (08m19.0s), 300/300 VUs, 11903 complete and 0 interrupted iterations
peak_restaurant_view   [  64% ] 300/300 VUs  08m18.5s/13m0s  114.88 iters/s

running (08m20.0s), 300/300 VUs, 11930 complete and 0 interrupted iterations
peak_restaurant_view   [  64% ] 300/300 VUs  08m19.5s/13m0s  115.33 iters/s

running (08m21.0s), 300/300 VUs, 11953 complete and 0 interrupted iterations
peak_restaurant_view   [  64% ] 300/300 VUs  08m20.5s/13m0s  115.77 iters/s

running (08m22.0s), 300/300 VUs, 11977 complete and 0 interrupted iterations
peak_restaurant_view   [  64% ] 300/300 VUs  08m21.5s/13m0s  116.21 iters/s

running (08m23.0s), 300/300 VUs, 11999 complete and 0 interrupted iterations
peak_restaurant_view   [  64% ] 300/300 VUs  08m22.5s/13m0s  116.66 iters/s

running (08m24.0s), 300/300 VUs, 12025 complete and 0 interrupted iterations
peak_restaurant_view   [  65% ] 300/300 VUs  08m23.5s/13m0s  117.10 iters/s

running (08m25.0s), 299/300 VUs, 12050 complete and 0 interrupted iterations
peak_restaurant_view   [  65% ] 299/300 VUs  08m24.5s/13m0s  117.55 iters/s

running (08m26.0s), 300/300 VUs, 12076 complete and 0 interrupted iterations
peak_restaurant_view   [  65% ] 300/300 VUs  08m25.5s/13m0s  117.99 iters/s

running (08m27.0s), 300/300 VUs, 12100 complete and 0 interrupted iterations
peak_restaurant_view   [  65% ] 300/300 VUs  08m26.5s/13m0s  118.44 iters/s

running (08m28.0s), 300/300 VUs, 12126 complete and 0 interrupted iterations
peak_restaurant_view   [  65% ] 300/300 VUs  08m27.5s/13m0s  118.88 iters/s

running (08m29.0s), 300/300 VUs, 12153 complete and 0 interrupted iterations
peak_restaurant_view   [  65% ] 300/300 VUs  08m28.5s/13m0s  119.33 iters/s

running (08m30.0s), 299/300 VUs, 12178 complete and 0 interrupted iterations
peak_restaurant_view   [  65% ] 299/300 VUs  08m29.5s/13m0s  119.77 iters/s

running (08m31.0s), 299/300 VUs, 12203 complete and 0 interrupted iterations
peak_restaurant_view   [  65% ] 299/300 VUs  08m30.5s/13m0s  120.21 iters/s

running (08m32.0s), 300/300 VUs, 12227 complete and 0 interrupted iterations
peak_restaurant_view   [  66% ] 300/300 VUs  08m31.5s/13m0s  120.66 iters/s

running (08m33.0s), 300/300 VUs, 12254 complete and 0 interrupted iterations
peak_restaurant_view   [  66% ] 300/300 VUs  08m32.5s/13m0s  121.10 iters/s

running (08m34.0s), 300/300 VUs, 12279 complete and 0 interrupted iterations
peak_restaurant_view   [  66% ] 300/300 VUs  08m33.5s/13m0s  121.55 iters/s

running (08m35.0s), 300/300 VUs, 12306 complete and 0 interrupted iterations
peak_restaurant_view   [  66% ] 300/300 VUs  08m34.5s/13m0s  121.99 iters/s

running (08m36.0s), 300/300 VUs, 12328 complete and 0 interrupted iterations
peak_restaurant_view   [  66% ] 300/300 VUs  08m35.5s/13m0s  122.44 iters/s

running (08m37.0s), 300/300 VUs, 12352 complete and 0 interrupted iterations
peak_restaurant_view   [  66% ] 300/300 VUs  08m36.5s/13m0s  122.88 iters/s

running (08m38.0s), 300/300 VUs, 12369 complete and 0 interrupted iterations
peak_restaurant_view   [  66% ] 300/300 VUs  08m37.5s/13m0s  123.33 iters/s

running (08m39.0s), 300/300 VUs, 12394 complete and 0 interrupted iterations
peak_restaurant_view   [  66% ] 300/300 VUs  08m38.5s/13m0s  123.77 iters/s

running (08m40.0s), 299/300 VUs, 12421 complete and 0 interrupted iterations
peak_restaurant_view   [  67% ] 299/300 VUs  08m39.5s/13m0s  124.21 iters/s

running (08m41.0s), 300/300 VUs, 12445 complete and 0 interrupted iterations
peak_restaurant_view   [  67% ] 300/300 VUs  08m40.5s/13m0s  124.66 iters/s

running (08m42.0s), 300/300 VUs, 12470 complete and 0 interrupted iterations
peak_restaurant_view   [  67% ] 300/300 VUs  08m41.5s/13m0s  125.10 iters/s

running (08m43.0s), 300/300 VUs, 12497 complete and 0 interrupted iterations
peak_restaurant_view   [  67% ] 300/300 VUs  08m42.5s/13m0s  125.55 iters/s

running (08m44.0s), 299/300 VUs, 12521 complete and 0 interrupted iterations
peak_restaurant_view   [  67% ] 299/300 VUs  08m43.5s/13m0s  125.99 iters/s

running (08m45.0s), 300/300 VUs, 12550 complete and 0 interrupted iterations
peak_restaurant_view   [  67% ] 300/300 VUs  08m44.5s/13m0s  126.44 iters/s

running (08m46.0s), 300/300 VUs, 12574 complete and 0 interrupted iterations
peak_restaurant_view   [  67% ] 300/300 VUs  08m45.5s/13m0s  126.88 iters/s

running (08m47.0s), 300/300 VUs, 12597 complete and 0 interrupted iterations
peak_restaurant_view   [  67% ] 300/300 VUs  08m46.5s/13m0s  127.33 iters/s

running (08m48.0s), 300/300 VUs, 12620 complete and 0 interrupted iterations
peak_restaurant_view   [  68% ] 300/300 VUs  08m47.5s/13m0s  127.77 iters/s

running (08m49.0s), 300/300 VUs, 12646 complete and 0 interrupted iterations
peak_restaurant_view   [  68% ] 300/300 VUs  08m48.5s/13m0s  128.21 iters/s

running (08m50.0s), 300/300 VUs, 12671 complete and 0 interrupted iterations
peak_restaurant_view   [  68% ] 300/300 VUs  08m49.5s/13m0s  128.66 iters/s

running (08m51.0s), 300/300 VUs, 12689 complete and 0 interrupted iterations
peak_restaurant_view   [  68% ] 300/300 VUs  08m50.5s/13m0s  129.10 iters/s

running (08m52.0s), 300/300 VUs, 12709 complete and 0 interrupted iterations
peak_restaurant_view   [  68% ] 300/300 VUs  08m51.5s/13m0s  129.55 iters/s

running (08m53.0s), 300/300 VUs, 12710 complete and 0 interrupted iterations
peak_restaurant_view   [  68% ] 300/300 VUs  08m52.5s/13m0s  129.99 iters/s

running (08m54.0s), 300/300 VUs, 12726 complete and 0 interrupted iterations
peak_restaurant_view   [  68% ] 300/300 VUs  08m53.5s/13m0s  130.44 iters/s

running (08m55.0s), 300/300 VUs, 12753 complete and 0 interrupted iterations
peak_restaurant_view   [  69% ] 300/300 VUs  08m54.5s/13m0s  130.88 iters/s

running (08m56.0s), 300/300 VUs, 12778 complete and 0 interrupted iterations
peak_restaurant_view   [  69% ] 300/300 VUs  08m55.5s/13m0s  131.33 iters/s

running (08m57.0s), 300/300 VUs, 12804 complete and 0 interrupted iterations
peak_restaurant_view   [  69% ] 300/300 VUs  08m56.5s/13m0s  131.77 iters/s

running (08m58.0s), 299/300 VUs, 12829 complete and 0 interrupted iterations
peak_restaurant_view   [  69% ] 299/300 VUs  08m57.5s/13m0s  132.21 iters/s

running (08m59.0s), 300/300 VUs, 12857 complete and 0 interrupted iterations
peak_restaurant_view   [  69% ] 300/300 VUs  08m58.5s/13m0s  132.66 iters/s

running (09m00.0s), 300/300 VUs, 12881 complete and 0 interrupted iterations
peak_restaurant_view   [  69% ] 300/300 VUs  08m59.5s/13m0s  133.10 iters/s

running (09m01.0s), 300/300 VUs, 12908 complete and 0 interrupted iterations
peak_restaurant_view   [  69% ] 300/300 VUs  09m00.5s/13m0s  133.55 iters/s

running (09m02.0s), 300/300 VUs, 12933 complete and 0 interrupted iterations
peak_restaurant_view   [  69% ] 300/300 VUs  09m01.5s/13m0s  133.99 iters/s

running (09m03.0s), 300/300 VUs, 12960 complete and 0 interrupted iterations
peak_restaurant_view   [  70% ] 300/300 VUs  09m02.5s/13m0s  134.44 iters/s

running (09m04.0s), 300/300 VUs, 12985 complete and 0 interrupted iterations
peak_restaurant_view   [  70% ] 300/300 VUs  09m03.5s/13m0s  134.88 iters/s

running (09m05.0s), 300/300 VUs, 13012 complete and 0 interrupted iterations
peak_restaurant_view   [  70% ] 300/300 VUs  09m04.5s/13m0s  135.33 iters/s

running (09m06.0s), 300/300 VUs, 13038 complete and 0 interrupted iterations
peak_restaurant_view   [  70% ] 300/300 VUs  09m05.5s/13m0s  135.77 iters/s

running (09m07.0s), 300/300 VUs, 13063 complete and 0 interrupted iterations
peak_restaurant_view   [  70% ] 300/300 VUs  09m06.5s/13m0s  136.21 iters/s

running (09m08.0s), 300/300 VUs, 13086 complete and 0 interrupted iterations
peak_restaurant_view   [  70% ] 300/300 VUs  09m07.5s/13m0s  136.66 iters/s

running (09m09.0s), 300/300 VUs, 13112 complete and 0 interrupted iterations
peak_restaurant_view   [  70% ] 300/300 VUs  09m08.5s/13m0s  137.10 iters/s

running (09m10.0s), 300/300 VUs, 13138 complete and 0 interrupted iterations
peak_restaurant_view   [  70% ] 300/300 VUs  09m09.5s/13m0s  137.55 iters/s

running (09m11.0s), 300/300 VUs, 13163 complete and 0 interrupted iterations
peak_restaurant_view   [  71% ] 300/300 VUs  09m10.5s/13m0s  137.99 iters/s

running (09m12.0s), 300/300 VUs, 13188 complete and 0 interrupted iterations
peak_restaurant_view   [  71% ] 300/300 VUs  09m11.5s/13m0s  138.44 iters/s

running (09m13.0s), 300/300 VUs, 13212 complete and 0 interrupted iterations
peak_restaurant_view   [  71% ] 300/300 VUs  09m12.5s/13m0s  138.88 iters/s

running (09m14.0s), 300/300 VUs, 13235 complete and 0 interrupted iterations
peak_restaurant_view   [  71% ] 300/300 VUs  09m13.5s/13m0s  139.33 iters/s

running (09m15.0s), 300/300 VUs, 13266 complete and 0 interrupted iterations
peak_restaurant_view   [  71% ] 300/300 VUs  09m14.5s/13m0s  139.77 iters/s

running (09m16.0s), 300/300 VUs, 13291 complete and 0 interrupted iterations
peak_restaurant_view   [  71% ] 300/300 VUs  09m15.5s/13m0s  140.21 iters/s

running (09m17.0s), 300/300 VUs, 13316 complete and 0 interrupted iterations
peak_restaurant_view   [  71% ] 300/300 VUs  09m16.5s/13m0s  140.66 iters/s

running (09m18.0s), 300/300 VUs, 13340 complete and 0 interrupted iterations
peak_restaurant_view   [  71% ] 300/300 VUs  09m17.5s/13m0s  141.11 iters/s

running (09m19.0s), 300/300 VUs, 13366 complete and 0 interrupted iterations
peak_restaurant_view   [  72% ] 300/300 VUs  09m18.5s/13m0s  141.55 iters/s

running (09m20.0s), 300/300 VUs, 13391 complete and 0 interrupted iterations
peak_restaurant_view   [  72% ] 300/300 VUs  09m19.5s/13m0s  141.99 iters/s

running (09m21.0s), 300/300 VUs, 13416 complete and 0 interrupted iterations
peak_restaurant_view   [  72% ] 300/300 VUs  09m20.5s/13m0s  142.44 iters/s

running (09m22.0s), 299/300 VUs, 13440 complete and 0 interrupted iterations
peak_restaurant_view   [  72% ] 299/300 VUs  09m21.5s/13m0s  142.88 iters/s

running (09m23.0s), 299/300 VUs, 13463 complete and 0 interrupted iterations
peak_restaurant_view   [  72% ] 299/300 VUs  09m22.5s/13m0s  143.32 iters/s

running (09m24.0s), 300/300 VUs, 13488 complete and 0 interrupted iterations
peak_restaurant_view   [  72% ] 300/300 VUs  09m23.5s/13m0s  143.77 iters/s

running (09m25.0s), 300/300 VUs, 13513 complete and 0 interrupted iterations
peak_restaurant_view   [  72% ] 300/300 VUs  09m24.5s/13m0s  144.21 iters/s

running (09m26.0s), 300/300 VUs, 13539 complete and 0 interrupted iterations
peak_restaurant_view   [  72% ] 300/300 VUs  09m25.5s/13m0s  144.66 iters/s

running (09m27.0s), 300/300 VUs, 13564 complete and 0 interrupted iterations
peak_restaurant_view   [  73% ] 300/300 VUs  09m26.5s/13m0s  145.10 iters/s

running (09m28.0s), 300/300 VUs, 13590 complete and 0 interrupted iterations
peak_restaurant_view   [  73% ] 300/300 VUs  09m27.5s/13m0s  145.55 iters/s

running (09m29.0s), 300/300 VUs, 13616 complete and 0 interrupted iterations
peak_restaurant_view   [  73% ] 300/300 VUs  09m28.5s/13m0s  145.99 iters/s

running (09m30.0s), 300/300 VUs, 13639 complete and 0 interrupted iterations
peak_restaurant_view   [  73% ] 300/300 VUs  09m29.5s/13m0s  146.44 iters/s

running (09m31.0s), 300/300 VUs, 13667 complete and 0 interrupted iterations
peak_restaurant_view   [  73% ] 300/300 VUs  09m30.5s/13m0s  146.88 iters/s

running (09m32.0s), 300/300 VUs, 13692 complete and 0 interrupted iterations
peak_restaurant_view   [  73% ] 300/300 VUs  09m31.5s/13m0s  147.32 iters/s

running (09m33.0s), 300/300 VUs, 13718 complete and 0 interrupted iterations
peak_restaurant_view   [  73% ] 300/300 VUs  09m32.5s/13m0s  147.77 iters/s

running (09m34.0s), 300/300 VUs, 13743 complete and 0 interrupted iterations
peak_restaurant_view   [  74% ] 300/300 VUs  09m33.5s/13m0s  148.21 iters/s

running (09m35.0s), 300/300 VUs, 13769 complete and 0 interrupted iterations
peak_restaurant_view   [  74% ] 300/300 VUs  09m34.5s/13m0s  148.66 iters/s

running (09m36.0s), 300/300 VUs, 13793 complete and 0 interrupted iterations
peak_restaurant_view   [  74% ] 300/300 VUs  09m35.5s/13m0s  149.10 iters/s

running (09m37.0s), 300/300 VUs, 13820 complete and 0 interrupted iterations
peak_restaurant_view   [  74% ] 300/300 VUs  09m36.5s/13m0s  149.55 iters/s

running (09m38.0s), 299/300 VUs, 13843 complete and 0 interrupted iterations
peak_restaurant_view   [  74% ] 299/300 VUs  09m37.5s/13m0s  149.99 iters/s

running (09m39.0s), 300/300 VUs, 13867 complete and 0 interrupted iterations
peak_restaurant_view   [  74% ] 300/300 VUs  09m38.5s/13m0s  150.44 iters/s

running (09m40.0s), 300/300 VUs, 13894 complete and 0 interrupted iterations
peak_restaurant_view   [  74% ] 300/300 VUs  09m39.5s/13m0s  150.88 iters/s

running (09m41.0s), 300/300 VUs, 13920 complete and 0 interrupted iterations
peak_restaurant_view   [  74% ] 300/300 VUs  09m40.5s/13m0s  151.32 iters/s

running (09m42.0s), 300/300 VUs, 13945 complete and 0 interrupted iterations
peak_restaurant_view   [  75% ] 300/300 VUs  09m41.5s/13m0s  151.77 iters/s

running (09m43.0s), 300/300 VUs, 13971 complete and 0 interrupted iterations
peak_restaurant_view   [  75% ] 300/300 VUs  09m42.5s/13m0s  152.21 iters/s

running (09m44.0s), 300/300 VUs, 13998 complete and 0 interrupted iterations
peak_restaurant_view   [  75% ] 300/300 VUs  09m43.5s/13m0s  152.66 iters/s

running (09m45.0s), 300/300 VUs, 14022 complete and 0 interrupted iterations
peak_restaurant_view   [  75% ] 300/300 VUs  09m44.5s/13m0s  153.10 iters/s

running (09m46.0s), 300/300 VUs, 14048 complete and 0 interrupted iterations
peak_restaurant_view   [  75% ] 300/300 VUs  09m45.5s/13m0s  153.55 iters/s

running (09m47.0s), 300/300 VUs, 14075 complete and 0 interrupted iterations
peak_restaurant_view   [  75% ] 300/300 VUs  09m46.5s/13m0s  153.99 iters/s

running (09m48.0s), 300/300 VUs, 14101 complete and 0 interrupted iterations
peak_restaurant_view   [  75% ] 300/300 VUs  09m47.5s/13m0s  154.44 iters/s

running (09m49.0s), 300/300 VUs, 14126 complete and 0 interrupted iterations
peak_restaurant_view   [  75% ] 300/300 VUs  09m48.5s/13m0s  154.88 iters/s

running (09m50.0s), 300/300 VUs, 14151 complete and 0 interrupted iterations
peak_restaurant_view   [  76% ] 300/300 VUs  09m49.5s/13m0s  155.32 iters/s

running (09m51.0s), 300/300 VUs, 14169 complete and 0 interrupted iterations
peak_restaurant_view   [  76% ] 300/300 VUs  09m50.5s/13m0s  155.77 iters/s

running (09m52.0s), 300/300 VUs, 14190 complete and 0 interrupted iterations
peak_restaurant_view   [  76% ] 300/300 VUs  09m51.5s/13m0s  156.21 iters/s

running (09m53.0s), 300/300 VUs, 14195 complete and 0 interrupted iterations
peak_restaurant_view   [  76% ] 300/300 VUs  09m52.5s/13m0s  156.66 iters/s

running (09m54.0s), 300/300 VUs, 14221 complete and 0 interrupted iterations
peak_restaurant_view   [  76% ] 300/300 VUs  09m53.5s/13m0s  157.10 iters/s

running (09m55.0s), 300/300 VUs, 14248 complete and 0 interrupted iterations
peak_restaurant_view   [  76% ] 300/300 VUs  09m54.5s/13m0s  157.55 iters/s

running (09m56.0s), 300/300 VUs, 14272 complete and 0 interrupted iterations
peak_restaurant_view   [  76% ] 300/300 VUs  09m55.5s/13m0s  157.99 iters/s

running (09m57.0s), 300/300 VUs, 14297 complete and 0 interrupted iterations
peak_restaurant_view   [  76% ] 300/300 VUs  09m56.5s/13m0s  158.44 iters/s

running (09m58.0s), 300/300 VUs, 14323 complete and 0 interrupted iterations
peak_restaurant_view   [  77% ] 300/300 VUs  09m57.5s/13m0s  158.88 iters/s

running (09m59.0s), 300/300 VUs, 14345 complete and 0 interrupted iterations
peak_restaurant_view   [  77% ] 300/300 VUs  09m58.5s/13m0s  159.32 iters/s

running (10m00.0s), 300/300 VUs, 14371 complete and 0 interrupted iterations
peak_restaurant_view   [  77% ] 300/300 VUs  09m59.5s/13m0s  159.77 iters/s

running (10m01.0s), 300/300 VUs, 14398 complete and 0 interrupted iterations
peak_restaurant_view   [  77% ] 300/300 VUs  10m00.5s/13m0s  160.43 iters/s

running (10m02.0s), 300/300 VUs, 14424 complete and 0 interrupted iterations
peak_restaurant_view   [  77% ] 300/300 VUs  10m01.5s/13m0s  161.32 iters/s

running (10m03.0s), 300/300 VUs, 14449 complete and 0 interrupted iterations
peak_restaurant_view   [  77% ] 300/300 VUs  10m02.5s/13m0s  162.21 iters/s

running (10m04.0s), 300/300 VUs, 14475 complete and 0 interrupted iterations
peak_restaurant_view   [  77% ] 300/300 VUs  10m03.5s/13m0s  163.10 iters/s

running (10m05.0s), 298/300 VUs, 14501 complete and 0 interrupted iterations
peak_restaurant_view   [  77% ] 298/300 VUs  10m04.5s/13m0s  163.99 iters/s

running (10m06.0s), 300/300 VUs, 14523 complete and 0 interrupted iterations
peak_restaurant_view   [  78% ] 300/300 VUs  10m05.5s/13m0s  164.87 iters/s

running (10m07.0s), 300/300 VUs, 14550 complete and 0 interrupted iterations
peak_restaurant_view   [  78% ] 300/300 VUs  10m06.5s/13m0s  165.76 iters/s

running (10m08.0s), 299/300 VUs, 14574 complete and 0 interrupted iterations
peak_restaurant_view   [  78% ] 299/300 VUs  10m07.5s/13m0s  166.65 iters/s

running (10m09.0s), 300/300 VUs, 14597 complete and 0 interrupted iterations
peak_restaurant_view   [  78% ] 300/300 VUs  10m08.5s/13m0s  167.54 iters/s

running (10m10.0s), 300/300 VUs, 14624 complete and 0 interrupted iterations
peak_restaurant_view   [  78% ] 300/300 VUs  10m09.5s/13m0s  168.43 iters/s

running (10m11.0s), 300/300 VUs, 14649 complete and 0 interrupted iterations
peak_restaurant_view   [  78% ] 300/300 VUs  10m10.5s/13m0s  169.32 iters/s

running (10m12.0s), 299/300 VUs, 14676 complete and 0 interrupted iterations
peak_restaurant_view   [  78% ] 299/300 VUs  10m11.5s/13m0s  170.21 iters/s

running (10m13.0s), 300/300 VUs, 14701 complete and 0 interrupted iterations
peak_restaurant_view   [  79% ] 300/300 VUs  10m12.5s/13m0s  171.10 iters/s

running (10m14.0s), 300/300 VUs, 14721 complete and 0 interrupted iterations
peak_restaurant_view   [  79% ] 300/300 VUs  10m13.5s/13m0s  171.99 iters/s

running (10m15.0s), 300/300 VUs, 14755 complete and 0 interrupted iterations
peak_restaurant_view   [  79% ] 300/300 VUs  10m14.5s/13m0s  172.87 iters/s

running (10m16.0s), 300/300 VUs, 14777 complete and 0 interrupted iterations
peak_restaurant_view   [  79% ] 300/300 VUs  10m15.5s/13m0s  173.76 iters/s

running (10m17.0s), 300/300 VUs, 14797 complete and 0 interrupted iterations
peak_restaurant_view   [  79% ] 300/300 VUs  10m16.5s/13m0s  174.65 iters/s

running (10m18.0s), 299/300 VUs, 14823 complete and 0 interrupted iterations
peak_restaurant_view   [  79% ] 299/300 VUs  10m17.5s/13m0s  175.54 iters/s

running (10m19.0s), 300/300 VUs, 14848 complete and 0 interrupted iterations
peak_restaurant_view   [  79% ] 300/300 VUs  10m18.5s/13m0s  176.43 iters/s

running (10m20.0s), 300/300 VUs, 14873 complete and 0 interrupted iterations
peak_restaurant_view   [  79% ] 300/300 VUs  10m19.5s/13m0s  177.32 iters/s

running (10m21.0s), 300/300 VUs, 14897 complete and 0 interrupted iterations
peak_restaurant_view   [  80% ] 300/300 VUs  10m20.5s/13m0s  178.21 iters/s

running (10m22.0s), 300/300 VUs, 14920 complete and 0 interrupted iterations
peak_restaurant_view   [  80% ] 300/300 VUs  10m21.5s/13m0s  179.10 iters/s

running (10m23.0s), 300/300 VUs, 14941 complete and 0 interrupted iterations
peak_restaurant_view   [  80% ] 300/300 VUs  10m22.5s/13m0s  179.98 iters/s

running (10m24.0s), 300/300 VUs, 14967 complete and 0 interrupted iterations
peak_restaurant_view   [  80% ] 300/300 VUs  10m23.5s/13m0s  180.87 iters/s

running (10m25.0s), 300/300 VUs, 14994 complete and 0 interrupted iterations
peak_restaurant_view   [  80% ] 300/300 VUs  10m24.5s/13m0s  181.76 iters/s

running (10m26.0s), 299/300 VUs, 15018 complete and 0 interrupted iterations
peak_restaurant_view   [  80% ] 299/300 VUs  10m25.5s/13m0s  182.65 iters/s

running (10m27.0s), 300/300 VUs, 15045 complete and 0 interrupted iterations
peak_restaurant_view   [  80% ] 300/300 VUs  10m26.5s/13m0s  183.54 iters/s

running (10m28.0s), 300/300 VUs, 15069 complete and 0 interrupted iterations
peak_restaurant_view   [  80% ] 300/300 VUs  10m27.5s/13m0s  184.43 iters/s

running (10m29.0s), 300/300 VUs, 15093 complete and 0 interrupted iterations
peak_restaurant_view   [  81% ] 300/300 VUs  10m28.5s/13m0s  185.32 iters/s

running (10m30.0s), 300/300 VUs, 15121 complete and 0 interrupted iterations
peak_restaurant_view   [  81% ] 300/300 VUs  10m29.5s/13m0s  186.21 iters/s

running (10m31.0s), 300/300 VUs, 15147 complete and 0 interrupted iterations
peak_restaurant_view   [  81% ] 300/300 VUs  10m30.5s/13m0s  187.10 iters/s

running (10m32.0s), 300/300 VUs, 15174 complete and 0 interrupted iterations
peak_restaurant_view   [  81% ] 300/300 VUs  10m31.5s/13m0s  187.98 iters/s

running (10m33.0s), 300/300 VUs, 15199 complete and 0 interrupted iterations
peak_restaurant_view   [  81% ] 300/300 VUs  10m32.5s/13m0s  188.88 iters/s

running (10m34.0s), 300/300 VUs, 15223 complete and 0 interrupted iterations
peak_restaurant_view   [  81% ] 300/300 VUs  10m33.5s/13m0s  189.76 iters/s

running (10m35.0s), 300/300 VUs, 15252 complete and 0 interrupted iterations
peak_restaurant_view   [  81% ] 300/300 VUs  10m34.5s/13m0s  190.65 iters/s

running (10m36.0s), 300/300 VUs, 15275 complete and 0 interrupted iterations
peak_restaurant_view   [  81% ] 300/300 VUs  10m35.5s/13m0s  191.54 iters/s

running (10m37.0s), 300/300 VUs, 15296 complete and 0 interrupted iterations
peak_restaurant_view   [  82% ] 300/300 VUs  10m36.5s/13m0s  192.43 iters/s

running (10m38.0s), 300/300 VUs, 15318 complete and 0 interrupted iterations
peak_restaurant_view   [  82% ] 300/300 VUs  10m37.5s/13m0s  193.32 iters/s

running (10m39.0s), 300/300 VUs, 15345 complete and 0 interrupted iterations
peak_restaurant_view   [  82% ] 300/300 VUs  10m38.5s/13m0s  194.21 iters/s

running (10m40.0s), 300/300 VUs, 15371 complete and 0 interrupted iterations
peak_restaurant_view   [  82% ] 300/300 VUs  10m39.5s/13m0s  195.10 iters/s

running (10m41.0s), 300/300 VUs, 15395 complete and 0 interrupted iterations
peak_restaurant_view   [  82% ] 300/300 VUs  10m40.5s/13m0s  195.98 iters/s

running (10m42.0s), 300/300 VUs, 15420 complete and 0 interrupted iterations
peak_restaurant_view   [  82% ] 300/300 VUs  10m41.5s/13m0s  196.88 iters/s

running (10m43.0s), 300/300 VUs, 15446 complete and 0 interrupted iterations
peak_restaurant_view   [  82% ] 300/300 VUs  10m42.5s/13m0s  197.76 iters/s

running (10m44.0s), 298/300 VUs, 15471 complete and 0 interrupted iterations
peak_restaurant_view   [  82% ] 298/300 VUs  10m43.5s/13m0s  198.65 iters/s

running (10m45.0s), 299/300 VUs, 15497 complete and 0 interrupted iterations
peak_restaurant_view   [  83% ] 299/300 VUs  10m44.5s/13m0s  199.54 iters/s

running (10m46.0s), 300/300 VUs, 15524 complete and 0 interrupted iterations
peak_restaurant_view   [  83% ] 300/300 VUs  10m45.5s/13m0s  200.43 iters/s

running (10m47.0s), 300/300 VUs, 15550 complete and 0 interrupted iterations
peak_restaurant_view   [  83% ] 300/300 VUs  10m46.5s/13m0s  201.32 iters/s

running (10m48.0s), 300/300 VUs, 15578 complete and 0 interrupted iterations
peak_restaurant_view   [  83% ] 300/300 VUs  10m47.5s/13m0s  202.21 iters/s

running (10m49.0s), 300/300 VUs, 15600 complete and 0 interrupted iterations
peak_restaurant_view   [  83% ] 300/300 VUs  10m48.5s/13m0s  203.09 iters/s

running (10m50.0s), 300/300 VUs, 15627 complete and 0 interrupted iterations
peak_restaurant_view   [  83% ] 300/300 VUs  10m49.5s/13m0s  203.98 iters/s

running (10m51.0s), 300/300 VUs, 15644 complete and 0 interrupted iterations
peak_restaurant_view   [  83% ] 300/300 VUs  10m50.5s/13m0s  204.87 iters/s

running (10m52.0s), 300/300 VUs, 15664 complete and 0 interrupted iterations
peak_restaurant_view   [  84% ] 300/300 VUs  10m51.5s/13m0s  205.76 iters/s

running (10m53.0s), 300/300 VUs, 15668 complete and 0 interrupted iterations
peak_restaurant_view   [  84% ] 300/300 VUs  10m52.5s/13m0s  206.65 iters/s

running (10m54.0s), 300/300 VUs, 15692 complete and 0 interrupted iterations
peak_restaurant_view   [  84% ] 300/300 VUs  10m53.5s/13m0s  207.54 iters/s

running (10m55.0s), 300/300 VUs, 15719 complete and 0 interrupted iterations
peak_restaurant_view   [  84% ] 300/300 VUs  10m54.5s/13m0s  208.43 iters/s

running (10m56.0s), 300/300 VUs, 15741 complete and 0 interrupted iterations
peak_restaurant_view   [  84% ] 300/300 VUs  10m55.5s/13m0s  209.32 iters/s

running (10m57.0s), 300/300 VUs, 15767 complete and 0 interrupted iterations
peak_restaurant_view   [  84% ] 300/300 VUs  10m56.5s/13m0s  210.21 iters/s

running (10m58.0s), 300/300 VUs, 15794 complete and 0 interrupted iterations
peak_restaurant_view   [  84% ] 300/300 VUs  10m57.5s/13m0s  211.09 iters/s

running (10m59.0s), 300/300 VUs, 15818 complete and 0 interrupted iterations
peak_restaurant_view   [  84% ] 300/300 VUs  10m58.5s/13m0s  211.99 iters/s

running (11m00.0s), 300/300 VUs, 15844 complete and 0 interrupted iterations
peak_restaurant_view   [  85% ] 300/300 VUs  10m59.5s/13m0s  212.87 iters/s

running (11m01.0s), 300/300 VUs, 15869 complete and 0 interrupted iterations
peak_restaurant_view   [  85% ] 300/300 VUs  11m00.5s/13m0s  213.76 iters/s

running (11m02.0s), 300/300 VUs, 15897 complete and 0 interrupted iterations
peak_restaurant_view   [  85% ] 300/300 VUs  11m01.5s/13m0s  214.65 iters/s

running (11m03.0s), 300/300 VUs, 15920 complete and 0 interrupted iterations
peak_restaurant_view   [  85% ] 300/300 VUs  11m02.5s/13m0s  215.54 iters/s

running (11m04.0s), 299/300 VUs, 15947 complete and 0 interrupted iterations
peak_restaurant_view   [  85% ] 299/300 VUs  11m03.5s/13m0s  216.43 iters/s

running (11m05.0s), 300/300 VUs, 15972 complete and 0 interrupted iterations
peak_restaurant_view   [  85% ] 300/300 VUs  11m04.5s/13m0s  217.32 iters/s

running (11m06.0s), 299/300 VUs, 15996 complete and 0 interrupted iterations
peak_restaurant_view   [  85% ] 299/300 VUs  11m05.5s/13m0s  218.20 iters/s

running (11m07.0s), 300/300 VUs, 16024 complete and 0 interrupted iterations
peak_restaurant_view   [  85% ] 300/300 VUs  11m06.5s/13m0s  219.10 iters/s

running (11m08.0s), 300/300 VUs, 16046 complete and 0 interrupted iterations
peak_restaurant_view   [  86% ] 300/300 VUs  11m07.5s/13m0s  219.99 iters/s

running (11m09.0s), 300/300 VUs, 16070 complete and 0 interrupted iterations
peak_restaurant_view   [  86% ] 300/300 VUs  11m08.5s/13m0s  220.87 iters/s

running (11m10.0s), 300/300 VUs, 16099 complete and 0 interrupted iterations
peak_restaurant_view   [  86% ] 300/300 VUs  11m09.5s/13m0s  221.76 iters/s

running (11m11.0s), 300/300 VUs, 16123 complete and 0 interrupted iterations
peak_restaurant_view   [  86% ] 300/300 VUs  11m10.5s/13m0s  222.65 iters/s

running (11m12.0s), 300/300 VUs, 16150 complete and 0 interrupted iterations
peak_restaurant_view   [  86% ] 300/300 VUs  11m11.5s/13m0s  223.54 iters/s

running (11m13.0s), 300/300 VUs, 16175 complete and 0 interrupted iterations
peak_restaurant_view   [  86% ] 300/300 VUs  11m12.5s/13m0s  224.43 iters/s

running (11m14.0s), 300/300 VUs, 16199 complete and 0 interrupted iterations
peak_restaurant_view   [  86% ] 300/300 VUs  11m13.5s/13m0s  225.32 iters/s

running (11m15.0s), 300/300 VUs, 16225 complete and 0 interrupted iterations
peak_restaurant_view   [  86% ] 300/300 VUs  11m14.5s/13m0s  226.21 iters/s

running (11m16.0s), 300/300 VUs, 16252 complete and 0 interrupted iterations
peak_restaurant_view   [  87% ] 300/300 VUs  11m15.5s/13m0s  227.10 iters/s

running (11m17.0s), 300/300 VUs, 16278 complete and 0 interrupted iterations
peak_restaurant_view   [  87% ] 300/300 VUs  11m16.5s/13m0s  227.99 iters/s

running (11m18.0s), 300/300 VUs, 16301 complete and 0 interrupted iterations
peak_restaurant_view   [  87% ] 300/300 VUs  11m17.5s/13m0s  228.87 iters/s

running (11m19.0s), 300/300 VUs, 16328 complete and 0 interrupted iterations
peak_restaurant_view   [  87% ] 300/300 VUs  11m18.5s/13m0s  229.76 iters/s

running (11m20.0s), 300/300 VUs, 16354 complete and 0 interrupted iterations
peak_restaurant_view   [  87% ] 300/300 VUs  11m19.5s/13m0s  230.65 iters/s

running (11m21.0s), 300/300 VUs, 16382 complete and 0 interrupted iterations
peak_restaurant_view   [  87% ] 300/300 VUs  11m20.5s/13m0s  231.54 iters/s

running (11m22.0s), 300/300 VUs, 16405 complete and 0 interrupted iterations
peak_restaurant_view   [  87% ] 300/300 VUs  11m21.5s/13m0s  232.43 iters/s

running (11m23.0s), 300/300 VUs, 16425 complete and 0 interrupted iterations
peak_restaurant_view   [  87% ] 300/300 VUs  11m22.5s/13m0s  233.32 iters/s

running (11m24.0s), 300/300 VUs, 16449 complete and 0 interrupted iterations
peak_restaurant_view   [  88% ] 300/300 VUs  11m23.5s/13m0s  234.21 iters/s

running (11m25.0s), 300/300 VUs, 16475 complete and 0 interrupted iterations
peak_restaurant_view   [  88% ] 300/300 VUs  11m24.5s/13m0s  235.10 iters/s

running (11m26.0s), 300/300 VUs, 16499 complete and 0 interrupted iterations
peak_restaurant_view   [  88% ] 300/300 VUs  11m25.5s/13m0s  235.98 iters/s

running (11m27.0s), 300/300 VUs, 16523 complete and 0 interrupted iterations
peak_restaurant_view   [  88% ] 300/300 VUs  11m26.5s/13m0s  236.87 iters/s

running (11m28.0s), 300/300 VUs, 16551 complete and 0 interrupted iterations
peak_restaurant_view   [  88% ] 300/300 VUs  11m27.5s/13m0s  237.76 iters/s

running (11m29.0s), 300/300 VUs, 16574 complete and 0 interrupted iterations
peak_restaurant_view   [  88% ] 300/300 VUs  11m28.5s/13m0s  238.65 iters/s

running (11m30.0s), 300/300 VUs, 16604 complete and 0 interrupted iterations
peak_restaurant_view   [  88% ] 300/300 VUs  11m29.5s/13m0s  239.54 iters/s

running (11m31.0s), 300/300 VUs, 16628 complete and 0 interrupted iterations
peak_restaurant_view   [  89% ] 300/300 VUs  11m30.5s/13m0s  240.43 iters/s

running (11m32.0s), 300/300 VUs, 16657 complete and 0 interrupted iterations
peak_restaurant_view   [  89% ] 300/300 VUs  11m31.5s/13m0s  241.32 iters/s

running (11m33.0s), 300/300 VUs, 16679 complete and 0 interrupted iterations
peak_restaurant_view   [  89% ] 300/300 VUs  11m32.5s/13m0s  242.21 iters/s

running (11m34.0s), 300/300 VUs, 16705 complete and 0 interrupted iterations
peak_restaurant_view   [  89% ] 300/300 VUs  11m33.5s/13m0s  243.10 iters/s

running (11m35.0s), 300/300 VUs, 16732 complete and 0 interrupted iterations
peak_restaurant_view   [  89% ] 300/300 VUs  11m34.5s/13m0s  243.98 iters/s

running (11m36.0s), 300/300 VUs, 16756 complete and 0 interrupted iterations
peak_restaurant_view   [  89% ] 300/300 VUs  11m35.5s/13m0s  244.87 iters/s

running (11m37.0s), 300/300 VUs, 16782 complete and 0 interrupted iterations
peak_restaurant_view   [  89% ] 300/300 VUs  11m36.5s/13m0s  245.76 iters/s

running (11m38.0s), 300/300 VUs, 16802 complete and 0 interrupted iterations
peak_restaurant_view   [  89% ] 300/300 VUs  11m37.5s/13m0s  246.65 iters/s

running (11m39.0s), 300/300 VUs, 16827 complete and 0 interrupted iterations
peak_restaurant_view   [  90% ] 300/300 VUs  11m38.5s/13m0s  247.54 iters/s

running (11m40.0s), 300/300 VUs, 16853 complete and 0 interrupted iterations
peak_restaurant_view   [  90% ] 300/300 VUs  11m39.5s/13m0s  248.43 iters/s

running (11m41.0s), 300/300 VUs, 16876 complete and 0 interrupted iterations
peak_restaurant_view   [  90% ] 300/300 VUs  11m40.5s/13m0s  249.32 iters/s

running (11m42.0s), 300/300 VUs, 16905 complete and 0 interrupted iterations
peak_restaurant_view   [  90% ] 300/300 VUs  11m41.5s/13m0s  250.21 iters/s

running (11m43.0s), 300/300 VUs, 16928 complete and 0 interrupted iterations
peak_restaurant_view   [  90% ] 300/300 VUs  11m42.5s/13m0s  251.09 iters/s

running (11m44.0s), 300/300 VUs, 16954 complete and 0 interrupted iterations
peak_restaurant_view   [  90% ] 300/300 VUs  11m43.5s/13m0s  251.98 iters/s

running (11m45.0s), 300/300 VUs, 16980 complete and 0 interrupted iterations
peak_restaurant_view   [  90% ] 300/300 VUs  11m44.5s/13m0s  252.87 iters/s

running (11m46.0s), 300/300 VUs, 17006 complete and 0 interrupted iterations
peak_restaurant_view   [  90% ] 300/300 VUs  11m45.5s/13m0s  253.76 iters/s

running (11m47.0s), 300/300 VUs, 17032 complete and 0 interrupted iterations
peak_restaurant_view   [  91% ] 300/300 VUs  11m46.5s/13m0s  254.65 iters/s

running (11m48.0s), 300/300 VUs, 17056 complete and 0 interrupted iterations
peak_restaurant_view   [  91% ] 300/300 VUs  11m47.5s/13m0s  255.54 iters/s

running (11m49.0s), 300/300 VUs, 17085 complete and 0 interrupted iterations
peak_restaurant_view   [  91% ] 300/300 VUs  11m48.5s/13m0s  256.43 iters/s

running (11m50.0s), 300/300 VUs, 17110 complete and 0 interrupted iterations
peak_restaurant_view   [  91% ] 300/300 VUs  11m49.5s/13m0s  257.32 iters/s

running (11m51.0s), 300/300 VUs, 17126 complete and 0 interrupted iterations
peak_restaurant_view   [  91% ] 300/300 VUs  11m50.5s/13m0s  258.21 iters/s

running (11m52.0s), 300/300 VUs, 17147 complete and 0 interrupted iterations
peak_restaurant_view   [  91% ] 300/300 VUs  11m51.5s/13m0s  259.09 iters/s

running (11m53.0s), 300/300 VUs, 17157 complete and 0 interrupted iterations
peak_restaurant_view   [  91% ] 300/300 VUs  11m52.5s/13m0s  259.98 iters/s

running (11m54.0s), 300/300 VUs, 17180 complete and 0 interrupted iterations
peak_restaurant_view   [  91% ] 300/300 VUs  11m53.5s/13m0s  260.87 iters/s

running (11m55.0s), 300/300 VUs, 17205 complete and 0 interrupted iterations
peak_restaurant_view   [  92% ] 300/300 VUs  11m54.5s/13m0s  261.76 iters/s

running (11m56.0s), 300/300 VUs, 17228 complete and 0 interrupted iterations
peak_restaurant_view   [  92% ] 300/300 VUs  11m55.5s/13m0s  262.65 iters/s

running (11m57.0s), 300/300 VUs, 17253 complete and 0 interrupted iterations
peak_restaurant_view   [  92% ] 300/300 VUs  11m56.5s/13m0s  263.54 iters/s

running (11m58.0s), 300/300 VUs, 17278 complete and 0 interrupted iterations
peak_restaurant_view   [  92% ] 300/300 VUs  11m57.5s/13m0s  264.43 iters/s

running (11m59.0s), 300/300 VUs, 17306 complete and 0 interrupted iterations
peak_restaurant_view   [  92% ] 300/300 VUs  11m58.5s/13m0s  265.32 iters/s

running (12m00.0s), 300/300 VUs, 17330 complete and 0 interrupted iterations
peak_restaurant_view   [  92% ] 300/300 VUs  11m59.5s/13m0s  266.21 iters/s

running (12m01.0s), 300/300 VUs, 17356 complete and 0 interrupted iterations
peak_restaurant_view   [  92% ] 300/300 VUs  12m00.5s/13m0s  267.09 iters/s

running (12m02.0s), 300/300 VUs, 17383 complete and 0 interrupted iterations
peak_restaurant_view   [  92% ] 300/300 VUs  12m01.5s/13m0s  267.99 iters/s

running (12m03.0s), 299/300 VUs, 17407 complete and 0 interrupted iterations
peak_restaurant_view   [  93% ] 299/300 VUs  12m02.5s/13m0s  268.87 iters/s

running (12m04.0s), 300/300 VUs, 17433 complete and 0 interrupted iterations
peak_restaurant_view   [  93% ] 300/300 VUs  12m03.5s/13m0s  269.76 iters/s

running (12m05.0s), 300/300 VUs, 17457 complete and 0 interrupted iterations
peak_restaurant_view   [  93% ] 300/300 VUs  12m04.5s/13m0s  270.65 iters/s

running (12m06.0s), 300/300 VUs, 17485 complete and 0 interrupted iterations
peak_restaurant_view   [  93% ] 300/300 VUs  12m05.5s/13m0s  271.54 iters/s

running (12m07.0s), 300/300 VUs, 17509 complete and 0 interrupted iterations
peak_restaurant_view   [  93% ] 300/300 VUs  12m06.5s/13m0s  272.43 iters/s

running (12m08.0s), 300/300 VUs, 17527 complete and 0 interrupted iterations
peak_restaurant_view   [  93% ] 300/300 VUs  12m07.5s/13m0s  273.32 iters/s

running (12m09.0s), 300/300 VUs, 17552 complete and 0 interrupted iterations
peak_restaurant_view   [  93% ] 300/300 VUs  12m08.5s/13m0s  274.21 iters/s

running (12m10.0s), 300/300 VUs, 17577 complete and 0 interrupted iterations
peak_restaurant_view   [  94% ] 300/300 VUs  12m09.5s/13m0s  275.10 iters/s

running (12m11.0s), 300/300 VUs, 17602 complete and 0 interrupted iterations
peak_restaurant_view   [  94% ] 300/300 VUs  12m10.5s/13m0s  275.99 iters/s

running (12m12.0s), 300/300 VUs, 17627 complete and 0 interrupted iterations
peak_restaurant_view   [  94% ] 300/300 VUs  12m11.5s/13m0s  276.87 iters/s

running (12m13.0s), 300/300 VUs, 17653 complete and 0 interrupted iterations
peak_restaurant_view   [  94% ] 300/300 VUs  12m12.5s/13m0s  277.76 iters/s

running (12m14.0s), 300/300 VUs, 17678 complete and 0 interrupted iterations
peak_restaurant_view   [  94% ] 300/300 VUs  12m13.5s/13m0s  278.65 iters/s

running (12m15.0s), 300/300 VUs, 17705 complete and 0 interrupted iterations
peak_restaurant_view   [  94% ] 300/300 VUs  12m14.5s/13m0s  279.54 iters/s

running (12m16.0s), 300/300 VUs, 17730 complete and 0 interrupted iterations
peak_restaurant_view   [  94% ] 300/300 VUs  12m15.5s/13m0s  280.43 iters/s

running (12m17.0s), 300/300 VUs, 17755 complete and 0 interrupted iterations
peak_restaurant_view   [  94% ] 300/300 VUs  12m16.5s/13m0s  281.32 iters/s

running (12m18.0s), 300/300 VUs, 17781 complete and 0 interrupted iterations
peak_restaurant_view   [  95% ] 300/300 VUs  12m17.5s/13m0s  282.21 iters/s

running (12m19.0s), 300/300 VUs, 17806 complete and 0 interrupted iterations
peak_restaurant_view   [  95% ] 300/300 VUs  12m18.5s/13m0s  283.10 iters/s

running (12m20.0s), 300/300 VUs, 17833 complete and 0 interrupted iterations
peak_restaurant_view   [  95% ] 300/300 VUs  12m19.5s/13m0s  283.99 iters/s

running (12m21.0s), 300/300 VUs, 17858 complete and 0 interrupted iterations
peak_restaurant_view   [  95% ] 300/300 VUs  12m20.5s/13m0s  284.87 iters/s

running (12m22.0s), 300/300 VUs, 17881 complete and 0 interrupted iterations
peak_restaurant_view   [  95% ] 300/300 VUs  12m21.5s/13m0s  285.76 iters/s

running (12m23.0s), 300/300 VUs, 17906 complete and 0 interrupted iterations
peak_restaurant_view   [  95% ] 300/300 VUs  12m22.5s/13m0s  286.65 iters/s

running (12m24.0s), 300/300 VUs, 17930 complete and 0 interrupted iterations
peak_restaurant_view   [  95% ] 300/300 VUs  12m23.5s/13m0s  287.54 iters/s

running (12m25.0s), 300/300 VUs, 17957 complete and 0 interrupted iterations
peak_restaurant_view   [  95% ] 300/300 VUs  12m24.5s/13m0s  288.43 iters/s

running (12m26.0s), 300/300 VUs, 17980 complete and 0 interrupted iterations
peak_restaurant_view   [  96% ] 300/300 VUs  12m25.5s/13m0s  289.32 iters/s

running (12m27.0s), 300/300 VUs, 18005 complete and 0 interrupted iterations
peak_restaurant_view   [  96% ] 300/300 VUs  12m26.5s/13m0s  290.21 iters/s

running (12m28.0s), 300/300 VUs, 18029 complete and 0 interrupted iterations
peak_restaurant_view   [  96% ] 300/300 VUs  12m27.5s/13m0s  291.10 iters/s

running (12m29.0s), 300/300 VUs, 18050 complete and 0 interrupted iterations
peak_restaurant_view   [  96% ] 300/300 VUs  12m28.5s/13m0s  291.98 iters/s

running (12m30.0s), 300/300 VUs, 18071 complete and 0 interrupted iterations
peak_restaurant_view   [  96% ] 300/300 VUs  12m29.5s/13m0s  292.87 iters/s

running (12m31.0s), 300/300 VUs, 18097 complete and 0 interrupted iterations
peak_restaurant_view   [  96% ] 300/300 VUs  12m30.5s/13m0s  293.76 iters/s

running (12m32.0s), 300/300 VUs, 18126 complete and 0 interrupted iterations
peak_restaurant_view   [  96% ] 300/300 VUs  12m31.5s/13m0s  294.65 iters/s

running (12m33.0s), 300/300 VUs, 18153 complete and 0 interrupted iterations
peak_restaurant_view   [  96% ] 300/300 VUs  12m32.5s/13m0s  295.54 iters/s

running (12m34.0s), 300/300 VUs, 18180 complete and 0 interrupted iterations
peak_restaurant_view   [  97% ] 300/300 VUs  12m33.5s/13m0s  296.43 iters/s

running (12m35.0s), 300/300 VUs, 18209 complete and 0 interrupted iterations
peak_restaurant_view   [  97% ] 300/300 VUs  12m34.5s/13m0s  297.32 iters/s

running (12m36.0s), 300/300 VUs, 18233 complete and 0 interrupted iterations
peak_restaurant_view   [  97% ] 300/300 VUs  12m35.5s/13m0s  298.21 iters/s

running (12m37.0s), 300/300 VUs, 18261 complete and 0 interrupted iterations
peak_restaurant_view   [  97% ] 300/300 VUs  12m36.5s/13m0s  299.10 iters/s

running (12m38.0s), 299/300 VUs, 18282 complete and 0 interrupted iterations
peak_restaurant_view   [  97% ] 299/300 VUs  12m37.5s/13m0s  299.98 iters/s

running (12m39.0s), 300/300 VUs, 18307 complete and 0 interrupted iterations
peak_restaurant_view   [  97% ] 300/300 VUs  12m38.5s/13m0s  300.87 iters/s

running (12m40.0s), 300/300 VUs, 18334 complete and 0 interrupted iterations
peak_restaurant_view   [  97% ] 300/300 VUs  12m39.5s/13m0s  301.76 iters/s

running (12m41.0s), 300/300 VUs, 18364 complete and 0 interrupted iterations
peak_restaurant_view   [  97% ] 300/300 VUs  12m40.5s/13m0s  302.65 iters/s

running (12m42.0s), 300/300 VUs, 18390 complete and 0 interrupted iterations
peak_restaurant_view   [  98% ] 300/300 VUs  12m41.5s/13m0s  303.54 iters/s

running (12m43.0s), 300/300 VUs, 18421 complete and 0 interrupted iterations
peak_restaurant_view   [  98% ] 300/300 VUs  12m42.5s/13m0s  304.43 iters/s

running (12m44.0s), 299/300 VUs, 18445 complete and 0 interrupted iterations
peak_restaurant_view   [  98% ] 299/300 VUs  12m43.5s/13m0s  305.32 iters/s

running (12m45.0s), 300/300 VUs, 18474 complete and 0 interrupted iterations
peak_restaurant_view   [  98% ] 300/300 VUs  12m44.5s/13m0s  306.21 iters/s

running (12m46.0s), 300/300 VUs, 18501 complete and 0 interrupted iterations
peak_restaurant_view   [  98% ] 300/300 VUs  12m45.5s/13m0s  307.10 iters/s

running (12m47.0s), 300/300 VUs, 18529 complete and 0 interrupted iterations
peak_restaurant_view   [  98% ] 300/300 VUs  12m46.5s/13m0s  307.98 iters/s

running (12m48.0s), 300/300 VUs, 18558 complete and 0 interrupted iterations
peak_restaurant_view   [  98% ] 300/300 VUs  12m47.5s/13m0s  308.87 iters/s

running (12m49.0s), 300/300 VUs, 18586 complete and 0 interrupted iterations
peak_restaurant_view   [  99% ] 300/300 VUs  12m48.5s/13m0s  309.76 iters/s

running (12m50.0s), 300/300 VUs, 18615 complete and 0 interrupted iterations
peak_restaurant_view   [  99% ] 300/300 VUs  12m49.5s/13m0s  310.65 iters/s

running (12m51.0s), 300/300 VUs, 18635 complete and 0 interrupted iterations
peak_restaurant_view   [  99% ] 300/300 VUs  12m50.5s/13m0s  311.54 iters/s

running (12m52.0s), 300/300 VUs, 18655 complete and 0 interrupted iterations
peak_restaurant_view   [  99% ] 300/300 VUs  12m51.5s/13m0s  312.43 iters/s

running (12m53.0s), 300/300 VUs, 18665 complete and 0 interrupted iterations
peak_restaurant_view   [  99% ] 300/300 VUs  12m52.5s/13m0s  313.32 iters/s

running (12m54.0s), 300/300 VUs, 18690 complete and 0 interrupted iterations
peak_restaurant_view   [  99% ] 300/300 VUs  12m53.5s/13m0s  314.21 iters/s

running (12m55.0s), 300/300 VUs, 18719 complete and 0 interrupted iterations
peak_restaurant_view   [  99% ] 300/300 VUs  12m54.5s/13m0s  315.09 iters/s

running (12m56.0s), 300/300 VUs, 18748 complete and 0 interrupted iterations
peak_restaurant_view   [  99% ] 300/300 VUs  12m55.5s/13m0s  315.98 iters/s

running (12m57.0s), 300/300 VUs, 18775 complete and 0 interrupted iterations
peak_restaurant_view   [ 100% ] 300/300 VUs  12m56.5s/13m0s  316.87 iters/s

running (12m58.0s), 300/300 VUs, 18803 complete and 0 interrupted iterations
peak_restaurant_view   [ 100% ] 300/300 VUs  12m57.5s/13m0s  317.76 iters/s

running (12m59.0s), 300/300 VUs, 18833 complete and 0 interrupted iterations
peak_restaurant_view   [ 100% ] 300/300 VUs  12m58.5s/13m0s  318.65 iters/s

running (13m00.0s), 299/300 VUs, 18858 complete and 0 interrupted iterations
peak_restaurant_view   [ 100% ] 299/300 VUs  12m59.5s/13m0s  319.54 iters/s

running (13m01.0s), 287/300 VUs, 18886 complete and 0 interrupted iterations
peak_restaurant_view ↓ [ 100% ] 300/300 VUs  13m0s  320.00 iters/s

running (13m02.0s), 259/300 VUs, 18914 complete and 0 interrupted iterations
peak_restaurant_view ↓ [ 100% ] 300/300 VUs  13m0s  320.00 iters/s

running (13m03.0s), 236/300 VUs, 18937 complete and 0 interrupted iterations
peak_restaurant_view ↓ [ 100% ] 300/300 VUs  13m0s  320.00 iters/s

running (13m04.0s), 208/300 VUs, 18965 complete and 0 interrupted iterations
peak_restaurant_view ↓ [ 100% ] 300/300 VUs  13m0s  320.00 iters/s

running (13m05.0s), 181/300 VUs, 18992 complete and 0 interrupted iterations
peak_restaurant_view ↓ [ 100% ] 300/300 VUs  13m0s  320.00 iters/s

running (13m06.0s), 155/300 VUs, 19018 complete and 0 interrupted iterations
peak_restaurant_view ↓ [ 100% ] 300/300 VUs  13m0s  320.00 iters/s

running (13m07.0s), 128/300 VUs, 19045 complete and 0 interrupted iterations
peak_restaurant_view ↓ [ 100% ] 300/300 VUs  13m0s  320.00 iters/s

running (13m08.0s), 102/300 VUs, 19071 complete and 0 interrupted iterations
peak_restaurant_view ↓ [ 100% ] 300/300 VUs  13m0s  320.00 iters/s

running (13m09.0s), 074/300 VUs, 19099 complete and 0 interrupted iterations
peak_restaurant_view ↓ [ 100% ] 300/300 VUs  13m0s  320.00 iters/s

running (13m10.0s), 046/300 VUs, 19127 complete and 0 interrupted iterations
peak_restaurant_view ↓ [ 100% ] 300/300 VUs  13m0s  320.00 iters/s

running (13m11.0s), 016/300 VUs, 19157 complete and 0 interrupted iterations
peak_restaurant_view ↓ [ 100% ] 300/300 VUs  13m0s  320.00 iters/s


  █ TOTAL RESULTS 

    checks_total.......: 76692  96.904904/s
    checks_succeeded...: 99.97% 76676 out of 76692
    checks_failed......: 0.02%  16 out of 76692

    ✗ peak_restaurant_detail status is 200
      ↳  99% — ✓ 19169 / ✗ 4
    ✗ peak_restaurant_detail body.success is true
      ↳  99% — ✓ 19169 / ✗ 4
    ✗ peak_dining_sessions status is 200
      ↳  99% — ✓ 19169 / ✗ 4
    ✗ peak_dining_sessions body.success is true
      ↳  99% — ✓ 19169 / ✗ 4

    HTTP
    http_req_duration..............: avg=4.84s min=6.98ms   med=2.52s max=33.33s p(90)=10.66s p(95)=13.89s
      { expected_response:true }...: avg=4.84s min=6.98ms   med=2.52s max=33.33s p(90)=10.65s p(95)=13.88s
    http_req_failed................: 0.02%  8 out of 38351
    http_reqs......................: 38351  48.45877/s

    EXECUTION
    dropped_iterations.............: 63026  79.6371/s
    iteration_duration.............: avg=9.69s min=179.61ms med=8.33s max=52.68s p(90)=19.7s  p(95)=23.41s
    iterations.....................: 19173  24.226226/s
    vus............................: 16     min=4          max=300
    vus_max........................: 300    min=50         max=300

    NETWORK
    data_received..................: 365 MB 462 kB/s
    data_sent......................: 4.1 MB 5.1 kB/s




running (13m11.4s), 000/300 VUs, 19173 complete and 0 interrupted iterations
peak_restaurant_view ✓ [ 100% ] 000/300 VUs  13m0s  320.00 iters/s
